-- MySQL dump 10.13  Distrib 5.1.37, for pc-linux-gnu (i686)
--
-- Host: localhost    Database: resourceregistry
-- ------------------------------------------------------
-- Server version	5.1.37-log

/*!40101 SET @OLD_CHARACTER_SET_CLIENT=@@CHARACTER_SET_CLIENT */;
/*!40101 SET @OLD_CHARACTER_SET_RESULTS=@@CHARACTER_SET_RESULTS */;
/*!40101 SET @OLD_COLLATION_CONNECTION=@@COLLATION_CONNECTION */;
/*!40101 SET NAMES utf8 */;
/*!40103 SET @OLD_TIME_ZONE=@@TIME_ZONE */;
/*!40103 SET TIME_ZONE='+00:00' */;
/*!40014 SET @OLD_UNIQUE_CHECKS=@@UNIQUE_CHECKS, UNIQUE_CHECKS=0 */;
/*!40014 SET @OLD_FOREIGN_KEY_CHECKS=@@FOREIGN_KEY_CHECKS, FOREIGN_KEY_CHECKS=0 */;
/*!40101 SET @OLD_SQL_MODE=@@SQL_MODE, SQL_MODE='NO_AUTO_VALUE_ON_ZERO' */;
/*!40111 SET @OLD_SQL_NOTES=@@SQL_NOTES, SQL_NOTES=0 */;

--
-- Table structure for table `attributeRelease`
--

DROP TABLE IF EXISTS `attributeRelease`;
/*!40101 SET @saved_cs_client     = @@character_set_client */;
/*!40101 SET character_set_client = utf8 */;
CREATE TABLE `attributeRelease` (
  `homeOrgID` int(11) NOT NULL DEFAULT '0',
  `resourceID` int(11) NOT NULL DEFAULT '0',
  `releasedAttributes` text NOT NULL,
  PRIMARY KEY (`homeOrgID`,`resourceID`),
  KEY `homeOrgID` (`homeOrgID`)
) ENGINE=MyISAM DEFAULT CHARSET=utf8;
/*!40101 SET character_set_client = @saved_cs_client */;

--
-- Dumping data for table `attributeRelease`
--

LOCK TABLES `attributeRelease` WRITE;
/*!40000 ALTER TABLE `attributeRelease` DISABLE KEYS */;
INSERT INTO `attributeRelease` VALUES (134,672,'a:6:{i:1;i:1;i:2;i:1;i:8;i:1;i:12;i:1;i:13;i:1;i:17;i:1;}'),(134,670,'a:1:{i:1;i:1;}'),(134,668,'a:4:{i:1;i:1;i:12;i:1;i:13;i:1;i:17;i:1;}'),(134,675,'a:1:{i:2;i:1;}'),(137,674,'a:2:{i:2;i:1;i:47;i:1;}'),(137,681,'a:2:{i:1;i:1;i:2;i:1;}'),(143,689,'a:4:{i:2;i:1;i:47;i:1;i:16;i:1;i:50;i:1;}'),(137,675,'a:1:{i:2;i:1;}'),(132,683,'a:3:{i:2;i:1;i:12;i:1;i:13;i:1;}'),(132,674,'a:3:{i:2;i:1;i:8;i:1;i:47;i:1;}'),(132,675,'a:1:{i:2;i:1;}'),(125,773,'a:5:{i:2;i:1;i:55;i:1;i:61;i:1;i:12;i:1;i:13;i:1;}'),(137,672,'a:5:{i:1;i:1;i:2;i:1;i:8;i:1;i:12;i:1;i:13;i:1;}'),(137,668,'a:3:{i:1;i:1;i:12;i:1;i:13;i:1;}'),(137,670,'a:4:{i:1;i:1;i:2;i:1;i:12;i:1;i:13;i:1;}'),(125,728,'a:1:{i:1;i:1;}'),(125,725,'a:3:{i:2;i:1;i:50;i:1;i:16;i:1;}'),(245,670,'a:14:{i:1;i:1;i:2;i:1;i:8;i:1;i:11;i:1;i:17;i:1;i:47;i:1;i:49;i:1;i:50;i:1;i:52;i:1;i:55;i:1;i:61;i:1;i:62;i:1;i:53;i:1;i:56;i:1;}'),(132,681,'a:2:{i:1;i:1;i:2;i:1;}'),(132,668,'a:4:{i:1;i:1;i:12;i:1;i:13;i:1;i:17;i:1;}'),(132,670,'a:4:{i:1;i:1;i:2;i:1;i:12;i:1;i:13;i:1;}'),(132,672,'a:6:{i:1;i:1;i:2;i:1;i:8;i:1;i:12;i:1;i:13;i:1;i:17;i:1;}'),(143,683,'a:3:{i:2;i:1;i:12;i:1;i:13;i:1;}'),(143,674,'a:3:{i:2;i:1;i:8;i:1;i:47;i:1;}'),(143,687,'a:27:{i:1;i:1;i:2;i:1;i:8;i:1;i:11;i:1;i:17;i:1;i:47;i:1;i:49;i:1;i:55;i:1;i:61;i:1;i:62;i:1;i:4;i:1;i:6;i:1;i:7;i:1;i:12;i:1;i:13;i:1;i:16;i:1;i:18;i:1;i:50;i:1;i:51;i:1;i:52;i:1;i:53;i:1;i:54;i:1;i:60;i:1;i:56;i:1;i:57;i:1;i:58;i:1;i:59;i:1;}'),(143,681,'a:2:{i:1;i:1;i:2;i:1;}'),(143,675,'a:1:{i:2;i:1;}'),(143,672,'a:6:{i:1;i:1;i:2;i:1;i:8;i:1;i:17;i:1;i:12;i:1;i:13;i:1;}'),(143,670,'a:4:{i:1;i:1;i:2;i:1;i:12;i:1;i:13;i:1;}'),(143,668,'a:6:{i:1;i:1;i:17;i:1;i:61;i:1;i:62;i:1;i:12;i:1;i:13;i:1;}'),(125,746,'a:4:{i:2;i:1;i:50;i:1;i:55;i:1;i:61;i:1;}'),(125,758,'a:1:{i:2;i:1;}'),(125,767,'a:6:{i:1;i:1;i:2;i:1;i:47;i:1;i:55;i:1;i:12;i:1;i:13;i:1;}'),(144,809,'a:4:{i:2;i:1;i:47;i:1;i:50;i:1;i:61;i:1;}'),(144,818,'a:4:{i:2;i:1;i:55;i:1;i:12;i:1;i:13;i:1;}'),(144,773,'a:5:{i:2;i:1;i:55;i:1;i:61;i:1;i:12;i:1;i:13;i:1;}'),(125,743,'a:7:{i:1;i:1;i:2;i:1;i:8;i:1;i:47;i:1;i:50;i:1;i:52;i:1;i:61;i:1;}'),(197,668,'a:6:{i:1;i:1;i:17;i:1;i:61;i:1;i:62;i:1;i:12;i:1;i:13;i:1;}'),(197,687,'a:29:{i:1;i:1;i:2;i:1;i:8;i:1;i:11;i:1;i:17;i:1;i:47;i:1;i:49;i:1;i:50;i:1;i:52;i:1;i:55;i:1;i:61;i:1;i:62;i:1;i:4;i:1;i:6;i:1;i:7;i:1;i:12;i:1;i:13;i:1;i:16;i:1;i:18;i:1;i:51;i:1;i:53;i:1;i:54;i:1;i:60;i:1;i:56;i:1;i:57;i:1;i:58;i:1;i:3;i:1;i:5;i:1;i:14;i:1;}'),(144,806,'a:6:{i:1;i:1;i:2;i:1;i:47;i:1;i:50;i:1;i:61;i:1;i:62;i:1;}'),(254,809,'a:4:{i:2;i:1;i:47;i:1;i:50;i:1;i:61;i:1;}'),(215,773,'a:5:{i:2;i:1;i:55;i:1;i:61;i:1;i:12;i:1;i:13;i:1;}'),(215,770,'a:4:{i:2;i:1;i:47;i:1;i:52;i:1;i:55;i:1;}'),(125,770,'a:6:{i:2;i:1;i:8;i:1;i:49;i:1;i:12;i:1;i:13;i:1;i:16;i:1;}'),(125,755,'a:11:{i:1;i:1;i:2;i:1;i:8;i:1;i:17;i:1;i:47;i:1;i:49;i:1;i:50;i:1;i:52;i:1;i:55;i:1;i:61;i:1;i:62;i:1;}'),(144,800,'a:28:{i:1;i:1;i:2;i:1;i:8;i:1;i:11;i:1;i:17;i:1;i:47;i:1;i:49;i:1;i:50;i:1;i:52;i:1;i:55;i:1;i:61;i:1;i:62;i:1;i:4;i:1;i:6;i:1;i:7;i:1;i:12;i:1;i:13;i:1;i:16;i:1;i:18;i:1;i:48;i:1;i:51;i:1;i:53;i:1;i:54;i:1;i:60;i:1;i:56;i:1;i:57;i:1;i:58;i:1;i:59;i:1;}'),(155,716,'a:3:{i:2;i:1;i:55;i:1;i:50;i:1;}'),(155,701,'a:4:{i:1;i:1;i:2;i:1;i:8;i:1;i:47;i:1;}'),(155,713,'a:6:{i:2;i:1;i:8;i:1;i:55;i:1;i:12;i:1;i:13;i:1;i:50;i:1;}'),(155,697,'a:5:{i:2;i:1;i:8;i:1;i:47;i:1;i:49;i:1;i:61;i:1;}'),(155,695,'a:2:{i:2;i:1;i:61;i:1;}'),(155,689,'a:6:{i:2;i:1;i:47;i:1;i:12;i:1;i:13;i:1;i:16;i:1;i:50;i:1;}'),(155,693,'a:2:{i:8;i:1;i:47;i:1;}'),(155,683,'a:3:{i:2;i:1;i:12;i:1;i:13;i:1;}'),(155,674,'a:3:{i:2;i:1;i:8;i:1;i:47;i:1;}'),(155,681,'a:2:{i:1;i:1;i:2;i:1;}'),(245,668,'a:5:{i:1;i:1;i:2;i:1;i:17;i:1;i:61;i:1;i:62;i:1;}'),(155,675,'a:1:{i:2;i:1;}'),(155,672,'a:5:{i:1;i:1;i:2;i:1;i:8;i:1;i:12;i:1;i:13;i:1;}'),(155,668,'a:5:{i:1;i:1;i:61;i:1;i:62;i:1;i:12;i:1;i:13;i:1;}'),(155,670,'a:4:{i:1;i:1;i:2;i:1;i:12;i:1;i:13;i:1;}'),(197,731,'a:34:{i:1;i:1;i:2;i:1;i:8;i:1;i:11;i:1;i:17;i:1;i:47;i:1;i:49;i:1;i:50;i:1;i:52;i:1;i:55;i:1;i:61;i:1;i:62;i:1;i:4;i:1;i:6;i:1;i:7;i:1;i:12;i:1;i:13;i:1;i:16;i:1;i:18;i:1;i:51;i:1;i:53;i:1;i:54;i:1;i:60;i:1;i:56;i:1;i:57;i:1;i:58;i:1;i:59;i:1;i:65;i:1;i:3;i:1;i:5;i:1;i:9;i:1;i:10;i:1;i:14;i:1;i:15;i:1;}'),(197,728,'a:1:{i:1;i:1;}'),(197,725,'a:3:{i:2;i:1;i:50;i:1;i:16;i:1;}'),(125,749,'a:7:{i:2;i:1;i:8;i:1;i:49;i:1;i:52;i:1;i:12;i:1;i:13;i:1;i:16;i:1;}'),(125,761,'a:2:{i:1;i:1;i:2;i:1;}'),(125,687,'a:14:{i:1;i:1;i:2;i:1;i:8;i:1;i:17;i:1;i:47;i:1;i:49;i:1;i:50;i:1;i:52;i:1;i:55;i:1;i:61;i:1;i:62;i:1;i:12;i:1;i:13;i:1;i:16;i:1;}'),(215,767,'a:6:{i:1;i:1;i:2;i:1;i:47;i:1;i:55;i:1;i:12;i:1;i:13;i:1;}'),(125,731,'a:15:{i:1;i:1;i:2;i:1;i:8;i:1;i:11;i:1;i:17;i:1;i:47;i:1;i:49;i:1;i:50;i:1;i:52;i:1;i:55;i:1;i:61;i:1;i:62;i:1;i:12;i:1;i:13;i:1;i:16;i:1;}'),(254,806,'a:5:{i:2;i:1;i:47;i:1;i:50;i:1;i:61;i:1;i:62;i:1;}'),(254,803,'a:5:{i:2;i:1;i:47;i:1;i:50;i:1;i:61;i:1;i:62;i:1;}'),(254,797,'a:6:{i:1;i:1;i:2;i:1;i:61;i:1;i:62;i:1;i:12;i:1;i:13;i:1;}'),(254,800,'a:14:{i:1;i:1;i:2;i:1;i:8;i:1;i:11;i:1;i:17;i:1;i:47;i:1;i:49;i:1;i:50;i:1;i:52;i:1;i:55;i:1;i:61;i:1;i:62;i:1;i:12;i:1;i:13;i:1;}'),(144,803,'a:5:{i:2;i:1;i:47;i:1;i:50;i:1;i:61;i:1;i:62;i:1;}'),(144,785,'a:12:{i:1;i:1;i:2;i:1;i:8;i:1;i:11;i:1;i:17;i:1;i:47;i:1;i:49;i:1;i:50;i:1;i:52;i:1;i:55;i:1;i:61;i:1;i:62;i:1;}'),(144,794,'a:6:{i:2;i:1;i:11;i:1;i:47;i:1;i:50;i:1;i:55;i:1;i:13;i:1;}'),(144,797,'a:6:{i:1;i:1;i:2;i:1;i:61;i:1;i:62;i:1;i:12;i:1;i:13;i:1;}'),(125,670,'a:15:{i:1;i:1;i:2;i:1;i:8;i:1;i:11;i:1;i:17;i:1;i:47;i:1;i:49;i:1;i:50;i:1;i:52;i:1;i:55;i:1;i:61;i:1;i:62;i:1;i:12;i:1;i:13;i:1;i:16;i:1;}'),(125,668,'a:7:{i:1;i:1;i:2;i:1;i:17;i:1;i:61;i:1;i:62;i:1;i:12;i:1;i:13;i:1;}'),(125,776,'a:3:{i:2;i:1;i:50;i:1;i:16;i:1;}'),(162,764,'a:1:{i:61;i:1;}'),(215,749,'a:8:{i:2;i:1;i:8;i:1;i:49;i:1;i:52;i:1;i:12;i:1;i:13;i:1;i:16;i:1;i:58;i:1;}'),(215,668,'a:6:{i:1;i:1;i:17;i:1;i:61;i:1;i:62;i:1;i:12;i:1;i:13;i:1;}'),(215,670,'a:16:{i:1;i:1;i:2;i:1;i:8;i:1;i:11;i:1;i:17;i:1;i:47;i:1;i:49;i:1;i:50;i:1;i:52;i:1;i:55;i:1;i:61;i:1;i:62;i:1;i:12;i:1;i:13;i:1;i:16;i:1;i:58;i:1;}'),(144,776,'a:3:{i:2;i:1;i:50;i:1;i:16;i:1;}'),(245,761,'a:1:{i:1;i:1;}'),(245,687,'a:13:{i:1;i:1;i:2;i:1;i:8;i:1;i:17;i:1;i:47;i:1;i:49;i:1;i:50;i:1;i:52;i:1;i:55;i:1;i:61;i:1;i:62;i:1;i:53;i:1;i:56;i:1;}'),(245,728,'a:1:{i:1;i:1;}'),(245,725,'a:2:{i:2;i:1;i:50;i:1;}'),(245,731,'a:12:{i:1;i:1;i:2;i:1;i:8;i:1;i:11;i:1;i:17;i:1;i:47;i:1;i:49;i:1;i:50;i:1;i:52;i:1;i:55;i:1;i:61;i:1;i:62;i:1;}'),(245,743,'a:7:{i:1;i:1;i:2;i:1;i:8;i:1;i:47;i:1;i:50;i:1;i:52;i:1;i:61;i:1;}'),(245,749,'a:2:{i:2;i:1;i:52;i:1;}'),(245,791,'a:1:{i:2;i:1;}'),(245,758,'a:1:{i:2;i:1;}'),(245,767,'a:4:{i:1;i:1;i:2;i:1;i:47;i:1;i:55;i:1;}'),(245,770,'a:4:{i:2;i:1;i:47;i:1;i:52;i:1;i:55;i:1;}'),(245,746,'a:4:{i:2;i:1;i:50;i:1;i:55;i:1;i:61;i:1;}'),(245,773,'a:3:{i:2;i:1;i:55;i:1;i:61;i:1;}'),(245,776,'a:2:{i:2;i:1;i:50;i:1;}'),(245,779,'a:2:{i:47;i:1;i:50;i:1;}'),(245,788,'a:6:{i:1;i:1;i:2;i:1;i:47;i:1;i:49;i:1;i:61;i:1;i:62;i:1;}'),(144,779,'a:4:{i:47;i:1;i:50;i:1;i:12;i:1;i:13;i:1;}'),(144,770,'a:5:{i:2;i:1;i:47;i:1;i:52;i:1;i:55;i:1;i:6;i:1;}'),(144,758,'a:1:{i:2;i:1;}'),(144,767,'a:6:{i:1;i:1;i:2;i:1;i:47;i:1;i:55;i:1;i:12;i:1;i:13;i:1;}'),(254,794,'a:6:{i:2;i:1;i:11;i:1;i:47;i:1;i:50;i:1;i:55;i:1;i:13;i:1;}'),(254,779,'a:4:{i:47;i:1;i:50;i:1;i:12;i:1;i:13;i:1;}'),(144,791,'a:1:{i:2;i:1;}'),(254,776,'a:2:{i:2;i:1;i:50;i:1;}'),(144,755,'a:12:{i:1;i:1;i:2;i:1;i:8;i:1;i:11;i:1;i:17;i:1;i:47;i:1;i:49;i:1;i:50;i:1;i:52;i:1;i:55;i:1;i:61;i:1;i:62;i:1;}'),(254,773,'a:5:{i:2;i:1;i:55;i:1;i:61;i:1;i:12;i:1;i:13;i:1;}'),(254,770,'a:4:{i:2;i:1;i:47;i:1;i:52;i:1;i:55;i:1;}'),(254,746,'a:4:{i:2;i:1;i:50;i:1;i:55;i:1;i:61;i:1;}'),(254,767,'a:6:{i:1;i:1;i:2;i:1;i:47;i:1;i:55;i:1;i:12;i:1;i:13;i:1;}'),(144,761,'a:2:{i:1;i:1;i:2;i:1;}'),(144,687,'a:26:{i:1;i:1;i:2;i:1;i:8;i:1;i:11;i:1;i:17;i:1;i:47;i:1;i:49;i:1;i:50;i:1;i:52;i:1;i:55;i:1;i:61;i:1;i:62;i:1;i:4;i:1;i:6;i:1;i:7;i:1;i:12;i:1;i:13;i:1;i:16;i:1;i:18;i:1;i:51;i:1;i:53;i:1;i:54;i:1;i:60;i:1;i:56;i:1;i:57;i:1;i:58;i:1;}'),(254,758,'a:1:{i:2;i:1;}'),(254,791,'a:1:{i:2;i:1;}'),(144,743,'a:7:{i:1;i:1;i:2;i:1;i:8;i:1;i:47;i:1;i:50;i:1;i:52;i:1;i:61;i:1;}'),(144,749,'a:10:{i:2;i:1;i:8;i:1;i:49;i:1;i:52;i:1;i:6;i:1;i:12;i:1;i:13;i:1;i:16;i:1;i:56;i:1;i:58;i:1;}'),(254,749,'a:4:{i:2;i:1;i:52;i:1;i:12;i:1;i:13;i:1;}'),(254,743,'a:7:{i:1;i:1;i:2;i:1;i:8;i:1;i:47;i:1;i:50;i:1;i:52;i:1;i:61;i:1;}'),(144,685,'a:4:{i:1;i:1;i:2;i:1;i:12;i:1;i:13;i:1;}'),(144,668,'a:7:{i:1;i:1;i:2;i:1;i:17;i:1;i:61;i:1;i:62;i:1;i:12;i:1;i:13;i:1;}'),(254,685,'a:4:{i:1;i:1;i:2;i:1;i:12;i:1;i:13;i:1;}'),(254,761,'a:1:{i:1;i:1;}'),(254,687,'a:13:{i:1;i:1;i:2;i:1;i:8;i:1;i:17;i:1;i:47;i:1;i:49;i:1;i:50;i:1;i:52;i:1;i:55;i:1;i:61;i:1;i:62;i:1;i:12;i:1;i:13;i:1;}'),(254,668,'a:7:{i:1;i:1;i:2;i:1;i:17;i:1;i:61;i:1;i:62;i:1;i:12;i:1;i:13;i:1;}'),(254,670,'a:14:{i:1;i:1;i:2;i:1;i:8;i:1;i:11;i:1;i:17;i:1;i:47;i:1;i:49;i:1;i:50;i:1;i:52;i:1;i:55;i:1;i:61;i:1;i:62;i:1;i:12;i:1;i:13;i:1;}'),(144,670,'a:28:{i:1;i:1;i:2;i:1;i:8;i:1;i:11;i:1;i:17;i:1;i:47;i:1;i:49;i:1;i:50;i:1;i:52;i:1;i:55;i:1;i:61;i:1;i:62;i:1;i:4;i:1;i:6;i:1;i:7;i:1;i:12;i:1;i:13;i:1;i:16;i:1;i:18;i:1;i:48;i:1;i:51;i:1;i:53;i:1;i:54;i:1;i:60;i:1;i:56;i:1;i:57;i:1;i:58;i:1;i:59;i:1;}');
/*!40000 ALTER TABLE `attributeRelease` ENABLE KEYS */;
UNLOCK TABLES;

--
-- Table structure for table `attributeReleasePolicy`
--

DROP TABLE IF EXISTS `attributeReleasePolicy`;
/*!40101 SET @saved_cs_client     = @@character_set_client */;
/*!40101 SET character_set_client = utf8 */;
CREATE TABLE `attributeReleasePolicy` (
  `homeOrgID` int(6) NOT NULL DEFAULT '0',
  `attributeID` int(6) NOT NULL DEFAULT '0',
  `necessity` enum('required','desired') NOT NULL DEFAULT 'required',
  `policy` enum('permit','notrelease','deny') NOT NULL DEFAULT 'permit',
  PRIMARY KEY (`homeOrgID`,`attributeID`,`necessity`)
) ENGINE=MyISAM DEFAULT CHARSET=utf8;
/*!40101 SET character_set_client = @saved_cs_client */;

--
-- Dumping data for table `attributeReleasePolicy`
--

LOCK TABLES `attributeReleasePolicy` WRITE;
/*!40000 ALTER TABLE `attributeReleasePolicy` DISABLE KEYS */;
INSERT INTO `attributeReleasePolicy` VALUES (139,47,'required','permit'),(139,47,'desired','permit'),(139,17,'required','permit'),(139,17,'desired','notrelease'),(139,11,'required','permit'),(139,11,'desired','notrelease'),(139,8,'required','permit'),(139,8,'desired','permit'),(139,55,'required','permit'),(139,55,'desired','notrelease'),(139,2,'required','permit'),(139,2,'desired','permit'),(139,49,'required','permit'),(139,49,'desired','notrelease'),(139,62,'required','permit'),(139,62,'desired','notrelease'),(139,50,'required','notrelease'),(139,50,'desired','notrelease'),(139,61,'required','permit'),(139,61,'desired','notrelease'),(137,50,'required','permit'),(137,50,'desired','notrelease'),(137,1,'required','permit'),(137,1,'desired','notrelease'),(137,12,'required','permit'),(137,12,'desired','notrelease'),(137,13,'required','permit'),(137,13,'desired','notrelease'),(137,2,'required','permit'),(137,2,'desired','notrelease'),(137,47,'required','permit'),(137,47,'desired','notrelease'),(137,8,'required','permit'),(137,8,'desired','notrelease'),(159,49,'required','permit'),(159,49,'desired','permit'),(159,52,'required','permit'),(159,52,'desired','permit'),(159,61,'required','permit'),(159,61,'desired','permit'),(159,8,'required','permit'),(159,8,'desired','permit'),(155,12,'required','permit'),(155,12,'desired','permit'),(155,16,'required','permit'),(155,16,'desired','permit'),(155,58,'required','permit'),(155,58,'desired','permit'),(155,13,'required','permit'),(155,13,'desired','permit'),(155,50,'required','permit'),(155,50,'desired','permit'),(155,1,'required','permit'),(155,1,'desired','permit'),(155,55,'required','permit'),(155,55,'desired','permit'),(155,62,'required','permit'),(155,62,'desired','permit'),(155,61,'required','permit'),(155,61,'desired','permit'),(155,2,'required','permit'),(155,2,'desired','permit'),(159,62,'desired','permit'),(159,62,'required','permit'),(140,47,'desired','notrelease'),(140,47,'required','permit'),(140,1,'desired','notrelease'),(140,1,'required','permit'),(140,2,'desired','notrelease'),(140,2,'required','permit'),(140,8,'desired','notrelease'),(140,8,'required','permit'),(140,13,'desired','notrelease'),(140,13,'required','permit'),(140,12,'desired','notrelease'),(140,12,'required','permit'),(155,49,'required','permit'),(155,49,'desired','permit'),(155,47,'required','permit'),(155,47,'desired','permit'),(155,8,'required','permit'),(155,8,'desired','permit'),(125,16,'required','permit'),(125,16,'desired','permit'),(125,50,'required','permit'),(125,50,'desired','permit'),(125,47,'required','permit'),(125,47,'desired','permit'),(125,49,'required','permit'),(125,49,'desired','permit'),(125,12,'required','permit'),(125,12,'desired','permit'),(125,11,'required','permit'),(125,11,'desired','notrelease'),(125,13,'required','permit'),(125,13,'desired','permit'),(125,52,'required','permit'),(125,52,'desired','permit'),(144,48,'required','permit'),(144,48,'desired','permit'),(144,54,'required','permit'),(144,54,'desired','permit'),(144,60,'required','permit'),(144,60,'desired','permit'),(144,12,'required','permit'),(144,12,'desired','permit'),(144,16,'required','permit'),(144,16,'desired','permit'),(144,58,'required','permit'),(144,58,'desired','permit'),(144,18,'required','permit'),(144,18,'desired','permit'),(144,59,'required','permit'),(144,59,'desired','permit'),(144,53,'required','permit'),(144,53,'desired','permit'),(144,7,'required','permit'),(144,7,'desired','permit'),(144,57,'required','permit'),(144,57,'desired','permit'),(144,13,'required','permit'),(144,13,'desired','permit'),(144,51,'required','permit'),(144,51,'desired','permit'),(144,4,'required','permit'),(144,4,'desired','permit'),(144,6,'required','permit'),(144,6,'desired','permit'),(144,56,'required','permit'),(144,56,'desired','permit'),(144,52,'required','permit'),(144,52,'desired','permit'),(144,1,'required','permit'),(144,1,'desired','permit'),(144,55,'required','permit'),(144,55,'desired','permit'),(144,62,'required','permit'),(144,62,'desired','permit'),(144,61,'required','permit'),(144,61,'desired','permit'),(144,11,'required','permit'),(144,11,'desired','permit'),(144,2,'required','permit'),(144,2,'desired','permit'),(144,49,'required','permit'),(144,49,'desired','permit'),(144,47,'required','permit'),(144,47,'desired','permit'),(144,50,'required','permit'),(144,50,'desired','permit'),(144,17,'required','permit'),(144,17,'desired','permit'),(144,8,'required','permit'),(144,8,'desired','permit'),(173,58,'desired','notrelease'),(173,58,'required','permit'),(173,61,'desired','notrelease'),(173,61,'required','permit'),(173,11,'desired','notrelease'),(173,11,'required','permit'),(173,2,'desired','notrelease'),(173,2,'required','permit'),(173,16,'desired','notrelease'),(173,16,'required','permit'),(173,13,'desired','notrelease'),(173,13,'required','permit'),(173,17,'desired','notrelease'),(173,17,'required','permit'),(173,8,'desired','notrelease'),(173,8,'required','permit'),(173,47,'desired','notrelease'),(173,47,'required','permit'),(173,12,'desired','notrelease'),(173,12,'required','permit'),(173,49,'desired','notrelease'),(173,49,'required','permit'),(173,55,'desired','notrelease'),(173,55,'required','permit'),(173,50,'desired','notrelease'),(173,50,'required','permit'),(173,62,'desired','notrelease'),(173,62,'required','permit'),(173,1,'desired','notrelease'),(173,1,'required','permit'),(125,55,'desired','permit'),(125,55,'required','permit'),(125,17,'desired','permit'),(125,17,'required','permit'),(125,2,'desired','permit'),(125,2,'required','permit'),(125,61,'desired','permit'),(125,61,'required','permit'),(125,8,'desired','permit'),(125,8,'required','permit'),(125,62,'desired','permit'),(125,62,'required','permit'),(162,61,'desired','permit'),(162,61,'required','permit'),(162,1,'desired','permit'),(162,1,'required','permit'),(162,2,'desired','permit'),(162,2,'required','permit'),(162,62,'desired','permit'),(162,62,'required','permit'),(162,16,'desired','permit'),(162,16,'required','permit'),(162,13,'desired','permit'),(162,13,'required','permit'),(162,8,'desired','permit'),(162,8,'required','permit'),(162,17,'desired','permit'),(162,17,'required','permit'),(162,12,'desired','permit'),(162,12,'required','permit'),(162,52,'desired','permit'),(162,52,'required','permit'),(162,4,'desired','permit'),(162,4,'required','permit'),(162,56,'desired','permit'),(162,56,'required','permit'),(162,55,'desired','permit'),(162,55,'required','permit'),(162,49,'desired','permit'),(162,49,'required','permit'),(162,50,'desired','permit'),(162,50,'required','permit'),(162,47,'desired','permit'),(162,47,'required','permit'),(162,11,'desired','permit'),(162,11,'required','permit'),(162,53,'desired','permit'),(162,53,'required','permit'),(188,58,'desired','notrelease'),(188,58,'required','permit'),(188,62,'desired','notrelease'),(188,62,'required','permit'),(188,2,'desired','notrelease'),(188,2,'required','permit'),(188,61,'desired','notrelease'),(188,61,'required','permit'),(188,11,'desired','notrelease'),(188,11,'required','permit'),(188,16,'desired','notrelease'),(188,16,'required','permit'),(188,13,'desired','notrelease'),(188,13,'required','permit'),(188,17,'desired','notrelease'),(188,17,'required','permit'),(188,8,'desired','notrelease'),(188,8,'required','permit'),(188,47,'desired','notrelease'),(188,47,'required','permit'),(188,12,'desired','notrelease'),(188,12,'required','permit'),(188,49,'desired','notrelease'),(188,49,'required','permit'),(188,1,'desired','notrelease'),(188,1,'required','permit'),(188,50,'desired','notrelease'),(188,50,'required','permit'),(188,55,'desired','notrelease'),(188,55,'required','permit'),(188,52,'desired','notrelease'),(188,52,'required','permit'),(245,8,'desired','notrelease'),(245,8,'required','permit'),(159,47,'desired','permit'),(159,47,'required','permit'),(159,1,'desired','permit'),(159,1,'required','permit'),(159,17,'desired','permit'),(159,17,'required','permit'),(159,50,'desired','permit'),(159,50,'required','permit'),(159,2,'desired','permit'),(159,2,'required','permit'),(159,11,'desired','permit'),(159,11,'required','permit'),(159,55,'desired','permit'),(159,55,'required','permit'),(125,1,'desired','permit'),(125,1,'required','permit'),(139,1,'desired','permit'),(139,1,'required','permit'),(139,52,'desired','notrelease'),(139,52,'required','permit'),(139,13,'desired','permit'),(139,13,'required','permit'),(139,16,'desired','notrelease'),(139,16,'required','notrelease'),(139,12,'desired','permit'),(139,12,'required','permit'),(215,50,'desired','notrelease'),(215,50,'required','notrelease'),(215,8,'desired','notrelease'),(215,8,'required','notrelease'),(215,16,'desired','notrelease'),(215,16,'required','notrelease'),(215,17,'desired','notrelease'),(215,17,'required','notrelease'),(215,13,'desired','notrelease'),(215,13,'required','notrelease'),(215,55,'desired','notrelease'),(215,55,'required','notrelease'),(215,1,'desired','notrelease'),(215,1,'required','notrelease'),(215,62,'desired','notrelease'),(215,62,'required','notrelease'),(215,58,'desired','notrelease'),(215,58,'required','notrelease'),(215,61,'desired','notrelease'),(215,61,'required','notrelease'),(215,52,'desired','notrelease'),(215,52,'required','notrelease'),(215,11,'desired','notrelease'),(215,11,'required','notrelease'),(215,12,'desired','notrelease'),(215,12,'required','notrelease'),(215,2,'desired','notrelease'),(215,2,'required','notrelease'),(215,47,'desired','notrelease'),(215,47,'required','notrelease'),(215,49,'desired','notrelease'),(215,49,'required','notrelease'),(245,17,'desired','notrelease'),(245,17,'required','permit'),(245,50,'desired','notrelease'),(245,50,'required','permit'),(245,47,'desired','notrelease'),(245,47,'required','permit'),(245,49,'desired','notrelease'),(245,49,'required','permit'),(245,2,'desired','notrelease'),(245,2,'required','permit'),(245,11,'desired','notrelease'),(245,11,'required','permit'),(245,61,'desired','notrelease'),(245,61,'required','permit'),(245,62,'desired','notrelease'),(245,62,'required','permit'),(245,55,'desired','notrelease'),(245,55,'required','permit'),(245,1,'desired','notrelease'),(245,1,'required','permit'),(245,52,'desired','notrelease'),(245,52,'required','permit'),(245,56,'desired','notrelease'),(245,56,'required','permit'),(245,65,'desired','notrelease'),(245,65,'required','permit'),(245,53,'desired','notrelease'),(245,53,'required','permit');
/*!40000 ALTER TABLE `attributeReleasePolicy` ENABLE KEYS */;
UNLOCK TABLES;

--
-- Table structure for table `attributeSpecificReleasePolicy`
--

DROP TABLE IF EXISTS `attributeSpecificReleasePolicy`;
/*!40101 SET @saved_cs_client     = @@character_set_client */;
/*!40101 SET character_set_client = utf8 */;
CREATE TABLE `attributeSpecificReleasePolicy` (
  `homeOrgID` int(11) NOT NULL DEFAULT '0',
  `resourceID` int(11) NOT NULL DEFAULT '0',
  `attributeID` int(11) DEFAULT '0',
  `policy` enum('permit','deny','ignore') DEFAULT 'deny',
  KEY `homeOrgID` (`homeOrgID`,`resourceID`)
) ENGINE=MyISAM DEFAULT CHARSET=utf8;
/*!40101 SET character_set_client = @saved_cs_client */;

--
-- Dumping data for table `attributeSpecificReleasePolicy`
--

LOCK TABLES `attributeSpecificReleasePolicy` WRITE;
/*!40000 ALTER TABLE `attributeSpecificReleasePolicy` DISABLE KEYS */;
INSERT INTO `attributeSpecificReleasePolicy` VALUES (132,677,1,'permit'),(132,677,2,'permit'),(140,683,2,'permit'),(140,683,13,'permit'),(140,683,12,'permit'),(151,685,NULL,'ignore'),(151,689,2,'deny'),(151,689,47,'permit'),(144,697,11,'permit'),(144,697,2,'deny'),(144,697,49,'permit'),(144,697,47,'permit'),(144,697,17,'deny'),(144,697,8,'permit'),(128,679,2,'permit'),(215,668,17,'permit'),(215,668,61,'permit'),(215,668,62,'permit'),(215,668,1,'permit'),(215,668,13,'permit'),(215,668,12,'permit'),(215,749,58,'permit'),(215,749,49,'permit'),(215,749,8,'permit'),(215,749,12,'permit'),(140,668,1,'permit'),(140,668,13,'permit'),(140,668,12,'permit'),(140,670,8,'permit'),(140,670,47,'permit'),(140,670,2,'permit'),(140,670,1,'permit'),(140,670,13,'permit'),(140,670,12,'permit'),(140,689,47,'permit'),(140,689,2,'permit'),(140,689,13,'permit'),(140,689,12,'permit'),(140,728,1,'permit'),(140,755,8,'permit'),(140,755,47,'permit'),(140,755,2,'permit'),(140,755,1,'permit'),(215,749,16,'permit'),(215,749,13,'permit'),(215,749,52,'permit'),(215,767,12,'permit'),(215,767,13,'permit'),(215,767,1,'permit'),(215,767,55,'permit'),(215,767,2,'permit'),(215,767,47,'permit'),(215,770,52,'permit'),(215,770,55,'permit'),(215,770,2,'permit'),(215,749,2,'permit'),(215,770,47,'permit'),(215,670,8,'permit'),(215,670,17,'permit'),(215,670,50,'permit'),(215,670,47,'permit'),(215,670,49,'permit'),(215,670,2,'permit'),(215,670,11,'permit'),(215,670,61,'permit'),(215,670,62,'permit'),(215,670,55,'permit'),(215,670,1,'permit'),(215,670,52,'permit'),(215,670,13,'permit'),(215,670,58,'permit'),(215,670,16,'permit'),(215,670,12,'permit'),(215,773,2,'permit'),(215,773,61,'permit'),(215,773,55,'permit'),(215,773,13,'permit'),(215,773,12,'permit');
/*!40000 ALTER TABLE `attributeSpecificReleasePolicy` ENABLE KEYS */;
UNLOCK TABLES;

--
-- Table structure for table `attributeUse`
--

DROP TABLE IF EXISTS `attributeUse`;
/*!40101 SET @saved_cs_client     = @@character_set_client */;
/*!40101 SET character_set_client = utf8 */;
CREATE TABLE `attributeUse` (
  `resourceID` int(6) NOT NULL DEFAULT '0',
  `attributeID` int(6) NOT NULL DEFAULT '0',
  `attributeUseType` enum('required','desired') NOT NULL DEFAULT 'desired',
  `reason` varchar(255) NOT NULL DEFAULT '',
  PRIMARY KEY (`resourceID`,`attributeID`)
) ENGINE=MyISAM DEFAULT CHARSET=utf8;
/*!40101 SET character_set_client = @saved_cs_client */;

--
-- Dumping data for table `attributeUse`
--

LOCK TABLES `attributeUse` WRITE;
/*!40000 ALTER TABLE `attributeUse` DISABLE KEYS */;
INSERT INTO `attributeUse` VALUES (668,1,'required',''),(670,62,'required',''),(675,2,'required',''),(672,17,'required',''),(672,13,'required',''),(672,12,'required',''),(672,8,'required',''),(672,2,'required',''),(672,1,'required',''),(687,51,'required',''),(681,1,'required',''),(681,2,'required',''),(674,47,'required',''),(674,8,'desired',''),(674,2,'required',''),(670,61,'required',''),(670,60,'required',''),(670,59,'required',''),(761,1,'required','Unique user identification.'),(683,2,'required',''),(683,12,'required',''),(687,54,'required',''),(689,2,'required',''),(689,12,'required',''),(687,13,'required',''),(687,57,'required',''),(687,6,'required',''),(687,58,'required',''),(687,18,'required',''),(687,4,'required',''),(687,7,'required',''),(687,56,'required',''),(687,12,'required',''),(687,53,'required',''),(668,2,'required',''),(693,8,'required',''),(693,17,'required',''),(693,47,'required',''),(695,2,'required',''),(695,6,'desired',''),(695,61,'required',''),(697,2,'desired',''),(697,8,'required',''),(697,11,'required',''),(697,17,'required',''),(697,47,'required',''),(689,13,'required',''),(689,16,'required',''),(689,47,'required',''),(689,50,'required',''),(713,2,'required','user email'),(713,8,'required','user affiliation'),(713,12,'required','user surname'),(713,13,'required','user givenName'),(713,15,'required',''),(713,50,'required','full name'),(713,55,'required','user sharedToken'),(701,1,'required',''),(701,2,'desired',''),(701,8,'required',''),(701,47,'desired',''),(716,2,'required',''),(716,50,'required',''),(716,55,'required',''),(697,49,'required',''),(697,61,'required',''),(722,2,'required',''),(722,8,'desired',''),(722,47,'required',''),(725,2,'required',''),(725,16,'required',''),(725,50,'required',''),(683,13,'required',''),(728,1,'required',''),(668,12,'required',''),(687,16,'required',''),(731,65,'desired',''),(731,62,'required',''),(731,61,'required',''),(731,60,'desired',''),(731,59,'desired',''),(731,58,'desired',''),(731,57,'required',''),(731,56,'desired',''),(731,55,'required',''),(731,54,'desired',''),(731,53,'desired',''),(731,52,'required',''),(731,51,'desired',''),(731,50,'required',''),(731,49,'required',''),(731,47,'required',''),(731,18,'desired',''),(731,17,'required',''),(731,16,'desired',''),(731,15,'desired',''),(731,14,'desired',''),(731,13,'desired',''),(731,12,'desired',''),(731,11,'required',''),(731,10,'desired',''),(731,9,'desired',''),(731,8,'required',''),(731,7,'desired',''),(731,6,'desired',''),(731,5,'desired',''),(731,4,'desired',''),(731,3,'desired',''),(731,2,'required',''),(731,1,'required',''),(687,60,'required',''),(687,8,'required',''),(687,17,'required',''),(687,61,'required',''),(687,14,'required',''),(687,3,'required',''),(687,5,'required',''),(670,1,'required',''),(670,2,'required',''),(670,3,'required',''),(670,4,'required',''),(670,5,'required',''),(670,6,'required',''),(670,7,'required',''),(670,8,'required',''),(670,9,'required',''),(670,10,'required',''),(670,11,'required',''),(670,12,'required',''),(670,13,'required',''),(670,14,'required',''),(670,15,'required',''),(670,16,'required',''),(670,17,'required',''),(670,18,'required',''),(670,47,'required',''),(670,48,'required',''),(670,49,'required',''),(670,50,'required',''),(670,51,'required',''),(670,52,'required',''),(670,53,'required',''),(670,54,'required',''),(670,56,'required',''),(670,55,'required',''),(670,57,'required',''),(670,58,'required',''),(668,13,'required',''),(668,17,'required',''),(719,2,'required','needed in cert'),(719,8,'desired','just testing'),(719,50,'required','needed in cert'),(719,55,'required','needed in cert'),(749,52,'required',''),(749,56,'desired',''),(692,8,'required',''),(692,17,'required',''),(692,47,'required',''),(692,49,'required',''),(687,49,'required',''),(687,52,'required',''),(687,11,'desired',''),(687,55,'required',''),(687,1,'required',''),(687,62,'required',''),(687,50,'required',''),(687,2,'required',''),(687,47,'required',''),(755,1,'desired',''),(755,2,'desired',''),(755,8,'desired',''),(755,11,'desired',''),(755,15,'desired',''),(755,17,'desired',''),(755,47,'desired',''),(755,49,'desired',''),(755,50,'desired',''),(755,52,'desired',''),(755,55,'desired',''),(755,61,'desired',''),(755,62,'desired',''),(758,2,'required',''),(740,1,'required',''),(740,11,'required',''),(740,49,'required',''),(785,52,'desired',''),(743,1,'required',''),(743,2,'required',''),(743,8,'required',''),(743,47,'required',''),(743,50,'required',''),(743,52,'required',''),(743,61,'required',''),(749,58,'desired',''),(761,2,'desired','Optional. Mail is then prefilled in the registration form.'),(764,15,'required',''),(767,2,'required',''),(767,1,'required',''),(767,12,'required',''),(767,13,'required',''),(767,47,'required',''),(767,55,'required',''),(746,55,'required',''),(746,2,'required',''),(746,50,'required',''),(749,49,'desired',''),(749,16,'required',''),(749,12,'required',''),(749,13,'required',''),(770,55,'required',''),(770,52,'required',''),(770,47,'required',''),(770,6,'desired',''),(770,2,'required',''),(746,61,'required',''),(776,2,'required',''),(776,16,'required',''),(776,50,'required',''),(749,8,'desired',''),(749,6,'desired',''),(749,2,'required',''),(779,47,'required',''),(779,13,'required',''),(773,2,'required',''),(773,12,'required',''),(773,13,'required',''),(773,55,'required',''),(773,61,'required',''),(668,61,'required',''),(668,62,'required',''),(779,50,'required',''),(779,12,'required',''),(764,61,'required',''),(785,1,'desired',''),(785,2,'desired',''),(785,8,'desired',''),(785,11,'desired',''),(785,17,'desired',''),(785,47,'desired',''),(785,49,'desired',''),(785,50,'desired',''),(788,62,'required',''),(788,52,'required',''),(788,49,'required',''),(788,47,'required',''),(788,16,'desired',''),(788,11,'desired',''),(788,2,'required',''),(788,1,'required',''),(785,55,'desired',''),(785,61,'desired',''),(785,62,'desired',''),(794,2,'required',''),(791,2,'required',''),(794,11,'required',''),(794,13,'required',''),(794,47,'required',''),(794,50,'required',''),(794,55,'required',''),(685,1,'required',''),(685,2,'required',''),(685,12,'required',''),(685,13,'required',''),(797,61,'required',''),(797,13,'required',''),(797,12,'required',''),(800,1,'required',''),(800,2,'required',''),(800,3,'required',''),(800,4,'required',''),(800,5,'required',''),(800,6,'required',''),(800,7,'required',''),(800,8,'required',''),(800,9,'required',''),(800,10,'required',''),(800,11,'required',''),(800,12,'required',''),(800,13,'required',''),(800,14,'required',''),(800,15,'required',''),(800,16,'required',''),(800,17,'required',''),(800,18,'required',''),(800,47,'required',''),(800,48,'required',''),(800,49,'required',''),(800,50,'required',''),(800,51,'required',''),(800,52,'required',''),(800,53,'required',''),(800,54,'required',''),(800,55,'required',''),(800,56,'required',''),(800,57,'required',''),(800,58,'required',''),(800,59,'required',''),(800,60,'required',''),(800,61,'required',''),(800,62,'required',''),(800,65,'required',''),(803,2,'required',''),(803,47,'required',''),(803,50,'required',''),(803,61,'required',''),(803,62,'required',''),(806,61,'required',''),(806,50,'required',''),(806,47,'required',''),(806,2,'required',''),(806,1,'required',''),(809,2,'required',''),(809,47,'required',''),(809,50,'required',''),(809,61,'required',''),(797,2,'required',''),(797,1,'required',''),(797,62,'required',''),(806,62,'required',''),(818,2,'required',''),(818,12,'required',''),(818,13,'required',''),(818,55,'required','');
/*!40000 ALTER TABLE `attributeUse` ENABLE KEYS */;
UNLOCK TABLES;

--
-- Table structure for table `attributes`
--

DROP TABLE IF EXISTS `attributes`;
/*!40101 SET @saved_cs_client     = @@character_set_client */;
/*!40101 SET character_set_client = utf8 */;
CREATE TABLE `attributes` (
  `attributeID` int(6) NOT NULL AUTO_INCREMENT,
  `attributeOID` varchar(128) NOT NULL,
  `attributeName` varchar(64) NOT NULL DEFAULT '',
  `attributeFullName` varchar(128) NOT NULL DEFAULT '',
  `attributeURN` varchar(128) NOT NULL DEFAULT '',
  `headerName` varchar(64) NOT NULL,
  `alias` varchar(128) NOT NULL DEFAULT '',
  `description` varchar(255) NOT NULL,
  `scope` enum('Federation','local') NOT NULL DEFAULT 'local',
  `status` enum('optional','recommended','mandatory') NOT NULL DEFAULT 'optional',
  PRIMARY KEY (`attributeID`),
  UNIQUE KEY `attributeID` (`attributeID`),
  UNIQUE KEY `headerName` (`headerName`),
  UNIQUE KEY `attributeOID` (`attributeOID`),
  UNIQUE KEY `alias` (`alias`)
) ENGINE=MyISAM AUTO_INCREMENT=66 DEFAULT CHARSET=utf8;
/*!40101 SET character_set_client = @saved_cs_client */;

--
-- Dumping data for table `attributes`
--

LOCK TABLES `attributes` WRITE;
/*!40000 ALTER TABLE `attributes` DISABLE KEYS */;
INSERT INTO `attributes` VALUES (1,'1.3.6.1.4.1.5923.1.1.1.10','eduPersonTargetedID','Targeted ID','urn:mace:dir:attribute-def:eduPersonTargetedID','persistent-id','eduPersonTargetedID','A persistent, non-reassigned, privacy-preserving identifier for a principal shared between a pair of coordinating entities','Federation','mandatory'),(2,'0.9.2342.19200300.100.1.3','mail','EMail','urn:mace:dir:attribute-def:mail','Shib-InetOrgPerson-mail','mail','E-Mail: Preferred address for e-mail to be sent to this person','Federation','mandatory'),(3,'0.9.2342.19200300.100.1.39','homePostalAddress','Home postal address','urn:mace:dir:attribute-def:homePostalAddress','Shib-InetOrgPerson-homePostalAddress','homePostalAddress','Home postal address: Home address of the user','Federation','optional'),(4,'2.5.4.16','postalAddress','Business postal address','urn:mace:dir:attribute-def:postalAddress','Shib-OrgPerson-postalAddress','postalAddress','Business postal address: Campus or office address','Federation','recommended'),(5,'0.9.2342.19200300.100.1.20','homePhone','Private phone number','urn:mace:dir:attribute-def:homePhone','Shib-InetOrgPerson-homePhone','homePhone','Private phone number','Federation','optional'),(6,'2.5.4.20','telephoneNumber','Business phone number','urn:mace:dir:attribute-def:telephoneNumber','Shib-Person-telephoneNumber','telephoneNumber','Office or campus phone number of the individual','Federation','recommended'),(7,'0.9.2342.19200300.100.1.41','mobile','Mobile phone number','urn:mace:dir:attribute-def:mobile','Shib-InetOrgPerson-mobile','mobile','Mobile phone number','Federation','recommended'),(8,'1.3.6.1.4.1.5923.1.1.1.1','eduPersonAffiliation','Affiliation','urn:mace:dir:attribute-def:eduPersonAffiliation','Shib-EP-Affiliation','eduPersonAffiliation','Specifies the persons relationship(s) to the institution in broad categories such as student, faculty, staff, alum, etc.','Federation','mandatory'),(9,'1.3.6.1.4.1.5923.1.1.1.3','eduPersonOrgDN','Organization path','urn:mace:dir:attribute-def:eduPersonOrgDN','Shib-EP-OrgDN','orgDN','Organization path: The distinguished name (DN) of the directory entry representing the organization with which the person is associated','Federation','optional'),(10,'1.3.6.1.4.1.5923.1.1.1.4','eduPersonOrgUnitDN','Organizational unit path','urn:mace:dir:attribute-def:eduPersonOrgUnitDN','Shib-EP-OrgUnitDN','orgUnitDN','Organization unit path: The distinguished name (DN) of the directory entries representing the persons Organizational Unit(s)','Federation','optional'),(11,'1.3.6.1.4.1.5923.1.1.1.7','eduPersonEntitlement','Entitlement','urn:mace:dir:attribute-def:eduPersonEntitlement','Shib-EP-Entitlement','entitlement','Member of: URI (either URL or URN) that indicates a set of rights to specific resources based on an agreement ac\r\nross the releavant community','Federation','mandatory'),(12,'2.5.4.4','surname','Surname','urn:mace:dir:attribute-def:sn','Shib-Person-surname','surname','Surname or family name','Federation','recommended'),(13,'2.5.4.42','givenName','Given name','urn:mace:dir:attribute-def:givenName','Shib-InetOrgPerson-givenName','givenName','Given name of a person','Federation','recommended'),(14,'2.16.840.1.113730.3.1.3','employeeNumber','Employee number','urn:mace:dir:attribute-def:employeeNumber','Shib-InetOrgPerson-employeeNumber','employeeNumber','Identifies an employee within an organization','Federation','optional'),(15,'2.5.4.11','ou','Organizational Unit','urn:mace:dir:attribute-def:ou','Shib-Person-ou','ou','OrganizationalUnit currently used for faculty membership of staff','local','optional'),(16,'1.3.6.1.4.1.5923.1.1.1.6','eduPersonPrincipalName','Principal Name','urn:mace:dir:attribute-def:eduPersonPrincipalName','Shib-EP-PrincipalName','principalName','eduPerson per Internet2 and EDUCAUSE see &lt;http://www.nmi-edit.org/eduPerson/draft-internet2-mace(...)','Federation','recommended'),(17,'1.3.6.1.4.1.5923.1.1.1.11','eduPersonAssurance','Assurance Level','urn:mace:dir:attribute-def:eduPersonAssurance','Shib-EP-Assurance','eduPersonAssurance','This attribute represents identity assurance profiles (IAPs), which are the set of standards that are met by an identity assertion, based on the Identity Providers identity management processes, type of auth credential used, binding strength,  etc.','Federation','mandatory'),(18,'2.16.840.1.113730.3.1.39','preferredLanguage','Preferred Language','urn:mace:dir:attribute-def:preferredLanguage','Shib-InetOrgPerson-preferredLanguage','preferredLanguage','Preferred written or spoken language for a person','Federation','recommended'),(47,'2.16.840.1.113730.3.1.241','displayName','Display Name','urn:mace:dir:attribute-def:displayName','Shib-InetOrgPerson-displayName','displayName','Preferred name of a person to be used when displaying entries. This attribute should not be used in transactions where it is desirable to maintain user anonymity.','Federation','mandatory'),(48,'2.16.840.1.113730.3.1.40','userSMIMECertificate','User S/MIME Certificate','urn:mace:dir:attribute-def:userSMIMECertificate','Shib-InetOrgPerson-userSMIMECertificate','userSMIMECertificate','An X.509 certificate specifically for use in S/MIME applications (see RFCs\r\n2632, 2633 and 2634).','Federation','recommended'),(49,'1.3.6.1.4.1.5923.1.1.1.9','eduPersonScopedAffiliation','eduPersonScopedAffiliation','urn:mace:dir:attribute-def:eduPersonScopedAffiliation','Shib-Scoped-Affiliation','eduPersonScopedAffiliation','This attribute enables an organisation to assert its relationship with the\r\nuser.','Federation','mandatory'),(50,'2.5.4.3','cn','cn','urn:mace:dir:attribute-def:cn','Shib-Person-cn','cn','An individuals common name, typically their full name. This attribute should not be used in transactions where it is desirable to maintain user anonymity.','Federation','mandatory'),(51,'1.3.6.1.4.1.25178.1.2.2','schacGender','Gender','urn:oid:1.3.6.1.4.1.25178.1.2.2','Shib-schac-Gender','schacGender','The state of being male or female. The gender attribute specifies the legal gender of the subject it is associated with.','Federation','recommended'),(52,'2.5.4.10','topLevelOrg','Top-level Organisation','urn:mace:dir:attribute-def:TopLevelOrg','Shib-inetOrgPerson-TopLevelOrg','topLevelOrg','Standard name of the top-level organization (institution) with which this person is associated.','Federation','mandatory'),(53,'1.3.6.1.4.1.25178.1.2.8','schacPersonalTitle','Personal Title','urn:oid:1.3.6.1.4.1.25178.1.2.8','Shib-schac-PersonalTitle','schacPersonalTitle','The Personal Title attribute type specifies a personal title or salutation for a person. Examples of personal titles are Ms, Dr, Prof, Rev and Sr','Federation','recommended'),(54,'1.3.6.1.4.1.25178.1.2.12','schacUserPresenceID','User Presence ID','urn:oid:1.3.6.1.4.1.25178.1.2.12','Shib-schac-UserPresenceID','schacUserPresenceID','To store a set of values related to network presence protocols.','Federation','recommended'),(60,'2.5.4.36','userCertificate','User Certificate','urn:mace:dir:attribute-def:userCertificate','Shib-inetOrgPerson-userCertificate','userCertificate','A user\'s X.509 certificate','Federation','recommended'),(55,'1.3.6.1.4.1.27856.1.2.5','auEduPersonSharedToken','Shared Token','urn:oid:1.3.6.1.4.1.27856.1.2.5','Shib-AEP-SharedToken','auEduPersonSharedToken','A unique identifier enabling federation spanning services such as Grid and Repositories','Federation','mandatory'),(56,'1.3.6.1.4.1.27856.1.2.1','auEduPersonAffiliation','AU Affiliation','urn:oid:1.3.6.1.4.1.27856.1.2.1','Shib-AEP-Affiliation','auEduPersonAffiliation','Specifies a person\'s relationship to the institution in broad categories but\r\nwith a finer-grained set of permissible values than eduPersonAffiliation.','Federation','recommended'),(57,'1.3.6.1.4.1.27856.1.2.2','auEduPersonLegalName','Legal Name','urn:oid:1.3.6.1.4.1.27856.1.2.2','Shib-AEP-LegalName','auEduPersonLegalName','The user’s legal name, as per their passport, birth certificate, or other legal\r\ndocument','Federation','recommended'),(58,'1.3.6.1.4.1.5923.1.1.1.5','eduPersonPrimaryAffiliation','Primary Affiliation','urn:mace:dir:attribute-def:eduPersonPrimaryAffiliation','Shib-EP-PrimaryAffiliation','eduPersonPrimaryAffiliation','Specifies the person\'s PRIMARY relationship to the institution in broad\r\ncategories such as student, faculty, staff, alum, etc.','Federation','recommended'),(59,'1.3.6.1.4.1.25178.1.2.14','schacPersonalUniqueCode','Personal Unique Code','urn:oid:1.3.6.1.4.1.25178.1.2.14','Shib-schac-PersonalUniqueCode','schacPersonalUniqueCode','Specifies a unique code for the subject it is associated with. Its value\r\ndoes not necessarily correspond to any identifier outside the scope of the\r\ndirectories using this schema. This might be Student number, Employee\r\nnumber, ...','Federation','recommended'),(61,'1.3.6.1.4.1.25178.1.2.9','homeOrganization','Home Organization','urn:oid:1.3.6.1.4.1.25178.1.2.9','Shib-HomeOrganization','homeOrganization','Users Home Organization','Federation','mandatory'),(62,'1.3.6.1.4.1.25178.1.2.10','homeOrganizationType','Home Organization Type','urn:oid:1.3.6.1.4.1.25178.1.2.10','Shib-HomeOrganizationType','homeOrganizationType','Type of Organization the user belongs too','Federation','mandatory'),(65,'2.5.4.7','Locality','Locality','urn:mace:dir:attribute-def:locality','Shib-Locality','Locality','Identifies the county, city, or other geographical area in which the entry is located or with which it is in some other way associated','Federation','recommended');
/*!40000 ALTER TABLE `attributes` ENABLE KEYS */;
UNLOCK TABLES;

--
-- Table structure for table `certData`
--

DROP TABLE IF EXISTS `certData`;
/*!40101 SET @saved_cs_client     = @@character_set_client */;
/*!40101 SET character_set_client = utf8 */;
CREATE TABLE `certData` (
  `objectID` int(6) NOT NULL DEFAULT '0',
  `objectType` enum('resource','sso','aa','issuingca') NOT NULL DEFAULT 'resource',
  `certData` text,
  `certFingerprint` varchar(64) NOT NULL DEFAULT '',
  PRIMARY KEY (`objectID`,`objectType`,`certFingerprint`)
) ENGINE=MyISAM DEFAULT CHARSET=utf8;
/*!40101 SET character_set_client = @saved_cs_client */;

--
-- Dumping data for table `certData`
--

LOCK TABLES `certData` WRITE;
/*!40000 ALTER TABLE `certData` DISABLE KEYS */;
INSERT INTO `certData` VALUES (125,'sso','MIIDTDCCAjSgAwIBAgIVAOLw7HJtMcxOtGIkD/RNsBphWNISMA0GCSqGSIb3DQEB\r\nBQUAMCMxITAfBgNVBAMTGGF1dGgtdGVzdC1pZHAucXV0LmVkdS5hdTAeFw0wOTAx\r\nMjgwMzUzMjFaFw0yOTAxMjgwMzUzMjFaMCMxITAfBgNVBAMTGGF1dGgtdGVzdC1p\r\nZHAucXV0LmVkdS5hdTCCASIwDQYJKoZIhvcNAQEBBQADggEPADCCAQoCggEBAIXY\r\nVchpbwYcwaEhjm/LLPDYSG6Sa/HaiNBMXLmgczCEJGQ2LuvuvQQMLRX0qIc719O0\r\nt1XIlOUb/XASszXEaJG85y2uuLon5BVaiqofTWANd0T/jv5lqKqpSlk9K6fxO2rM\r\naNO6EkTZxZz6r9AK475VEHPN1BOeAoH0r3mLw5WH+1aTgbWhiFqOgXznqbM5zOXT\r\ndrk45cYNQ8/MayTGjjbPubiV9TwLlic+4F5ew3VW4Umu/k5/juNusDNGvSwSNvwb\r\non4cgJUSxRW2+WXcu51PeZap/KjxTp6kFlk6cYnW9QNBnGiUCGfCWjbWT7+cFr63\r\nPhDibU7POkLQSOCP1LECAwEAAaN3MHUwVAYDVR0RBE0wS4IYYXV0aC10ZXN0LWlk\r\ncC5xdXQuZWR1LmF1hi9odHRwczovL2F1dGgtdGVzdC1pZHAucXV0LmVkdS5hdS9p\r\nZHAvc2hpYmJvbGV0aDAdBgNVHQ4EFgQUHvE5KAPEmtaXAWRlZXAINcgIxj8wDQYJ\r\nKoZIhvcNAQEFBQADggEBAGdNxyhPsqHO3B6RTugRX2VdA3ThfQc436/Q+44W+n6+\r\nR8WmiONdIytF8Rftnd7C54aKShCb10kmd8XKpE/y/+YWFscd25egQjQ+wOLDgkkc\r\ns9SXLfk+JhQNSJyXh9S1RF+FSdn6oT1ffAGwzHmd13aIMojCECurmu3TVid+gSrs\r\nl4OCFT5FGf0h52/O4oUJM/PW6sLYbFtbTeqgXWrWbqnNZ2sw4heIO0Tnqvdjb9MN\r\nC9gxIXvk4h+U+5MaBOB4eQ5MYizfRVAOWNiSGpQQHBhFJhc8X+WNQfjU8Vr+6T4R\r\nyMlQipI5bdGxgZCbCF8YMhxq+IW35LiNlvw8sYLVIqM=','36:E8:F9:5A:A9:8C:46:5A:80:0A:26:66:6C:39:BC:17:AC:1E:EB:5F'),(125,'aa','MIIDTDCCAjSgAwIBAgIVAOLw7HJtMcxOtGIkD/RNsBphWNISMA0GCSqGSIb3DQEB\r\nBQUAMCMxITAfBgNVBAMTGGF1dGgtdGVzdC1pZHAucXV0LmVkdS5hdTAeFw0wOTAx\r\nMjgwMzUzMjFaFw0yOTAxMjgwMzUzMjFaMCMxITAfBgNVBAMTGGF1dGgtdGVzdC1p\r\nZHAucXV0LmVkdS5hdTCCASIwDQYJKoZIhvcNAQEBBQADggEPADCCAQoCggEBAIXY\r\nVchpbwYcwaEhjm/LLPDYSG6Sa/HaiNBMXLmgczCEJGQ2LuvuvQQMLRX0qIc719O0\r\nt1XIlOUb/XASszXEaJG85y2uuLon5BVaiqofTWANd0T/jv5lqKqpSlk9K6fxO2rM\r\naNO6EkTZxZz6r9AK475VEHPN1BOeAoH0r3mLw5WH+1aTgbWhiFqOgXznqbM5zOXT\r\ndrk45cYNQ8/MayTGjjbPubiV9TwLlic+4F5ew3VW4Umu/k5/juNusDNGvSwSNvwb\r\non4cgJUSxRW2+WXcu51PeZap/KjxTp6kFlk6cYnW9QNBnGiUCGfCWjbWT7+cFr63\r\nPhDibU7POkLQSOCP1LECAwEAAaN3MHUwVAYDVR0RBE0wS4IYYXV0aC10ZXN0LWlk\r\ncC5xdXQuZWR1LmF1hi9odHRwczovL2F1dGgtdGVzdC1pZHAucXV0LmVkdS5hdS9p\r\nZHAvc2hpYmJvbGV0aDAdBgNVHQ4EFgQUHvE5KAPEmtaXAWRlZXAINcgIxj8wDQYJ\r\nKoZIhvcNAQEFBQADggEBAGdNxyhPsqHO3B6RTugRX2VdA3ThfQc436/Q+44W+n6+\r\nR8WmiONdIytF8Rftnd7C54aKShCb10kmd8XKpE/y/+YWFscd25egQjQ+wOLDgkkc\r\ns9SXLfk+JhQNSJyXh9S1RF+FSdn6oT1ffAGwzHmd13aIMojCECurmu3TVid+gSrs\r\nl4OCFT5FGf0h52/O4oUJM/PW6sLYbFtbTeqgXWrWbqnNZ2sw4heIO0Tnqvdjb9MN\r\nC9gxIXvk4h+U+5MaBOB4eQ5MYizfRVAOWNiSGpQQHBhFJhc8X+WNQfjU8Vr+6T4R\r\nyMlQipI5bdGxgZCbCF8YMhxq+IW35LiNlvw8sYLVIqM=','36:E8:F9:5A:A9:8C:46:5A:80:0A:26:66:6C:39:BC:17:AC:1E:EB:5F'),(731,'resource','MIIDKDCCAhCgAwIBAgIBADANBgkqhkiG9w0BAQUFADAgMR4wHAYDVQQDExVhYWZk\nZW1vaWRwLnF1dC5lZHUuYXUwHhcNMDkxMjE5MTM0MTQxWhcNMTIxMjE4MTM0MTQx\nWjAgMR4wHAYDVQQDExVhYWZkZW1vaWRwLnF1dC5lZHUuYXUwggEiMA0GCSqGSIb3\nDQEBAQUAA4IBDwAwggEKAoIBAQDq7993HbirzdhQbhA4+ZRd1OnjfHx8bLZl3f57\nXLWFibG8sJ9lWCMP2TFcqkUq4iFg5HVdH2QlNAWHyU7rDkFWEZlY9/UZH+EtFwbD\ntNzjZJei6HNU6jR9KKDYgBMEKRSj0T4WGRi7WZ/PWAn42R1ICj5cgTCv0A6z6UYT\niN4x4uHgBIcX4rlx7bHIZU1kSFhTOaQJjiggC3cJ5yjsFRmNeVjsQuASskqdBmdc\nkT6+hCO1rrnpHWKyRgJgOAdEYTwo8niF1lTm3vjtCGJmYwax4WIuPwhliw3agS0J\naywVLQskcAHwHUiiWzwI8Avjervd5qOHT5cWQYY2fjQic9HvAgMBAAGjbTBrMEoG\nA1UdEQRDMEGCFWFhZmRlbW9pZHAucXV0LmVkdS5hdYYoaHR0cHM6Ly8vYWFmMTN0\nZXN0LmFhZi5lZHUuYXUvc2hpYmJvbGV0aDAdBgNVHQ4EFgQUQFN1OspLTioaQCxK\nDYVvEAMPj74wDQYJKoZIhvcNAQEFBQADggEBAGYsrettb3fc82O8bSFc1CBQs+Nz\nOVJlynISlNew7+joD05hOGd22h18KEbxDcbpvfDd/z4hItCPCrRul83nOIzJ+6V3\nvHG+Dct9BXe5Ugiuz+biE7r6oGPbY2kpnLStbqgbax5VDeGegXw2lUyzGarh447S\ngaX6loS5D0akcsFqg2Lps9X5j/h27O8tMyHH8nWFsOtc3mVggTyyyUxsrykGT5w3\nQ8NRnpv1TOiYplVC1YxSzjjffWbxr5xOmEy6G+HAScaUP4lUpD460+ZwxrC+dE8A\nSsz0WXF2TU5WP8JJHKR7rjsRAFjjyi4+7DNQ8GrV1s7v4QOSXUdQfpRj0Bc=','86:CD:5C:BE:2C:FC:88:4D:1E:8F:7D:C7:E5:07:A0:5F:2A:FA:A6:19'),(683,'resource','MIIDMjCCAhqgAwIBAgIJAPOnbaxiTPRCMA0GCSqGSIb3DQEBBQUAMB0xGzAZBgNV\nBAMTEnNwMS50ZXN0LnVxLmVkdS5hdTAeFw0wOTA0MDgwMjEyMjBaFw0xMDA0MDgw\nMjEyMjBaMB0xGzAZBgNVBAMTEnNwMS50ZXN0LnVxLmVkdS5hdTCCASIwDQYJKoZI\nhvcNAQEBBQADggEPADCCAQoCggEBALky0rSv88SifVAkHL7+MY03QpjiC7X9oIb7\n+lavMGjeIntr5/sHnKPCIVFanahxFP4fAiSg3jrlNwstt0MNuevL5WBYwzgsOp/1\nYpWgwSmKyl8fkQ9kKS3G5nxb4gPz6Ycm0vvz+piXTPiycRkwZVan9/zVlylBMg7c\nxVf+9A57aFcSgm+YlwIwcwrD3TVDN+jX2d4qZ/YH6geVTN56QSZt+BGBTmKqxwyc\ngid/+cnUuWQ2xj9MS1vz6fDMBG6cZTwZ3gEUApWm9Za2wWDUCpufPAKmekrvNIla\nDA/QCpH6ZHZ/n8qmRx6p05Pv8cPja7qIjwPfa9EjTt0ZCXaHvd0CAwEAAaN1MHMw\nHQYDVR0OBBYEFOC9+LlFie5luQ53ZAuKbc6HvKzKMFIGA1UdEQRLMEmCEnNwMS50\nZXN0LnVxLmVkdS5hdYYzaHR0cHM6Ly9zcDEudGVzdC51cS5lZHUuYXUvc2ltcGxl\nc2FtbC9zcC9zaGliYm9sZXRoMA0GCSqGSIb3DQEBBQUAA4IBAQCpUAvoFycXY2Nz\nSo+vFz1EuqoKnu1t747N23PcgpVfCP9pD0PshidM46otSbzR25+VawkmFMY/yp2i\njvO65U7lTe2pcZGFKRrsEOIFqGMd8GUZ4JsImwap6DNVaFzRt3JhPznwTCq6ugaS\n7OPpEKBp503BnVWn7ZumaaPehREu9lg/CwBBJ6mPUPFT8VFsSfGnGJkC97wRDi5A\nMOwBPX8UwpIGF/DyfXqcvZQgMJ70Bbiw6ricPcNr+rTlkUrgBohMS2Xztu6jPrIM\nl3Ci1wvL4A3OeAlkeM4sVa3h/9dHlKvUUthgEWT5NH8SikndMyC7kn01PypMgUMa\nu4LYron4','C3:1F:35:87:73:82:8D:EF:2E:6D:9D:35:8B:0D:1C:E4:85:51:4B:22'),(139,'sso','MIIDNDCCAhygAwIBAgIVAOgIBqdjU5+O1bsU/tGY+Q68IyuLMA0GCSqGSIb3DQEB\nBQUAMB0xGzAZBgNVBAMTEmFhZi1pZHAuZWN1LmVkdS5hdTAeFw0wOTAzMTAwMzAy\nMzZaFw0yOTAzMTAwNDAyMzZaMB0xGzAZBgNVBAMTEmFhZi1pZHAuZWN1LmVkdS5h\ndTCCASIwDQYJKoZIhvcNAQEBBQADggEPADCCAQoCggEBAIEKCCi3JSRCOICLUqDg\nyQs+GA6nk8v4IxQ0pt9UFTcdrsE9akVf+kKfeR6x7/7DcnYW9zjzJTvyP3tgnfBj\nraiKRpey6y/mV22yA4y9IUzXLdJ45VvjPxPIKdgicktKBuT42ydDUX1yRGYGodTQ\nfn7l7thmKJBC6ms1AUf787A1CCUbOXQPgavU/azECzmTVhW8HGmRnT4wg4wTaxsm\n5CTRHoDGeNyftuWFu0i4lu5rV93Ftri7yUQQXYvxvYl8Hcdb1nysIot5Yo+J1B36\nHqv6+rrqlE20+cZq3YTlJ1xGrvypZNMsY0uqinK2ukbbCIQww7hk0RMtkIcHBeji\nIcMCAwEAAaNrMGkwSAYDVR0RBEEwP4ISYWFmLWlkcC5lY3UuZWR1LmF1hilodHRw\nczovL2FhZi1pZHAuZWN1LmVkdS5hdS9pZHAvc2hpYmJvbGV0aDAdBgNVHQ4EFgQU\n9XuLfqHIQji0vsy99AEA/tXGaYUwDQYJKoZIhvcNAQEFBQADggEBAGYjVvADIGKD\n4fOMUobCTwSQn5n7Y/ULuRboB7rJFwfqkpB/TJO2a1I8z4WaD+1Yk5aZml1B6JS8\n+QTxXStczrejIsXDzsxF/NQA3QNH5Kq/f5EoEt7OzD5/hrAkXh/K/loFNFZdIGOK\nFfS3/X1/gK0VfeFaFnioq3UKHfC60BpWCqTCG4yKe9Tiu85fG+9+8MqGq2FMXghl\nACFrUX02IBr9bglC9ADf/7Z0AhiaDNYj/DOWS8Ws6t8oA3b7eTjgXYIEsTaPXAr9\n0lPzXPYI2SxH/O86/wFbNjGK7VAinUt5/rOnjVMfeiTsLY0ALxHJlHnUjVJvezX7\ncCb/ZXNYMBM=','0D:4B:F0:1F:C3:2C:BB:A1:20:D7:82:71:58:79:4D:F1:9F:A8:71:8A'),(0,'issuingca','MIIEvzCCBCigAwIBAgIQQZGhWjl4389JZWY4HUx1wjANBgkqhkiG9w0BAQUFADBf\nMQswCQYDVQQGEwJVUzEXMBUGA1UEChMOVmVyaVNpZ24sIEluYy4xNzA1BgNVBAsT\nLkNsYXNzIDMgUHVibGljIFByaW1hcnkgQ2VydGlmaWNhdGlvbiBBdXRob3JpdHkw\nHhcNMDQwNzE2MDAwMDAwWhcNMTQwNzE1MjM1OTU5WjCBtDELMAkGA1UEBhMCVVMx\nFzAVBgNVBAoTDlZlcmlTaWduLCBJbmMuMR8wHQYDVQQLExZWZXJpU2lnbiBUcnVz\ndCBOZXR3b3JrMTswOQYDVQQLEzJUZXJtcyBvZiB1c2UgYXQgaHR0cHM6Ly93d3cu\ndmVyaXNpZ24uY29tL3JwYSAoYykwNDEuMCwGA1UEAxMlVmVyaVNpZ24gQ2xhc3Mg\nMyBDb2RlIFNpZ25pbmcgMjAwNCBDQTCCASIwDQYJKoZIhvcNAQEBBQADggEPADCC\nAQoCggEBAL687rx+74Pr4DdP+wMQOL4I0ox9nfqSfxkMwmvuQlKM3tMcSBMl6sFj\nevlRZe7Tqjv18JScK/vyZtQk2vf1n24ZOTa80KN2CB4iJyRsOJEn4oRJrhuKof0l\ngiwQMOhxqyjod0pR8ezN+PBU1G/A420Kj9nYZI1jsi1OJ/aFDv5t4ymZ4oVHfC2G\nf+hXj61nwjMykRMg/KkjFJptwoRLdmgE1XEsXSH6iA0m/R8tkSvnAVVN8m01KILf\n2WtcttbZqoH9X82DumOd0CL8qTtCabKOOrW8tJ4PXsTqLIKLKP1TCJbdtQEg0fml\nGOfA7lFwN+G2BUhSSG846sPobHtEhLsCAwEAAaOCAaAwggGcMBIGA1UdEwEB/wQI\nMAYBAf8CAQAwRAYDVR0gBD0wOzA5BgtghkgBhvhFAQcXAzAqMCgGCCsGAQUFBwIB\nFhxodHRwczovL3d3dy52ZXJpc2lnbi5jb20vcnBhMDEGA1UdHwQqMCgwJqAkoCKG\nIGh0dHA6Ly9jcmwudmVyaXNpZ24uY29tL3BjYTMuY3JsMB0GA1UdJQQWMBQGCCsG\nAQUFBwMCBggrBgEFBQcDAzAOBgNVHQ8BAf8EBAMCAQYwEQYJYIZIAYb4QgEBBAQD\nAgABMCkGA1UdEQQiMCCkHjAcMRowGAYDVQQDExFDbGFzczNDQTIwNDgtMS00MzAd\nBgNVHQ4EFgQUCPVR6Pv+PT1kNnxoz1t4qN+5xTcwgYAGA1UdIwR5MHehY6RhMF8x\nCzAJBgNVBAYTAlVTMRcwFQYDVQQKEw5WZXJpU2lnbiwgSW5jLjE3MDUGA1UECxMu\nQ2xhc3MgMyBQdWJsaWMgUHJpbWFyeSBDZXJ0aWZpY2F0aW9uIEF1dGhvcml0eYIQ\ncLrkHRDZKTS2OMp7A8y6vzANBgkqhkiG9w0BAQUFAAOBgQCuOhe4SntV+mRV7ECk\n7UlBkJmcibyvLh3KeCP5HBkPf+tovDLZiDje3D/TibQ/sYKW8aRauu0uJtPefAFu\nAAoApAaSEUgJQPkcGHlnIyTgu9XhUK4b9Q7d4C6BzYCjbFJPkXVViroi8tLqQXWI\nL2NVfR5UWpVZytk0gcBfXvZ6tQ==','19:7A:4A:EB:DB:25:F0:17:00:79:BB:8C:73:CB:2D:65:5E:00:18:A4'),(670,'resource','MIIDKDCCAhCgAwIBAgIJALf7o/yY+AcNMA0GCSqGSIb3DQEBBQUAMB4xHDAaBgNV\nBAMTE3Zoby50ZXN0LmFhZi5lZHUuYXUwHhcNMDkwMzI2MDQzMjAyWhcNMTIwMzI1\nMDQzMjAyWjAeMRwwGgYDVQQDExN2aG8udGVzdC5hYWYuZWR1LmF1MIIBIjANBgkq\nhkiG9w0BAQEFAAOCAQ8AMIIBCgKCAQEAtCPaaZT6iP2fz9zFzy7dKgcFJnuecUPM\n/aFBKKqLAWt8sTWTTdPWzWfb002YajmTbes2pF4plepuRv/m1nB9QddF3zZpBZeC\njq1CySDVui8uuGNkQvD0qdlXTj2v4XsTRc0E2Ckutbt+52vw2QJb+gGfwzccbW2g\nGuwdonafDTiNhfknsvJlO2zJpYWEkfY5rJ3rDyA3J7gKFqJHtnLqhdsgSC/UqCRX\n7qgG869cVh6FfSodSdw8mKSFrVAlVdiMNPp8xaMQY+/kTxFgvks7uxVFbhbjYtS4\noMzMd8jRF5e7C+qZycQva8KRW4ydGzvmXs0rtTPwC9dWDGVgrORzAQIDAQABo2kw\nZzBGBgNVHREEPzA9ghN2aG8udGVzdC5hYWYuZWR1LmF1hiZodHRwczovL3Zoby50\nZXN0LmFhZi5lZHUuYXUvc2hpYmJvbGV0aDAdBgNVHQ4EFgQUDUfn+wELGcEwuIUp\nZRUDu07Yi0owDQYJKoZIhvcNAQEFBQADggEBAHZ+YFzjVpCneYubbQlGbtDJUcwK\nn5dyhynL8EhB/6P7/owCoIJmLBqawuj20rA4e7z2YHIXb2q3bV4UP8JYUK2x5HUp\nxYjjbZtPPDG3IPpfosVHZT3y75+7kuRaTSWw3MRC4G+vZCxk+3dOdAkByWH7Ntct\nroRKVtzi65lTXjnWS4a5gZL05fgjG9MW0vSbwjiVAbeMTd+xCxrfZZzTLzr+CRId\n0Po86lGnEXGvi3zFYFuKojnA0lF1X2+B16S+aWmHKBoCd5uE/lsSznoq1NaB3ruw\nIzA5/Y5fYMN2xd/DOW/qo+RVma+waDMqgy3fyeC7HL3dd5WALQjEzKGKTkI=','DE:8E:48:99:04:82:81:25:71:A8:BC:4A:59:AE:9B:C8:17:AA:03:7B'),(672,'resource','MIIDDzCCAnigAwIBAgIBAzANBgkqhkiG9w0BAQUFADCBkzELMAkGA1UEBhMCQVUx\nDDAKBgNVBAgTA05TVzEPMA0GA1UEBxMGU3lkbmV5MQ0wCwYDVQQKEwRBUkNTMRIw\nEAYDVQQLEwlBVVRIIFRFQU0xGjAYBgNVBAMTEXNsY3MyLmFyY3Mub3JnLmF1MSYw\nJAYJKoZIhvcNAQkBFhdkYW1pZW4uY2hlbkBhcmNzLm9yZy5hdTAeFw0wOTAyMTAw\nNDI2NTZaFw0xMDAyMTAwNDI2NTZaMBwxGjAYBgNVBAMTEXNsY3MyLmFyY3Mub3Jn\nLmF1MIIBIjANBgkqhkiG9w0BAQEFAAOCAQ8AMIIBCgKCAQEA5t+BsPRTF+lNNRk8\nL6nALhr0/F6XBC2hCWrpJnuDIov/X6496WfxM88VTR46Tepke4s4U6fmww2kjxdj\nEjfjlxPrF5ytFelyGFqGX9iBA/iU1NeQQOW3Chby/UfxLw+ioZvY1HedXnOb4OcG\nT/h1l+qzvyv95PYgwkJO9eYZlVzbnNq3mvj7a1okEMcTmIN0/+fl2M1FXfEkmFMw\nFNruPlJ1Z1T1cy4UJ2MvCsDNRE6LOUp9IHcRrnj9bWh/VS69ziiOCFrrMk2wZM21\n7ELQvRZdMcbjuO1tc3kENP+AIaKH5oYHHM3ldjvkvlwbMRSO/UuThGpj4hgmMIQD\nzE15PQIDAQABo2UwYzAdBgNVHQ4EFgQU4zbQiogGHFe1a//TV2bDqlOIa0IwQgYD\nVR0RBDswOYIRc2xjczIuYXJjcy5vcmcuYXWGJGh0dHBzOi8vc2xjczIuYXJjcy5v\ncmcuYXUvc2hpYmJvbGV0aDANBgkqhkiG9w0BAQUFAAOBgQBd/V8NkQnCOFIkQ3c4\nEnEsRNENrPZc+NfrOIXV55PpXNBi3W7+UKrvBbeu85l7Z7z5WHbb72nrJ/w1Ando\nLTBt58XUEJxHZ5GrDwCKECVeCeZ8LbWl9d/7xb3x/OCyLQk+ZCqfV/diRDz3D368\nRHUtJCZaUAsyGbgApGjRKiLMpQ==','64:31:7C:CF:44:80:5C:DC:61:8A:E4:6D:EE:68:8F:32:2D:EA:D9:4E'),(713,'resource','MIIDSDCCAjCgAwIBAgIJAPHYV6voVl+wMA0GCSqGSIb3DQEBBQUAMCYxJDAiBgNV\nBAMTG2RhdmlzLXZyZS5pdHMubW9uYXNoLmVkdS5hdTAeFw0wOTA4MjAwMTEzMDFa\nFw0xMjA4MTkwMTEzMDFaMCYxJDAiBgNVBAMTG2RhdmlzLXZyZS5pdHMubW9uYXNo\nLmVkdS5hdTCCASIwDQYJKoZIhvcNAQEBBQADggEPADCCAQoCggEBALWjwQZg9l9d\nA30px0nXip+e4JJ0rD0WF6C97WKZBjKTQAmMk5ljLzB1755VMdE1HtTyYPeuniSa\nfkRjl0aKCDWokT+C44t5yUJ/DnAj5UhW6RWVj+bUiBiwnzSBSx3O+8+Ju6XoRdzT\nBki7gas1tOPcuajeaGve6D2UNzWiLxmPP4gQKCSfR9c05PGVBXdUb5PEhaoKX9+p\nluV06JefRdUjbdviX7kVXJBgb1xFmLl+PQRjje2t+2p/tCS3T6YHzSyuqhGv/MKj\nrWdYM41eUxsVgK74JFz7o3lxidXyO8EGIwiD6YLxPo0+KZe61S1zN0rxarlItod3\n9fZmGi/KxZsCAwEAAaN5MHcwVgYDVR0RBE8wTYIbZGF2aXMtdnJlLml0cy5tb25h\nc2guZWR1LmF1hi5odHRwczovL2RhdmlzLXZyZS5pdHMubW9uYXNoLmVkdS5hdS9z\naGliYm9sZXRoMB0GA1UdDgQWBBTLW/QsgjL/2LwM3aYALQ4LDk0qEDANBgkqhkiG\n9w0BAQUFAAOCAQEAJhsc0JXoEPXHtmVvIQK51dFGgFtq4bWCY6B26toAmD6Lurfg\nPrwQcRbLifY3cDxXo7Y86KnVOi5ic9MtnhSyZM2H+CfWcJevSdSZTTOKrfoGr2cl\nCpI91P7rgOVfTI0j+V/Hwu0/5QYVuHtlFRm5JT2m4c+ezl4+q6wXA8Uo2/6H3oZV\n8RkJi+3KErFlhAqbmA2tp8leQ1XAQ0SNYvMcfcWpUCJE53hzrop4upR45cPJihFq\nogILzsSOrMNitEApmNJztF0FNxG3ylfFsxXfay17G98cw27tYhkADRu2EG87huZV\nvEGcQkZEWWNKBL7GHTROz2jVS1JasYNeL7AXOg==','4A:94:94:F2:AD:53:37:7F:3F:7B:54:9C:D8:F3:36:E4:48:A1:41:85'),(707,'resource','MIIDLDCCAhSgAwIBAgIJANOVdFHUHhF+MA0GCSqGSIb3DQEBBQUAMB8xHTAbBgNV\nBAMTFHNwLXRlc3QudmVyc2kuZWR1LmF1MB4XDTA5MDkwMjAxNDQyN1oXDTE5MDgz\nMTAxNDQyN1owHzEdMBsGA1UEAxMUc3AtdGVzdC52ZXJzaS5lZHUuYXUwggEiMA0G\nCSqGSIb3DQEBAQUAA4IBDwAwggEKAoIBAQCn8iLXWL8wFvhphSaShq2wrmil2j9Q\n2wOG2/QuTZIq0+RJbJi9eNxrJWH7s2rRS1Q4Hwy+WcxAF70kDUZE59sAQdLwCQql\nCShZi9zNXnpJxLpOk/oKTK1dsTO85RUYk9YG9m8by6VOjrJb3bw2T4yFoF6GREyQ\nHrBviLQs9SSbBU7S/eVL0c4IGncNTd/QwULCXs+dXOPgN/38KrG5CkIlhQLrO4ME\nAfa+DSzGFVyMI+mliECUTvyRvJ8gEC09fWGLcJheVBv2/QQ/PZpQN8CB7zf6z05Y\nhExZx7IzjfFojAaBkkEEnkVnRT/NGJ+aQStZgzONxlZ7NRxx/9tJbf9JAgMBAAGj\nazBpMEgGA1UdEQRBMD+CFHNwLXRlc3QudmVyc2kuZWR1LmF1hidodHRwczovL3Nw\nLXRlc3QudmVyc2kuZWR1LmF1L3NoaWJib2xldGgwHQYDVR0OBBYEFGMpl+tFzkCr\nY6vMDDpDc5I9293cMA0GCSqGSIb3DQEBBQUAA4IBAQCjw1AehvhqakXVQuF255A4\nAQUFhCwFONxvJggd7obine9ADFP3op9jJWqxCb+SrjsZ5AHIW8Mci2caKGJvvpel\ndMxV/RDbLyuK2hJy1HrsZUx0F2jZmzlYdeecbkDLdfpau834eAK/JHgrTdMofF0q\nZv5P7zM2cuh0du+7aOJgc0hyefQK6NDGEewnz78IuB5tf0+31J2l3GBkPq8i8vN1\nM9EuoEwrlyCbu0nDBIKJo91vEZjhC8Rn+HD+wxkSwRp1v1WcDbWFCQQKsgfJVblD\nQy7OACvnEsf/6dXSCnWbkbPafnjepxgvQngHtM/gRjQiNX1HsB9elKFgrCTBIPCc','6C:F7:B1:2B:5D:54:31:34:4D:3E:BB:93:C8:B6:6C:4C:AE:B2:22:98'),(0,'issuingca','MIIEATCCA2qgAwIBAgIJAPlMXabkiQ1hMA0GCSqGSIb3DQEBBAUAMIGyMQswCQYD\nVQQGEwJBVTEMMAoGA1UECBMDTlNXMQ8wDQYDVQQHEwZTeWRuZXkxHTAbBgNVBAoT\nFE1hY3F1YXJpZSBVbml2ZXJzaXR5MQ0wCwYDVQQLEwRNQU1TMSswKQYDVQQDEyJN\nQU1TIFRlc3RiZWQgRmVkZXJhdGlvbiBMZXZlbCAxIENBMSkwJwYJKoZIhvcNAQkB\nFhpzeXNhZG1pbkBmZWRlcmF0aW9uLm9yZy5hdTAeFw0wNjA1MjMwNTEyNDlaFw0x\nNjA1MjAwNTEyNDlaMIGyMQswCQYDVQQGEwJBVTEMMAoGA1UECBMDTlNXMQ8wDQYD\nVQQHEwZTeWRuZXkxHTAbBgNVBAoTFE1hY3F1YXJpZSBVbml2ZXJzaXR5MQ0wCwYD\nVQQLEwRNQU1TMSswKQYDVQQDEyJNQU1TIFRlc3RiZWQgRmVkZXJhdGlvbiBMZXZl\nbCAxIENBMSkwJwYJKoZIhvcNAQkBFhpzeXNhZG1pbkBmZWRlcmF0aW9uLm9yZy5h\ndTCBnzANBgkqhkiG9w0BAQEFAAOBjQAwgYkCgYEA3o8ShVwejUwYPs5nefpkcPw5\n9VnIBzQAwrLMOx9TokkURQLVjXJsk8YhSObOKfQSQ3cY13xFXvkyvIwOS7CPxHRw\nCry7MiJ8Cn9QJqDwwHv6Jj7UxeDeL0kzEdaDaF+0doqWXCllxGLQ+2CveJVL5NqF\nqvGgSF29V1rXQhLmK6kCAwEAAaOCARswggEXMB0GA1UdDgQWBBQN0H7tGog9uoz1\naadjNdUJ0aqdATCB5wYDVR0jBIHfMIHcgBQN0H7tGog9uoz1aadjNdUJ0aqdAaGB\nuKSBtTCBsjELMAkGA1UEBhMCQVUxDDAKBgNVBAgTA05TVzEPMA0GA1UEBxMGU3lk\nbmV5MR0wGwYDVQQKExRNYWNxdWFyaWUgVW5pdmVyc2l0eTENMAsGA1UECxMETUFN\nUzErMCkGA1UEAxMiTUFNUyBUZXN0YmVkIEZlZGVyYXRpb24gTGV2ZWwgMSBDQTEp\nMCcGCSqGSIb3DQEJARYac3lzYWRtaW5AZmVkZXJhdGlvbi5vcmcuYXWCCQD5TF2m\n5IkNYTAMBgNVHRMEBTADAQH/MA0GCSqGSIb3DQEBBAUAA4GBAF67YbAvDtSXtzLR\ne9O3+udXXDaVXod+djL8wcWxurJ33PZOHuOSr2AACCV/GFm7+u0Z/2EWCaRHKz2R\npbHeJ1HTTdCnXk9j02/QeHCs5ARzXecaEFGXXf1KCXntTm/mYal1NH7W5jdTECBt\nLguQvT5cn8Hd7INAzwPRKPzUtWMy','41:A4:F0:CB:26:81:EF:38:61:EA:53:54:63:29:CB:38:FE:9F:E4:43'),(141,'aa','MIIDOzCCAiOgAwIBAgIUPo5hYG5eOEoJ3NrZ9XeCjvPvA6owDQYJKoZIhvcNAQEF\r\nBQAwHzEdMBsGA1UEAxMUdGVzdC1pZHAucmFtcC5vcmcuYXUwHhcNMDgxMjI0MTEz\r\nNjQ4WhcNMjgxMjI0MTEzNjQ4WjAfMR0wGwYDVQQDExR0ZXN0LWlkcC5yYW1wLm9y\r\nZy5hdTCCASIwDQYJKoZIhvcNAQEBBQADggEPADCCAQoCggEBAI3YICOScNP6QuWA\r\nZ1ZSYWnODADGs81L0f/VqJTPmEBG5y1FpbG51O6sqjhqpSBZiVXqk7L7GpE+g+yZ\r\nyLu4hgfP8K2Fo9Gq0fS8+3d2sj0Wy1y8xJyQjWi+6Q+T58ruYwdQ7kWhvb5iUmYh\r\nMCu/dljfDBrYQ0q4k4rINXeXgPSN4QZea4HlYyMcmq3Jd/ovTHcqLa5k0apmUmhE\r\nN23Iyxo1BTVqP42WQrUy+GL1V14Kousm+CVtz4+VplxZG4x9UY5oSFhVCuaqnoxI\r\nUDsCZJeUsz/1v9i8na17YjvS3mZHThLLvM908kD9OSnpBNxYXO58WRh9FLDT/lCX\r\nyMnBPBcCAwEAAaNvMG0wTAYDVR0RBEUwQ4IUdGVzdC1pZHAucmFtcC5vcmcuYXWG\r\nK2h0dHBzOi8vdGVzdC1pZHAucmFtcC5vcmcuYXUvaWRwL3NoaWJib2xldGgwHQYD\r\nVR0OBBYEFNhCDKd5PNQX5jBvIieUApnVG9tEMA0GCSqGSIb3DQEBBQUAA4IBAQAy\r\njVe73q422use3xQ0RcwN4XwKQ9PeDyFK42UgjEpan91yj0efRkcM1EHBqQD3Wijh\r\nrd1HJD0QqctJJRL70WZ+xS6YvWepKLq9zj2v6sjQMFA+/7F1Xrd0tBtV4m64CGZf\r\n7EOLqCCeF2IG07InhXTEDdz7V4kK4mGefU2hFrSW4HTtmKp127+Lhw/2i4epcKgZ\r\ncfdZ+HAmDLLwyCQ+wQoVcZcahgWwKjZLZExDndr17e20yxMM3R6im7YjnhcuDwgq\r\nyPP8u9eg+gWuMT/N0YJv69KhMsV9RLkjH3zu6jNBngj1M6OCOdsj/bTEF+7iEGWi\r\nEoao0y6vfgqYc6XUBIyU','39:E3:11:AE:AB:1E:A3:AA:B0:BD:5F:9F:B6:C1:85:8E:9B:5A:AA:BC'),(687,'resource','MIIDMDCCAhigAwIBAgIJANpL9AgYjDw7MA0GCSqGSIb3DQEBBQUAMCAxHjAcBgNV\nBAMTFXN0YXJmbG93ZXIucXV0LmVkdS5hdTAeFw0wOTA0MTYxMzQxNTBaFw0xOTA0\nMTQxMzQxNTBaMCAxHjAcBgNVBAMTFXN0YXJmbG93ZXIucXV0LmVkdS5hdTCCASIw\nDQYJKoZIhvcNAQEBBQADggEPADCCAQoCggEBAOa7KmO6911cC4cwPT1xKRvWSec5\nk+VR7WXuh6f8JRU//cJlNjmKn/jhdBt7u3XL8SnGZOXuexvYdKN5R12KTQj+Kc07\n3frhHrlIcwqngGbO35zaiCxuTr0nfvvB1PxxGNP8rQujwT1tkfsfue026sHuKfmv\noT2mVO75k3NdDgjnA/EoEqt9P8VHn8gHh7ell1AGp6jUCojmiB1X0vGEUe5vYqRR\nj8CIHYqy52hQVc0H/qgdEfGzWDsEGfMo5ys+BKxv5BS2bVbXgckzQ32ldoLEZoQU\nSxQw74Qulbay6sQGQcbpENYm6KonBM7pFcxilHM1hjzBWuZIjmrVxOfRLoECAwEA\nAaNtMGswSgYDVR0RBEMwQYIVc3RhcmZsb3dlci5xdXQuZWR1LmF1hihodHRwczov\nL3N0YXJmbG93ZXIucXV0LmVkdS5hdS9zaGliYm9sZXRoMB0GA1UdDgQWBBR6LyD3\nUSqI/M4If7CK6Xp1c09QJjANBgkqhkiG9w0BAQUFAAOCAQEA3ZujoGzgwu5AD3bJ\n5bzutDHg01Ve9aBDJxXeWBdbQms1dVtqW522nyXnQHIqpAOmN0QWgmr6MQLp7bxd\nA8Ilh108DazcNyrIdXyBWm0sNycD0VoL893PNXwASZOQiDmeTjs+Y//OLwdohClf\nYCAHz0d+Pz79fe3eX/tcwFnVjEW28GyRKQMvGoOUYwG67HddfrQIFflYTpAPjiQs\n9yyRJgZFBWIbvN4xrj13hxpxAG2EAl6UygjwasdPj6H2J8iNmLDJ1HIVWlAyqP4m\nbLspCR0j+1dZWntB1F4XsAu/lERMxKc9oiO26rC4tgntc05itOLumpEHxhgrzRwX\nx9pIMQ==','B0:AB:84:7D:AB:F2:C3:74:B8:DC:37:1E:EA:44:E7:85:59:6F:62:56'),(269,'aa','MIIEvzCCA6egAwIBAgIRAL1X66zr1Xt4Tj1uN7r/NSMwDQYJKoZIhvcNAQEFBQAw\r\nWjELMAkGA1UEBhMCQVUxEDAOBgNVBAoTB0F1c0NFUlQxHTAbBgNVBAsTFENlcnRp\r\nZmljYXRlIFNlcnZpY2VzMRowGAYDVQQDExFBdXNDRVJUIFNlcnZlciBDQTAeFw0x\r\nMDA5MjEwMDAwMDBaFw0xMTA5MjEyMzU5NTlaMIHCMQswCQYDVQQGEwJBVTENMAsG\r\nA1UEERMENDM1MDETMBEGA1UECBMKUXVlZW5zbGFuZDESMBAGA1UEBxMJVG9vd29v\r\nbWJhMRMwEQYDVQQJEwoxIFdlc3QgU3QuMSowKAYDVQQKEyFVbml2ZXJzaXR5IG9m\r\nIFNvdXRoZXJuIFF1ZWVuc2xhbmQxGDAWBgNVBAsTD0RpdmlzaW9uIG9mIElDVDEg\r\nMB4GA1UEAxMXaWRwMS1hYWZ0ZXN0LnVzcS5lZHUuYXUwgZ8wDQYJKoZIhvcNAQEB\r\nBQADgY0AMIGJAoGBAMvO+XVcUYg2/PYzB8oNLU3LBYzAjZbwaF08gAjy3+eDa54h\r\n/ssyb9GXV9LARWgcQUSYBZ6m4WPAiLtIvhvT/2vQZsDXpUnY6OIcAlJWzWWGWwO6\r\nu06M3sW2KvuGXHN89iAVGk6et3oKbsPmlNOVNDhctu+oUVXqCbLpIxil6PWHAgMB\r\nAAGjggGZMIIBlTAfBgNVHSMEGDAWgBSUayO5JuqCtFNgnYld9wLE2Sld6TAdBgNV\r\nHQ4EFgQUu96M0kvwb+Dc2BVSoOlxNRbPv3AwDgYDVR0PAQH/BAQDAgWgMAwGA1Ud\r\nEwEB/wQCMAAwHQYDVR0lBBYwFAYIKwYBBQUHAwEGCCsGAQUFBwMCMBkGA1UdIAQS\r\nMBAwDgYMKwYBBAGBtz0FAQEAMEEGA1UdHwQ6MDgwNqA0oDKGMGh0dHA6Ly9jcmwu\r\nY3MuYXVzY2VydC5vcmcuYXUvQXVzQ0VSVFNlcnZlckNBLmNybDB3BggrBgEFBQcB\r\nAQRrMGkwPAYIKwYBBQUHMAKGMGh0dHA6Ly9jcnQuY3MuYXVzY2VydC5vcmcuYXUv\r\nQXVzQ0VSVFNlcnZlckNBLmNydDApBggrBgEFBQcwAYYdaHR0cDovL29jc3AuY3Mu\r\nYXVzY2VydC5vcmcuYXUwPwYDVR0RBDgwNoIXaWRwMS1hYWZ0ZXN0LnVzcS5lZHUu\r\nYXWCG3d3dy5pZHAxLWFhZnRlc3QudXNxLmVkdS5hdTANBgkqhkiG9w0BAQUFAAOC\r\nAQEAdqqOwgEXi2+h8IPak0kWNfSZIlVyd9v+h9M0N3MA9uOQZkjhqv3TUTb4GaIo\r\nZUVnRAvvJaYevlUcARVqXrWkdaeOkkVMRd5YAit25Ucgu86zAg+WYCjxU4Jqp8gw\r\n2MlVgUFxcpRn1bRk0kU+TJDV330KjhtEmbemJ0YzO9ZCaCY0Oqs7vIJ3m5WXF7aG\r\nc7hECuFj0Wo319EGqvAr4KRpbXBEuCjYFjYbel/xXylFlVU/gIsWLAm+k2aJPedq\r\nDEUTgKngIWeDDBOPqqBB6r5nbQECOKQOVZmj0t7QJgDQmABJ7DBlqc0Q5SfTq0hK\r\nr3Nx6YrAkIc6SB/Iw7bf/QG79w==','69:F3:1F:BF:87:D1:D7:79:D8:1D:11:2E:C1:FC:00:D4:C6:50:42:F5'),(675,'resource','MIIDIDCCAgigAwIBAgIJANB4DGqbfEvYMA0GCSqGSIb3DQEBBQUAMBwxGjAYBgNV\nBAMTEXJyZGV2LmFyY3Mub3JnLmF1MB4XDTA5MDMwOTA1MzUxN1oXDTE5MDMwNzA1\nMzUxN1owHDEaMBgGA1UEAxMRcnJkZXYuYXJjcy5vcmcuYXUwggEiMA0GCSqGSIb3\nDQEBAQUAA4IBDwAwggEKAoIBAQDO6X8PRlAwT07++x7GTc+++U4S60EJPmRcsYtu\nu9eQreBpUXvR/2Xkt9/bKr040oNuGKx30dMokEXHlT4+14+lYs95lNIVHCNa2Oe/\nI6I5xrGIcZ3koQfCLqsZsuxS9Sagnsms+HaMYWP5WhNxYrAR5tnw8LAXiDCMP01H\njCzU5HrXVLS6ToDGtTobbcBH5F7dS5ShMQvBoxlw6z38rQwUJkp/K98l7rrDkjux\niqUo8RoN2kGM5TSXzwVK7xEODZlZhE5KIZXsHhcLrgkNPPzP8iS3CqFuHTuJmNPh\nqlVEX/gDXDP9nL/nL3WD1g/AuFa+cjYN7JOyelNnWeKoZVfdAgMBAAGjZTBjMEIG\nA1UdEQQ7MDmCEXJyZGV2LmFyY3Mub3JnLmF1hiRodHRwczovL3JyZGV2LmFyY3Mu\nb3JnLmF1L3NoaWJib2xldGgwHQYDVR0OBBYEFMzn2p9G63T2lyZ+Yyr0JFdB2JYs\nMA0GCSqGSIb3DQEBBQUAA4IBAQBvUAhyjwhVmI9R4HCM20NylJ1IzC4OgysoJUAz\nHUo93/EtAZsEhQVo2U6gW2VfgrWQlT5ik4bSv6DJ2al7GjEbUIalWr4NYy/EMCil\njevMw2iD9cvUkB9qGfRirXO+jmz2IEm+SBid0numAz8oL5TsDuSQQJKhIpAXETcx\n5/8y9cci3jvXmEe+INeLtJ2p2qoZ3ZY2cs06wwm3Gf7ty8o933UbhSvI0Fo0s72n\nCm7H+Eti+5TMMPQvreXvJkIvuOitIShfEmoO7kVV8XdeDE9fZMaWW1PaDHFZE377\nqKtx0iVs6xo2mZ6ZPxgx299TL22L48iLBNy0J9LcE1CazD5g','0B:F7:00:3E:72:1B:16:24:AB:DD:75:EC:01:31:51:B2:2C:BF:38:A3'),(0,'issuingca','MIIF5jCCBU+gAwIBAgIDAJAYMA0GCSqGSIb3DQEBBQUAMIGjMQswCQYDVQQGEwJF\nUzESMBAGA1UECBMJQkFSQ0VMT05BMRIwEAYDVQQHEwlCQVJDRUxPTkExGTAXBgNV\nBAoTEElQUyBTZWd1cmlkYWQgQ0ExGDAWBgNVBAsTD0NlcnRpZmljYWNpb25lczEX\nMBUGA1UEAxMOSVBTIFNFUlZJRE9SRVMxHjAcBgkqhkiG9w0BCQEWD2lwc0BtYWls\nLmlwcy5lczAeFw0wMTEyMzAxMzM2MTFaFw0yNTEyMjkxMzM2MTFaMIIBEjELMAkG\nA1UEBhMCRVMxEjAQBgNVBAgTCUJhcmNlbG9uYTESMBAGA1UEBxMJQmFyY2Vsb25h\nMSkwJwYDVQQKEyBJUFMgQ2VydGlmaWNhdGlvbiBBdXRob3JpdHkgcy5sLjEuMCwG\nA1UEChQlZ2VuZXJhbEBpcHNjYS5jb20gQy5JLkYuICBCLUI2MjIxMDY5NTEuMCwG\nA1UECxMlaXBzQ0EgQ0xBU0VBMSBDZXJ0aWZpY2F0aW9uIEF1dGhvcml0eTEuMCwG\nA1UEAxMlaXBzQ0EgQ0xBU0VBMSBDZXJ0aWZpY2F0aW9uIEF1dGhvcml0eTEgMB4G\nCSqGSIb3DQEJARYRZ2VuZXJhbEBpcHNjYS5jb20wgZ8wDQYJKoZIhvcNAQEBBQAD\ngY0AMIGJAoGBAKb1c2Y2HaMvT60q2O8Mpkvvpxus9/JGFxuyAqs+EYmMaqgP2GMU\nmdcfvLInaAJu9DCJ663rQdy0Qgb6SB8TjGTfhy3HFNSng+RyOzLq0015MWUFCTOB\nK27mNq0hETM2K2jKvkMsN7c9aRY75Z2+MqfV30qA/NpzcKrZKIIvaLuxAgMBAAGj\nggK0MIICsDAMBgNVHRMEBTADAQH/MBEGCWCGSAGG+EIBAQQEAwIABzAMBgNVHQ8E\nBQMDB/+AMGsGA1UdJQRkMGIGCCsGAQUFBwMBBggrBgEFBQcDAgYIKwYBBQUHAwMG\nCCsGAQUFBwMEBggrBgEFBQcDCAYKKwYBBAGCNwIBFQYKKwYBBAGCNwIBFgYKKwYB\nBAGCNwoDAQYKKwYBBAGCNwoDBDAdBgNVHQ4EFgQUDgdg1DnJG1tdkHsjyNI0nUqa\nRjkwgboGA1UdIwSBsjCBr6GBqaSBpjCBozELMAkGA1UEBhMCRVMxEjAQBgNVBAgT\nCUJBUkNFTE9OQTESMBAGA1UEBxMJQkFSQ0VMT05BMRkwFwYDVQQKExBJUFMgU2Vn\ndXJpZGFkIENBMRgwFgYDVQQLEw9DZXJ0aWZpY2FjaW9uZXMxFzAVBgNVBAMTDklQ\nUyBTRVJWSURPUkVTMR4wHAYJKoZIhvcNAQkBFg9pcHNAbWFpbC5pcHMuZXOCAQAw\nHAYDVR0RBBUwE4ERZ2VuZXJhbEBpcHNjYS5jb20wCQYDVR0SBAIwADBDBglghkgB\nhvhCAQ0ENhY0Q0xBU0VBMSBDQSBDZXJ0aWZpY2F0ZSBpc3N1ZWQgYnkgaHR0cHM6\nLy93d3cuaXBzLmVzLzAiBglghkgBhvhCAQIEFRYTaHR0cHM6Ly93d3cuaXBzLmVz\nLzBzBgNVHR8EbDBqMDGgL6AthitodHRwczovL3d3dy5pcHMuZXMvY3JsL2lwc1NF\nUlZJRE9SRVNjcmwuY3JsMDWgM6Axhi9odHRwczovL3d3d2JhY2suaXBzLmVzL2Ny\nbC9pcHNTRVJWSURPUkVTY3JsLmNybDAvBggrBgEFBQcBAQQjMCEwHwYIKwYBBQUH\nMAGGE2h0dHA6Ly9vY3NwLmlwcy5FUy8wDQYJKoZIhvcNAQEFBQADgYEAJwVKDHTJ\nFF3Idcje7okMYx4fAYTHAssZ15HI3T7PsMjz9ZK1VIJUYh8y64ChfVbx5OcoWSak\nffDKLTHGyfNwncHPXiak77IS54joGYXtgOQ5AmiHY6kTPGz1RWoizpZWB1+mo+43\nCm6Si55A3hQwGSiTkLfz/LVO8veWDrsQlNQ=','BD:B7:46:A9:82:7E:9E:19:DD:43:C1:B8:48:10:55:22:D0:13:E7:EC'),(0,'issuingca','MIICPDCCAaUCEHC65B0Q2Sk0tjjKewPMur8wDQYJKoZIhvcNAQECBQAwXzELMAkG\nA1UEBhMCVVMxFzAVBgNVBAoTDlZlcmlTaWduLCBJbmMuMTcwNQYDVQQLEy5DbGFz\ncyAzIFB1YmxpYyBQcmltYXJ5IENlcnRpZmljYXRpb24gQXV0aG9yaXR5MB4XDTk2\nMDEyOTAwMDAwMFoXDTI4MDgwMTIzNTk1OVowXzELMAkGA1UEBhMCVVMxFzAVBgNV\nBAoTDlZlcmlTaWduLCBJbmMuMTcwNQYDVQQLEy5DbGFzcyAzIFB1YmxpYyBQcmlt\nYXJ5IENlcnRpZmljYXRpb24gQXV0aG9yaXR5MIGfMA0GCSqGSIb3DQEBAQUAA4GN\nADCBiQKBgQDJXFme8huKARS0EN8EQNvjV69qRUCPhAwL0TPZ2RHP7gJYHyX3KqhE\nBarsAx94f56TuZoAqiN91qyFomNFx3InzPRMxnVx0jnvT0Lwdd8KkMaOIG+YD/is\nI19wKTakyYbnsZogy1Olhec9vn2a/iRFM9x2Fe0PonFkTGUugWhFpwIDAQABMA0G\nCSqGSIb3DQEBAgUAA4GBALtMEivPLCYATxQT3ab7/AoRhIzzKBxnki98tsX63/Do\nlbwdj2wsqFHMc9ikwFPwTtYmwHYBV4GSXiHx0bH/59AhWM1pF+NEHJwZRDmJXNyc\nAA9WjQKZ7aKQRUzkuxCkPfAyAw7xzvjoyVGM5mKf5p/AfbdynMk2OmufTqj/ZA1k','74:2C:31:92:E6:07:E4:24:EB:45:49:54:2B:E1:BB:C5:3E:61:74:E2'),(0,'issuingca','MIIEnDCCBAWgAwIBAgIQdTN9mrDhIzuuLX3kRpFi1DANBgkqhkiG9w0BAQUFADBf\nMQswCQYDVQQGEwJVUzEXMBUGA1UEChMOVmVyaVNpZ24sIEluYy4xNzA1BgNVBAsT\nLkNsYXNzIDMgUHVibGljIFByaW1hcnkgQ2VydGlmaWNhdGlvbiBBdXRob3JpdHkw\nHhcNMDUwMTE5MDAwMDAwWhcNMTUwMTE4MjM1OTU5WjCBsDELMAkGA1UEBhMCVVMx\nFzAVBgNVBAoTDlZlcmlTaWduLCBJbmMuMR8wHQYDVQQLExZWZXJpU2lnbiBUcnVz\ndCBOZXR3b3JrMTswOQYDVQQLEzJUZXJtcyBvZiB1c2UgYXQgaHR0cHM6Ly93d3cu\ndmVyaXNpZ24uY29tL3JwYSAoYykwNTEqMCgGA1UEAxMhVmVyaVNpZ24gQ2xhc3Mg\nMyBTZWN1cmUgU2VydmVyIENBMIIBIjANBgkqhkiG9w0BAQEFAAOCAQ8AMIIBCgKC\nAQEAlcMhEo5AxQ0BX3ZeZpTZcyxYGSK4yfx6OZAqd3J8HT732FXjr0LLhzAC3Fus\ncOa4RLQrNeuT0hcFfstG1lxToDJRnXRkWPkMmgDqXkRJZHL0zRDihQr5NO6ziGap\npaRa0A6Yf1gNK1K7hql+LvqySHyN2y1fAXWijQY7i7RhB8m+Ipn4G9G1V2YETTX0\nkXGWtZkIJZuXyDrzILHdnpgMSmO3ps6wAc74k2rzDG6fsemEe4GYQeaB3D0s57Rr\n4578CBbXs9W5ZhKZfG1xyE2+xw/j+zet1XWHIWuG0EQUWlR5OZZpVsm5Mc2JYVjh\n2XYFBa33uQKvp/1HkaIiNFox0QIDAQABo4IBgTCCAX0wEgYDVR0TAQH/BAgwBgEB\n/wIBADBEBgNVHSAEPTA7MDkGC2CGSAGG+EUBBxcDMCowKAYIKwYBBQUHAgEWHGh0\ndHBzOi8vd3d3LnZlcmlzaWduLmNvbS9ycGEwMQYDVR0fBCowKDAmoCSgIoYgaHR0\ncDovL2NybC52ZXJpc2lnbi5jb20vcGNhMy5jcmwwDgYDVR0PAQH/BAQDAgEGMBEG\nCWCGSAGG+EIBAQQEAwIBBjApBgNVHREEIjAgpB4wHDEaMBgGA1UEAxMRQ2xhc3Mz\nQ0EyMDQ4LTEtNDUwHQYDVR0OBBYEFG/sr6DdiqTv9SoQZy0/VYK81+8lMIGABgNV\nHSMEeTB3oWOkYTBfMQswCQYDVQQGEwJVUzEXMBUGA1UEChMOVmVyaVNpZ24sIElu\nYy4xNzA1BgNVBAsTLkNsYXNzIDMgUHVibGljIFByaW1hcnkgQ2VydGlmaWNhdGlv\nbiBBdXRob3JpdHmCEHC65B0Q2Sk0tjjKewPMur8wDQYJKoZIhvcNAQEFBQADgYEA\nw34IRl2RNs9n3Nenr6+4IsOLBHTTsWC85v63RBKBWzFzFGNWxnIu0RoDQ1w4ClBK\nTc3athmo9JkNr+P32PF1KGX2av6b9L1S2T/L2hbLpZ4ujmZSeD0m+v6UNohKlV4q\nTBnvbvqCPy0D79YoszcYz0KyNCFkR9MgazpM3OYDkAw=','18:85:90:E9:48:78:47:8E:33:B6:19:4E:59:FB:BB:28:FF:08:88:D5'),(692,'resource','MIIEnDCCBAWgAwIBAgIQdTN9mrDhIzuuLX3kRpFi1DANBgkqhkiG9w0BAQUFADBf\nMQswCQYDVQQGEwJVUzEXMBUGA1UEChMOVmVyaVNpZ24sIEluYy4xNzA1BgNVBAsT\nLkNsYXNzIDMgUHVibGljIFByaW1hcnkgQ2VydGlmaWNhdGlvbiBBdXRob3JpdHkw\nHhcNMDUwMTE5MDAwMDAwWhcNMTUwMTE4MjM1OTU5WjCBsDELMAkGA1UEBhMCVVMx\nFzAVBgNVBAoTDlZlcmlTaWduLCBJbmMuMR8wHQYDVQQLExZWZXJpU2lnbiBUcnVz\ndCBOZXR3b3JrMTswOQYDVQQLEzJUZXJtcyBvZiB1c2UgYXQgaHR0cHM6Ly93d3cu\ndmVyaXNpZ24uY29tL3JwYSAoYykwNTEqMCgGA1UEAxMhVmVyaVNpZ24gQ2xhc3Mg\nMyBTZWN1cmUgU2VydmVyIENBMIIBIjANBgkqhkiG9w0BAQEFAAOCAQ8AMIIBCgKC\nAQEAlcMhEo5AxQ0BX3ZeZpTZcyxYGSK4yfx6OZAqd3J8HT732FXjr0LLhzAC3Fus\ncOa4RLQrNeuT0hcFfstG1lxToDJRnXRkWPkMmgDqXkRJZHL0zRDihQr5NO6ziGap\npaRa0A6Yf1gNK1K7hql+LvqySHyN2y1fAXWijQY7i7RhB8m+Ipn4G9G1V2YETTX0\nkXGWtZkIJZuXyDrzILHdnpgMSmO3ps6wAc74k2rzDG6fsemEe4GYQeaB3D0s57Rr\n4578CBbXs9W5ZhKZfG1xyE2+xw/j+zet1XWHIWuG0EQUWlR5OZZpVsm5Mc2JYVjh\n2XYFBa33uQKvp/1HkaIiNFox0QIDAQABo4IBgTCCAX0wEgYDVR0TAQH/BAgwBgEB\n/wIBADBEBgNVHSAEPTA7MDkGC2CGSAGG+EUBBxcDMCowKAYIKwYBBQUHAgEWHGh0\ndHBzOi8vd3d3LnZlcmlzaWduLmNvbS9ycGEwMQYDVR0fBCowKDAmoCSgIoYgaHR0\ncDovL2NybC52ZXJpc2lnbi5jb20vcGNhMy5jcmwwDgYDVR0PAQH/BAQDAgEGMBEG\nCWCGSAGG+EIBAQQEAwIBBjApBgNVHREEIjAgpB4wHDEaMBgGA1UEAxMRQ2xhc3Mz\nQ0EyMDQ4LTEtNDUwHQYDVR0OBBYEFG/sr6DdiqTv9SoQZy0/VYK81+8lMIGABgNV\nHSMEeTB3oWOkYTBfMQswCQYDVQQGEwJVUzEXMBUGA1UEChMOVmVyaVNpZ24sIElu\nYy4xNzA1BgNVBAsTLkNsYXNzIDMgUHVibGljIFByaW1hcnkgQ2VydGlmaWNhdGlv\nbiBBdXRob3JpdHmCEHC65B0Q2Sk0tjjKewPMur8wDQYJKoZIhvcNAQEFBQADgYEA\nw34IRl2RNs9n3Nenr6+4IsOLBHTTsWC85v63RBKBWzFzFGNWxnIu0RoDQ1w4ClBK\nTc3athmo9JkNr+P32PF1KGX2av6b9L1S2T/L2hbLpZ4ujmZSeD0m+v6UNohKlV4q\nTBnvbvqCPy0D79YoszcYz0KyNCFkR9MgazpM3OYDkAw=','18:85:90:E9:48:78:47:8E:33:B6:19:4E:59:FB:BB:28:FF:08:88:D5'),(0,'issuingca','MIIEmDCCA4CgAwIBAgIQS8gUAy8H+mqk8Nop32F5ujANBgkqhkiG9w0BAQUFADCB\nlzELMAkGA1UEBhMCVVMxCzAJBgNVBAgTAlVUMRcwFQYDVQQHEw5TYWx0IExha2Ug\nQ2l0eTEeMBwGA1UEChMVVGhlIFVTRVJUUlVTVCBOZXR3b3JrMSEwHwYDVQQLExho\ndHRwOi8vd3d3LnVzZXJ0cnVzdC5jb20xHzAdBgNVBAMTFlVUTi1VU0VSRmlyc3Qt\nSGFyZHdhcmUwHhcNMDkwNTE4MDAwMDAwWhcNMjAwNTMwMTA0ODM4WjA2MQswCQYD\nVQQGEwJOTDEPMA0GA1UEChMGVEVSRU5BMRYwFAYDVQQDEw1URVJFTkEgU1NMIENB\nMIIBIjANBgkqhkiG9w0BAQEFAAOCAQ8AMIIBCgKCAQEAw+NIxC9cwcupmf0booNd\nij2tOtDipEMfTQ7+NSUwpWkbxOjlwY9UfuFqoppcXN49/ALOlrhfj4NbzGBAkPjk\ntjolnF8UUeyx56+eUKExVccCvaxSin81joL6hK0V/qJ/gxA6VVOULAEWdJRUYyij\n8lspPZSIgCDiFFkhGbSkmOFg5vLrooCDQ+CtaPN5GYtoQ1E/iptBhQw1jF218bbl\np8ODtWsjb9Sl61DllPFKX+4nSxQSFSRMDc9ijbcAIa06Mg9YC18em9HfnY6pGTVQ\nL0GprTvG4EWyUzl/Ib8iGodcNK5Sbwd9ogtOnyt5pn0T3fV/g3wvWl13eHiRoBS/\nfQIDAQABo4IBPjCCATowHwYDVR0jBBgwFoAUoXJfJhsomEOVXQc31YWWnUvSw0Uw\nHQYDVR0OBBYEFAy9k2gM896ro0lrKzdXR+qQ47ntMA4GA1UdDwEB/wQEAwIBBjAS\nBgNVHRMBAf8ECDAGAQH/AgEAMBgGA1UdIAQRMA8wDQYLKwYBBAGyMQECAh0wRAYD\nVR0fBD0wOzA5oDegNYYzaHR0cDovL2NybC51c2VydHJ1c3QuY29tL1VUTi1VU0VS\nRmlyc3QtSGFyZHdhcmUuY3JsMHQGCCsGAQUFBwEBBGgwZjA9BggrBgEFBQcwAoYx\naHR0cDovL2NydC51c2VydHJ1c3QuY29tL1VUTkFkZFRydXN0U2VydmVyX0NBLmNy\ndDAlBggrBgEFBQcwAYYZaHR0cDovL29jc3AudXNlcnRydXN0LmNvbTANBgkqhkiG\n9w0BAQUFAAOCAQEATiPuSJz2hYtxxApuc5NywDqOgIrZs8qy1AGcKM/yXA4hRJML\nthoh45gBlA5nSYEevj0NTmDa76AxTpXv8916WoIgQ7ahY0OzUGlDYktWYrA0irkT\nQ1mT7BR5iPNIk+idyfqHcgxrVqDDFY1opYcfcS3mWm08aXFABFXcoEOUIEU4eNe9\nitg5xt8Jt1qaqQO4KBB4zb8BG1oRPjj02Bs0ec8z0gH9rJjNbUcRkEy7uVvYcOfV\nr7bMxIbmdcCeKbYrDyqlaQIN4+mitF3A884saoU4dmHGSYKrUbOCprlBmCiY+2v+\nihb/MX5UR6g83EMmqZsFt57ANEORMNQywxFa4Q==','3A:88:17:64:47:2B:64:41:DD:B3:AF:DD:47:C6:B8:B7:6E:E7:BA:1D'),(141,'sso','MIIDOzCCAiOgAwIBAgIUPo5hYG5eOEoJ3NrZ9XeCjvPvA6owDQYJKoZIhvcNAQEF\r\nBQAwHzEdMBsGA1UEAxMUdGVzdC1pZHAucmFtcC5vcmcuYXUwHhcNMDgxMjI0MTEz\r\nNjQ4WhcNMjgxMjI0MTEzNjQ4WjAfMR0wGwYDVQQDExR0ZXN0LWlkcC5yYW1wLm9y\r\nZy5hdTCCASIwDQYJKoZIhvcNAQEBBQADggEPADCCAQoCggEBAI3YICOScNP6QuWA\r\nZ1ZSYWnODADGs81L0f/VqJTPmEBG5y1FpbG51O6sqjhqpSBZiVXqk7L7GpE+g+yZ\r\nyLu4hgfP8K2Fo9Gq0fS8+3d2sj0Wy1y8xJyQjWi+6Q+T58ruYwdQ7kWhvb5iUmYh\r\nMCu/dljfDBrYQ0q4k4rINXeXgPSN4QZea4HlYyMcmq3Jd/ovTHcqLa5k0apmUmhE\r\nN23Iyxo1BTVqP42WQrUy+GL1V14Kousm+CVtz4+VplxZG4x9UY5oSFhVCuaqnoxI\r\nUDsCZJeUsz/1v9i8na17YjvS3mZHThLLvM908kD9OSnpBNxYXO58WRh9FLDT/lCX\r\nyMnBPBcCAwEAAaNvMG0wTAYDVR0RBEUwQ4IUdGVzdC1pZHAucmFtcC5vcmcuYXWG\r\nK2h0dHBzOi8vdGVzdC1pZHAucmFtcC5vcmcuYXUvaWRwL3NoaWJib2xldGgwHQYD\r\nVR0OBBYEFNhCDKd5PNQX5jBvIieUApnVG9tEMA0GCSqGSIb3DQEBBQUAA4IBAQAy\r\njVe73q422use3xQ0RcwN4XwKQ9PeDyFK42UgjEpan91yj0efRkcM1EHBqQD3Wijh\r\nrd1HJD0QqctJJRL70WZ+xS6YvWepKLq9zj2v6sjQMFA+/7F1Xrd0tBtV4m64CGZf\r\n7EOLqCCeF2IG07InhXTEDdz7V4kK4mGefU2hFrSW4HTtmKp127+Lhw/2i4epcKgZ\r\ncfdZ+HAmDLLwyCQ+wQoVcZcahgWwKjZLZExDndr17e20yxMM3R6im7YjnhcuDwgq\r\nyPP8u9eg+gWuMT/N0YJv69KhMsV9RLkjH3zu6jNBngj1M6OCOdsj/bTEF+7iEGWi\r\nEoao0y6vfgqYc6XUBIyU','39:E3:11:AE:AB:1E:A3:AA:B0:BD:5F:9F:B6:C1:85:8E:9B:5A:AA:BC'),(139,'aa','MIIDNDCCAhygAwIBAgIVAOgIBqdjU5+O1bsU/tGY+Q68IyuLMA0GCSqGSIb3DQEB\nBQUAMB0xGzAZBgNVBAMTEmFhZi1pZHAuZWN1LmVkdS5hdTAeFw0wOTAzMTAwMzAy\nMzZaFw0yOTAzMTAwNDAyMzZaMB0xGzAZBgNVBAMTEmFhZi1pZHAuZWN1LmVkdS5h\ndTCCASIwDQYJKoZIhvcNAQEBBQADggEPADCCAQoCggEBAIEKCCi3JSRCOICLUqDg\nyQs+GA6nk8v4IxQ0pt9UFTcdrsE9akVf+kKfeR6x7/7DcnYW9zjzJTvyP3tgnfBj\nraiKRpey6y/mV22yA4y9IUzXLdJ45VvjPxPIKdgicktKBuT42ydDUX1yRGYGodTQ\nfn7l7thmKJBC6ms1AUf787A1CCUbOXQPgavU/azECzmTVhW8HGmRnT4wg4wTaxsm\n5CTRHoDGeNyftuWFu0i4lu5rV93Ftri7yUQQXYvxvYl8Hcdb1nysIot5Yo+J1B36\nHqv6+rrqlE20+cZq3YTlJ1xGrvypZNMsY0uqinK2ukbbCIQww7hk0RMtkIcHBeji\nIcMCAwEAAaNrMGkwSAYDVR0RBEEwP4ISYWFmLWlkcC5lY3UuZWR1LmF1hilodHRw\nczovL2FhZi1pZHAuZWN1LmVkdS5hdS9pZHAvc2hpYmJvbGV0aDAdBgNVHQ4EFgQU\n9XuLfqHIQji0vsy99AEA/tXGaYUwDQYJKoZIhvcNAQEFBQADggEBAGYjVvADIGKD\n4fOMUobCTwSQn5n7Y/ULuRboB7rJFwfqkpB/TJO2a1I8z4WaD+1Yk5aZml1B6JS8\n+QTxXStczrejIsXDzsxF/NQA3QNH5Kq/f5EoEt7OzD5/hrAkXh/K/loFNFZdIGOK\nFfS3/X1/gK0VfeFaFnioq3UKHfC60BpWCqTCG4yKe9Tiu85fG+9+8MqGq2FMXghl\nACFrUX02IBr9bglC9ADf/7Z0AhiaDNYj/DOWS8Ws6t8oA3b7eTjgXYIEsTaPXAr9\n0lPzXPYI2SxH/O86/wFbNjGK7VAinUt5/rOnjVMfeiTsLY0ALxHJlHnUjVJvezX7\ncCb/ZXNYMBM=','0D:4B:F0:1F:C3:2C:BB:A1:20:D7:82:71:58:79:4D:F1:9F:A8:71:8A'),(140,'aa','MIIDNzCCAh+gAwIBAgIJAPFc5xXCbvMYMA0GCSqGSIb3DQEBBQUAMB4xHDAaBgNV\nBAMTE2lkcDIudGVzdC51cS5lZHUuYXUwHhcNMDkwMzI3MDQ1NzQwWhcNMTAwMzI3\nMDQ1NzQwWjAeMRwwGgYDVQQDExNpZHAyLnRlc3QudXEuZWR1LmF1MIIBIjANBgkq\nhkiG9w0BAQEFAAOCAQ8AMIIBCgKCAQEA6IX4e7OkY4qPJQt5rbQQLBBjsPtsX/sz\nTKEZIoLhPgXxIIsFaDobd6OxU6JHEZD6upiGQucFI49bWiZMI2ttElk+KSNAftdu\nDPfJmJrpR7bNUQofrQl2yukXVw/8/KUjBtr5jI9eDsb2GxY6AWB2x8RGmOFBTQrK\nEC7+yHCIgnlk272afKkdxoBuU60Od1WAEVg2cJnOftU9vB5nKEMbD4j2bnxWotu7\nCxS88rabS4nfZP0zqGxEZWfT6UDlUM8QbyepUnYppTjh2e69dlejW6gP4LkrznCo\nJvxxHtPgX1fHMhgKcfG6qB9wjF0KzffX2FXAfBRgTfUJ+up4BIDheQIDAQABo3gw\ndjAdBgNVHQ4EFgQU8mrtUvYQBzMwEigb8BkvE4bYkckwVQYDVR0RBE4wTIITaWRw\nMi50ZXN0LnVxLmVkdS5hdYY1aHR0cHM6Ly9pZHAyLnRlc3QudXEuZWR1LmF1L3Np\nbXBsZXNhbWwvaWRwL3NoaWJib2xldGgwDQYJKoZIhvcNAQEFBQADggEBAOGx0LwY\nTNztASnAsl+kho2qyck0L/1mLYMmS/uByjkAaLr4UKKVM035pKK4V7hHoL3wZCtz\nW95npB0XKf6l5+YZ4QpfaZq/SgjR2jEW+oOHfG/b/aFv18CjTZcrV5hdXguKQCbQ\noM8EVUTm1aPRrcs7IFX9+9W3ssDeA8/VXHJb57Mz96HwwF1GWVa1cCkJY4QVl/uq\nkxbaWdxPdOmFlJqWOSafZ7SVnJ83RhKrwcnZmqLN8SvSIlC10JV8uTbM2Kj1ix7v\n2lchwKqMkt7UUnegbsKvFShM09oYOaJD7YJXfLxUiVgZ+ttWBop/Acxe+W+CNmG0\n89UAZ1a14LSsxRs=','3A:32:7F:30:F1:1A:DB:EF:98:46:6B:41:95:D6:58:B1:AE:6D:C3:79'),(140,'sso','MIIDNzCCAh+gAwIBAgIJAPFc5xXCbvMYMA0GCSqGSIb3DQEBBQUAMB4xHDAaBgNV\nBAMTE2lkcDIudGVzdC51cS5lZHUuYXUwHhcNMDkwMzI3MDQ1NzQwWhcNMTAwMzI3\nMDQ1NzQwWjAeMRwwGgYDVQQDExNpZHAyLnRlc3QudXEuZWR1LmF1MIIBIjANBgkq\nhkiG9w0BAQEFAAOCAQ8AMIIBCgKCAQEA6IX4e7OkY4qPJQt5rbQQLBBjsPtsX/sz\nTKEZIoLhPgXxIIsFaDobd6OxU6JHEZD6upiGQucFI49bWiZMI2ttElk+KSNAftdu\nDPfJmJrpR7bNUQofrQl2yukXVw/8/KUjBtr5jI9eDsb2GxY6AWB2x8RGmOFBTQrK\nEC7+yHCIgnlk272afKkdxoBuU60Od1WAEVg2cJnOftU9vB5nKEMbD4j2bnxWotu7\nCxS88rabS4nfZP0zqGxEZWfT6UDlUM8QbyepUnYppTjh2e69dlejW6gP4LkrznCo\nJvxxHtPgX1fHMhgKcfG6qB9wjF0KzffX2FXAfBRgTfUJ+up4BIDheQIDAQABo3gw\ndjAdBgNVHQ4EFgQU8mrtUvYQBzMwEigb8BkvE4bYkckwVQYDVR0RBE4wTIITaWRw\nMi50ZXN0LnVxLmVkdS5hdYY1aHR0cHM6Ly9pZHAyLnRlc3QudXEuZWR1LmF1L3Np\nbXBsZXNhbWwvaWRwL3NoaWJib2xldGgwDQYJKoZIhvcNAQEFBQADggEBAOGx0LwY\nTNztASnAsl+kho2qyck0L/1mLYMmS/uByjkAaLr4UKKVM035pKK4V7hHoL3wZCtz\nW95npB0XKf6l5+YZ4QpfaZq/SgjR2jEW+oOHfG/b/aFv18CjTZcrV5hdXguKQCbQ\noM8EVUTm1aPRrcs7IFX9+9W3ssDeA8/VXHJb57Mz96HwwF1GWVa1cCkJY4QVl/uq\nkxbaWdxPdOmFlJqWOSafZ7SVnJ83RhKrwcnZmqLN8SvSIlC10JV8uTbM2Kj1ix7v\n2lchwKqMkt7UUnegbsKvFShM09oYOaJD7YJXfLxUiVgZ+ttWBop/Acxe+W+CNmG0\n89UAZ1a14LSsxRs=','3A:32:7F:30:F1:1A:DB:EF:98:46:6B:41:95:D6:58:B1:AE:6D:C3:79'),(681,'resource','MIIDPjCCAiagAwIBAgIJAO88T697xfWRMA0GCSqGSIb3DQEBBQUAMCMxITAfBgNV\nBAMTGGVzb2Vwb2Muc21hcnQudXRzLmVkdS5hdTAeFw0wOTAzMjQwNDI3NDVaFw0x\nMjAzMjMwNDI3NDVaMCMxITAfBgNVBAMTGGVzb2Vwb2Muc21hcnQudXRzLmVkdS5h\ndTCCASIwDQYJKoZIhvcNAQEBBQADggEPADCCAQoCggEBANmXPpFtecRXd0INiTHk\ncfTt92GxwY+50izPwB3/XzI5WRsPuqUXS7S7ak9cddfSnRWI1q5hY8yBYOTZAtDF\n9hdQIdRkPmhFJVJ4/qjef+BVwKCp1luGvVcyZneswDA7pB3sTOEen0X/zuAEk3xa\nPYCQkij4Tgw49kntkCOFtywQUkAMbNQrPU1s9Zi3SYPLce5JmDUosGtoTnXJ/xiL\nkuPPAcJcjId4MVExJl6h9pEg2pkd+z+D7RcBWS56ajz9SeIcJWq+VoYnqFE45ARk\njZ6EsLkTZkXdk0KF/Grhv7HF7fESrXPq7PCnNJDSECut+zQpiREaBvMO011LihYz\njmsCAwEAAaN1MHMwUgYDVR0RBEswSYIYZXNvZXBvYy5zbWFydC51dHMuZWR1LmF1\nhi1odHRwOi8vZXNvZXBvYy5zbWFydC51dHMuZWR1LmF1L3NoaWJkZWxlZ2F0b3Iw\nHQYDVR0OBBYEFLjrndCUkKkkddgWDi8r4pcxBUGoMA0GCSqGSIb3DQEBBQUAA4IB\nAQAjVV5KelOtxO+hsvL+OhcFVnm8KSFGBQpaF7lhPPDPsKvM3zNxVgWP6drIZRNt\n7o6u2xTPYZae6+hpS3UhNuX+L6zMZCcsLQCw10BJ5rhKyCm45jgwwW9IrT/1Dsy7\nEY2R8LEXOmKF3Gl38D6yNzKAThefzzIJsaYPEL59tVojYPV6WHvwenEuT+cL1/8D\n4FLFL2eZgCGRfn5Vjx51tTcylnQZHKysQYMC9DsVbH+P6jnBRu/nYgI6bd7qXa53\ne6gAm9lvhIGfBpGWopbGBg4Ecptee7A4XDejwFdC86BZ2JKVjYOxazVJM/x3amnB\nEjVqQGctLaxX6PEv1GGLYLeL','CD:9D:FE:B7:03:4C:E8:95:3C:BE:50:76:06:E0:3A:B9:A6:BE:C2:93'),(674,'resource','MIIFjjCCBHagAwIBAgIQcaoXozczmo6BFst3zTVUZDANBgkqhkiG9w0BAQUFADCB\nsDELMAkGA1UEBhMCVVMxFzAVBgNVBAoTDlZlcmlTaWduLCBJbmMuMR8wHQYDVQQL\nExZWZXJpU2lnbiBUcnVzdCBOZXR3b3JrMTswOQYDVQQLEzJUZXJtcyBvZiB1c2Ug\nYXQgaHR0cHM6Ly93d3cudmVyaXNpZ24uY29tL3JwYSAoYykwNTEqMCgGA1UEAxMh\nVmVyaVNpZ24gQ2xhc3MgMyBTZWN1cmUgU2VydmVyIENBMB4XDTA4MDUxNTAwMDAw\nMFoXDTA5MDUxNTIzNTk1OVowfjELMAkGA1UEBhMCQVUxGDAWBgNVBAgTD1NvdXRo\nIEF1c3RyYWxpYTERMA8GA1UEBxQIQWRlbGFpZGUxJjAkBgNVBAoUHVVuaXZlcnNp\ndHkgb2YgU291dGggQXVzdHJhbGlhMRowGAYDVQQDFBF3aWtpLnVuaXNhLmVkdS5h\ndTCCASIwDQYJKoZIhvcNAQEBBQADggEPADCCAQoCggEBANe/SB4X0Ebmy94pRGkE\n3LPBYm6OncJBcilCvB5eQtikDZHzBMell7pwdK45e8j7VUsa7SBEY99+8JzHA/Dg\nXOwiwMJhgMzafr7hQIqrqv9x+0v5UcOPKAqEnrzQ9eqtTd5BC8BOnRuN6x3A9XAB\nXzZ+WY3BUQCycwTwObTZY8BbEix0Urix/TW9EruFclerwJ8RjUj6vAW8OHJ/1DUl\njmhugaoGgAOn2B9LNiE373W/675735brYgdeNsX8EHgMFUgiEi+1YCIaa/26W2S+\nJX5baUryi4sirm2eQWCVCGdTOHYFLM2pG2cbp0O7M9L3dJZCikbouD0mlJ6XWhNb\nRmkCAwEAAaOCAdMwggHPMAkGA1UdEwQCMAAwCwYDVR0PBAQDAgWgMEQGA1UdHwQ9\nMDswOaA3oDWGM2h0dHA6Ly9TVlJTZWN1cmUtY3JsLnZlcmlzaWduLmNvbS9TVlJT\nZWN1cmUyMDA1LmNybDBEBgNVHSAEPTA7MDkGC2CGSAGG+EUBBxcDMCowKAYIKwYB\nBQUHAgEWHGh0dHBzOi8vd3d3LnZlcmlzaWduLmNvbS9ycGEwHQYDVR0lBBYwFAYI\nKwYBBQUHAwEGCCsGAQUFBwMCMB8GA1UdIwQYMBaAFG/sr6DdiqTv9SoQZy0/VYK8\n1+8lMHkGCCsGAQUFBwEBBG0wazAkBggrBgEFBQcwAYYYaHR0cDovL29jc3AudmVy\naXNpZ24uY29tMEMGCCsGAQUFBzAChjdodHRwOi8vU1ZSU2VjdXJlLWFpYS52ZXJp\nc2lnbi5jb20vU1ZSU2VjdXJlMjAwNS1haWEuY2VyMG4GCCsGAQUFBwEMBGIwYKFe\noFwwWjBYMFYWCWltYWdlL2dpZjAhMB8wBwYFKw4DAhoEFEtruSiWBgy70FI4myms\nSweLIQUYMCYWJGh0dHA6Ly9sb2dvLnZlcmlzaWduLmNvbS92c2xvZ28xLmdpZjAN\nBgkqhkiG9w0BAQUFAAOCAQEACLRRD2idixFAXt3WRnlme4M61uL72AQzY9wevGrs\nm8NrrJn+sWBc+sT2meVHCMP11lg01MHkXAXupcfc1vK8+siy6YoQmNImxjaa+zkb\neqDTfobMvl58CLU1+ud8YZ1uEXt42H1qnVauI3G2ex5NKeVf1WJlVtOEEdpQmZj3\nJaDU3ANrxhKNhJT7IkhH+lOp68BcoOtxTI3pjm7ziJ6u5vSfrRLmKXxNtAFdsuYa\nPgg/Gv201c1iXvRiBpz1O8k1ybk5MMO0iA46RloH0nZuZwq6yUqzvPrllK4IMM3x\nBZEmQCYHeAGiLj/SeYvJeAeodrOeglFgSzBAwZkIFaeBIQ==','E9:C5:06:55:6B:72:13:09:B2:D3:8E:AA:C8:E6:10:49:57:ED:62:1B'),(695,'resource','MIIGhDCCBe2gAwIBAgIDAPZaMA0GCSqGSIb3DQEBBQUAMIIBEjELMAkGA1UEBhMC\nRVMxEjAQBgNVBAgTCUJhcmNlbG9uYTESMBAGA1UEBxMJQmFyY2Vsb25hMSkwJwYD\nVQQKEyBJUFMgQ2VydGlmaWNhdGlvbiBBdXRob3JpdHkgcy5sLjEuMCwGA1UEChQl\nZ2VuZXJhbEBpcHNjYS5jb20gQy5JLkYuICBCLUI2MjIxMDY5NTEuMCwGA1UECxMl\naXBzQ0EgQ0xBU0VBMSBDZXJ0aWZpY2F0aW9uIEF1dGhvcml0eTEuMCwGA1UEAxMl\naXBzQ0EgQ0xBU0VBMSBDZXJ0aWZpY2F0aW9uIEF1dGhvcml0eTEgMB4GCSqGSIb3\nDQEJARYRZ2VuZXJhbEBpcHNjYS5jb20wHhcNMDkwNDAzMDcxMDQ4WhcNMTEwNDAz\nMDcxMDQ4WjCBwDELMAkGA1UEBhMCQVUxEzARBgNVBAgTClF1ZWVuc2xhbmQxETAP\nBgNVBAcTCEJyaXNiYW5lMSwwKgYDVQQKEyNRdWVlbnNsYW5kIFVuaXZlcnNpdHkg\nb2YgVGVjaG5vbG9neTEdMBsGA1UECxMUTmV0d29yayBBcHBsaWNhdGlvbnMxGTAX\nBgNVBAMTEGNoaXZlLnF1dC5lZHUuYXUxITAfBgkqhkiG9w0BCQEWEnQuc21pdGhA\ncXV0LmVkdS5hdTCBnzANBgkqhkiG9w0BAQEFAAOBjQAwgYkCgYEAu9nrCzsfT/GM\n9cZKM6bpiDDpewtA+2bRuL+tQ20iaMw/zADf37GRzx0lO6/WTUd3T4j3DKR980pO\nVJkaZUR4rYdoxQoR0D4ZPYxvQqbzI/Hm+91xwTDjWIy4LHra5jT3W2i+3cs5X77l\nT9hJbVYjiHzeF6kq8oDNm39Ux6F5KW0CAwEAAaOCAzUwggMxMAkGA1UdEwQCMAAw\nEQYJYIZIAYb4QgEBBAQDAgZAMAsGA1UdDwQEAwID+DATBgNVHSUEDDAKBggrBgEF\nBQcDATAdBgNVHQ4EFgQUKtoeh2cFKx8MO4yiF74DR3HC7LowHwYDVR0jBBgwFoAU\nDgdg1DnJG1tdkHsjyNI0nUqaRjkwHQYDVR0RBBYwFIESdC5zbWl0aEBxdXQuZWR1\nLmF1MBwGA1UdEgQVMBOBEWdlbmVyYWxAaXBzY2EuY29tMHIGCWCGSAGG+EIBDQRl\nFmNPcmdhbml6YXRpb24gSW5mb3JtYXRpb24gTk9UIFZBTElEQVRFRC4gQ0xBU0VB\nMSBTZXJ2ZXIgQ2VydGlmaWNhdGUgaXNzdWVkIGJ5IGh0dHBzOi8vd3d3Lmlwc2Nh\nLmNvbS8wLwYJYIZIAYb4QgECBCIWIGh0dHBzOi8vd3d3Lmlwc2NhLmNvbS9pcHNj\nYTIwMDIvMEMGCWCGSAGG+EIBBAQ2FjRodHRwczovL3d3dy5pcHNjYS5jb20vaXBz\nY2EyMDAyL2lwc2NhMjAwMkNMQVNFQTEuY3JsMEYGCWCGSAGG+EIBAwQ5FjdodHRw\nczovL3d3dy5pcHNjYS5jb20vaXBzY2EyMDAyL3Jldm9jYXRpb25DTEFTRUExLmh0\nbWw/MEMGCWCGSAGG+EIBBwQ2FjRodHRwczovL3d3dy5pcHNjYS5jb20vaXBzY2Ey\nMDAyL3JlbmV3YWxDTEFTRUExLmh0bWw/MEEGCWCGSAGG+EIBCAQ0FjJodHRwczov\nL3d3dy5pcHNjYS5jb20vaXBzY2EyMDAyL3BvbGljeUNMQVNFQTEuaHRtbDCBgwYD\nVR0fBHwwejA5oDegNYYzaHR0cDovL3d3dy5pcHNjYS5jb20vaXBzY2EyMDAyL2lw\nc2NhMjAwMkNMQVNFQTEuY3JsMD2gO6A5hjdodHRwOi8vd3d3YmFjay5pcHNjYS5j\nb20vaXBzY2EyMDAyL2lwc2NhMjAwMkNMQVNFQTEuY3JsMDIGCCsGAQUFBwEBBCYw\nJDAiBggrBgEFBQcwAYYWaHR0cDovL29jc3AuaXBzY2EuY29tLzANBgkqhkiG9w0B\nAQUFAAOBgQAkK75gizWlhOOgI6G0Ey3KLfypKf4NY2AXfSoEVjaEExGgCqZK08eH\nfTbQs7ahviyzJY/q6b1prDboGzasNoqA/ySEMxCH4g60WURbj5NHH9p05/wi33l8\nF+EuM2wz/k5FmbmnJaKcmP1ju3cUryn0FU/meH/II0ICuUq56uWf8A==','41:4F:E1:61:10:87:B8:99:4C:CC:42:54:43:60:73:CA:B7:92:E5:71'),(685,'resource','MIIFtTCCBJ2gAwIBAgIQVSCi1f0o5zQfZQNKaYeD0TANBgkqhkiG9w0BAQUFADCB\nsDELMAkGA1UEBhMCVVMxFzAVBgNVBAoTDlZlcmlTaWduLCBJbmMuMR8wHQYDVQQL\nExZWZXJpU2lnbiBUcnVzdCBOZXR3b3JrMTswOQYDVQQLEzJUZXJtcyBvZiB1c2Ug\nYXQgaHR0cHM6Ly93d3cudmVyaXNpZ24uY29tL3JwYSAoYykwNTEqMCgGA1UEAxMh\nVmVyaVNpZ24gQ2xhc3MgMyBTZWN1cmUgU2VydmVyIENBMB4XDTA5MDMxOTAwMDAw\nMFoXDTEwMDUyNjIzNTk1OVowgaQxCzAJBgNVBAYTAkFVMRMwEQYDVQQIEwpRdWVl\nbnNsYW5kMREwDwYDVQQHFAhCcmlzYmFuZTEsMCoGA1UEChQjUXVlZW5zbGFuZCBV\nbml2ZXJzaXR5IG9mIFRlY2hub2xvZ3kxITAfBgNVBAsUGElUUyBOZXR3b3JrIEFw\ncGxpY2F0aW9uczEcMBoGA1UEAxQTZXNvZS10c3QucXV0LmVkdS5hdTCCASIwDQYJ\nKoZIhvcNAQEBBQADggEPADCCAQoCggEBAMloH4ewjNJAX3mlakzeFCX5cVt/sKKA\nF5HQtqxq7tKom6eRA6FKwO3lGYMIQDQMF2LXQ/2zwqiHUm43eRT9kQZAtx4GEvGJ\na54sGVQnK7RAW6dSnMvGjuuFiUFzpIgbpH0PYCJaQt6VDG+zmBfujQvRLhpQW6Je\nsGWo6x5hCDPoP2mbxx5Qkf8seZYh1PvcG9RqPhKSYQYEk44wpmxfyAjOOzMhsskV\n8Ddo0RDhan1zdQ4PXg4V9zTpA0sILJsXZJKMYxoSYPLrlzzRAw4xrEU1MPOfwkn4\nEZ/dKKONaHLP0YWsmC7spUal+1ThY16rk3G+L/0zdyksarGbpv9vaeECAwEAAaOC\nAdMwggHPMAkGA1UdEwQCMAAwCwYDVR0PBAQDAgWgMEQGA1UdHwQ9MDswOaA3oDWG\nM2h0dHA6Ly9TVlJTZWN1cmUtY3JsLnZlcmlzaWduLmNvbS9TVlJTZWN1cmUyMDA1\nLmNybDBEBgNVHSAEPTA7MDkGC2CGSAGG+EUBBxcDMCowKAYIKwYBBQUHAgEWHGh0\ndHBzOi8vd3d3LnZlcmlzaWduLmNvbS9ycGEwHQYDVR0lBBYwFAYIKwYBBQUHAwEG\nCCsGAQUFBwMCMB8GA1UdIwQYMBaAFG/sr6DdiqTv9SoQZy0/VYK81+8lMHkGCCsG\nAQUFBwEBBG0wazAkBggrBgEFBQcwAYYYaHR0cDovL29jc3AudmVyaXNpZ24uY29t\nMEMGCCsGAQUFBzAChjdodHRwOi8vU1ZSU2VjdXJlLWFpYS52ZXJpc2lnbi5jb20v\nU1ZSU2VjdXJlMjAwNS1haWEuY2VyMG4GCCsGAQUFBwEMBGIwYKFeoFwwWjBYMFYW\nCWltYWdlL2dpZjAhMB8wBwYFKw4DAhoEFEtruSiWBgy70FI4mymsSweLIQUYMCYW\nJGh0dHA6Ly9sb2dvLnZlcmlzaWduLmNvbS92c2xvZ28xLmdpZjANBgkqhkiG9w0B\nAQUFAAOCAQEABFKpjNeEAHgFm9hRDKypz9ijU0h06uCUpBUJnwad+Wsf+672HzIm\na4kf3HlrtK5aew5iDNSbnG9+FKqmIN1apO0aurHtpyOGV7QDX7wW49yg5FRO8Qh+\n9gCskF4WW9/+po7VCmlv74+fbKoOJt1bJfzZMDEaHX6vU45DV1RFRyC1qlO9Kd+g\n/0KoU0uGtHj0Ba5nRnjrWbJ4foODQvRkxtlZ6YKH0zcOZEYv76zgbvG38acCqN/T\nUcsKzMqeXhbrr/r+lXITi5/p+0uLf+me+jngtwFio1ZTGLHEvH75VqqyUYXY65Zx\nv2x5ygMm72ALLEMedKMN/tXhpFZbpAqjYg==','3F:1F:BF:6F:02:D4:76:0F:44:E5:EF:4E:FB:0A:D2:EE:1B:4C:70:37'),(697,'resource','MIIDLDCCAhSgAwIBAgIJAOjzjs0Ihs8RMA0GCSqGSIb3DQEBBQUAMCAxHjAcBgNV\nBAMTFXN0YXJmbG93ZXIucXV0LmVkdS5hdTAeFw0wOTA1MjYwNjIxMzdaFw0xMTA1\nMjYwNjIxMzdaMCAxHjAcBgNVBAMTFXN0YXJmbG93ZXIucXV0LmVkdS5hdTCCASIw\nDQYJKoZIhvcNAQEBBQADggEPADCCAQoCggEBAJcfIrv+Gf8qI28ziKG/nq2ZPI4G\nInLGtTIQdlwq2Y9f6VB9NzVsg6/NAh67+6DpyTGvejxwFv6oZ7YwhGzhKEO6ztwv\nQePM4WHGyTkb41plZPO0m+nhf/a6QjWMvw0N1mGX0QegF2fnJDbuJ69GhLGcVDJ4\nuE7KAzW8yUUGavbr/PRXGc7k0PCBV4b8+tPIX2c2PuI1kjpDBv9vCkesGFk2Gca6\nv7v6+pt4+GqH1bareg45a9B5IZt7dWgytbyy9vqZ6zTeyA1X5UvBeBOkrtw4bTRT\n+ZkE2sgRQwFgqWvyxDmSvxVrbT8lcF/R+VK7M7/6BbAa29+3Qqk5NymIyCMCAwEA\nAaNpMGcwRgYDVR0RBD8wPYIVc3RhcmZsb3dlci5xdXQuZWR1LmF1hiRodHRwczov\nL3Rlc3RzcC5xdXQuZWR1LmF1L3NoaWJib2xldGgwHQYDVR0OBBYEFOxPwEHcjvV3\nAiEeoP14Olqo2toKMA0GCSqGSIb3DQEBBQUAA4IBAQB23AOlXhH4qSDjlGoQKNkU\nM1IvaoXBnv4SYM6oItiIwutPSdlubXWgyHo6HJGKiLS0nnm/QOIu0+dBbvKQn5It\nCCJh4ORlP48HeVQ7a9aZYnX2AG6CTY/3usTMjUr9iZkgvxP9+PcgauU1W8B7W3KW\n2DXQbdMuVmyKrB7CiKQj4SXdEe+2ct0uJk6BZAwymwCy+aHNXHg6FkrLDvTqbbeM\n0cRuDhzNuGOm7K4C8Ol1jrgqVmW8A3EQ/B0v7acxfqY7a4RlFj3CNxJUX62SufTH\nTiA/6aNkXBquXiiFLQ2KcD/BoXbXHBrJqEVgxKUMMKTjySKytJshdLZZv36aYHlG','CF:BD:DE:1F:8A:C5:6C:5B:22:4B:76:81:CD:10:98:1D:49:6D:28:47'),(145,'sso','MIIDKDCCAhCgAwIBAgIVAKOYxsnuoeZ+UXplIGsOwywTQEwNMA0GCSqGSIb3DQEB\r\nBQUAMBoxGDAWBgNVBAMTD2lkcC5hcmNzLm9yZy5hdTAeFw0wOTAzMjUwNjE5MDJa\r\nFw0yOTAzMjUwNjE5MDJaMBoxGDAWBgNVBAMTD2lkcC5hcmNzLm9yZy5hdTCCASIw\r\nDQYJKoZIhvcNAQEBBQADggEPADCCAQoCggEBAJAFaKpCegym1GCSLO5JeTkjKpLf\r\nmH16r0bmxX49V333Y/bTOa3gbRqhdMaj5nMuTRGmR9zwCWQj0KVmaoggES5+lxs0\r\n7YPQKpxjl32WH0ME1lNp7BUeNfXXMbjTSTm4T/nQUB3lynDoFzFkHdv7IZQad8M/\r\neOyaTAaUgzSpv1hZ1+RvaXpwq+t6T+XzYViIrFmEiCQVqThaqAV4ipot1Jfr1T8d\r\n4jnxdd1kN3UMFEcQVbScg5Iz2ptig0HE1BN6oPuFBqdLB6T/v/QTUPkiqu9jW3ew\r\n9+cR9uAfHrk52pyyLcrnyAIk5x1J0GtUtXe8hcAObQ9Fm6g1SJBjY/APAZUCAwEA\r\nAaNlMGMwQgYDVR0RBDswOYIPaWRwLmFyY3Mub3JnLmF1hiZodHRwczovL2lkcC5h\r\ncmNzLm9yZy5hdS9pZHAvc2hpYmJvbGV0aDAdBgNVHQ4EFgQUvg/2a3pjnCAi/qx+\r\nQFXKfFhb3zMwDQYJKoZIhvcNAQEFBQADggEBABA5RM+9vvX+an1L8A8nqHAkQuAM\r\nRh+NbodagDJpPUwopz/3ZEqVHojuNKXpujfpQRMJWNF9ls9yDnbOCgaOYj2+FeCn\r\nK0HCIzG583XaIMSiRJtFOIG/Dml8r1w15Tno0FZ4ZvKwyzr4GyVyE9ijRbuMfNKL\r\n6SN5KGaWfRj35NhEsYPgzVFD1va3ZYHP3yV3urHT5JHsqqrVOjENtYMW5P0W9+Hl\r\nNNzbI4VxY9RBXeU1Y1+kKGekUE60W5bJZ8SXuwvUwdx8CrRuQ8BhudfdibMoxMoA\r\nNUhxc+TOvcq3O2p1ZSdmn6tMhRnRQcvRb4ScpESCqASiriQcprejqOMi5ls=','B4:46:8B:09:66:5D:2B:1B:00:08:97:2B:10:6D:F3:4F:30:FB:61:2A'),(145,'aa','MIIDKDCCAhCgAwIBAgIVAKOYxsnuoeZ+UXplIGsOwywTQEwNMA0GCSqGSIb3DQEB\r\nBQUAMBoxGDAWBgNVBAMTD2lkcC5hcmNzLm9yZy5hdTAeFw0wOTAzMjUwNjE5MDJa\r\nFw0yOTAzMjUwNjE5MDJaMBoxGDAWBgNVBAMTD2lkcC5hcmNzLm9yZy5hdTCCASIw\r\nDQYJKoZIhvcNAQEBBQADggEPADCCAQoCggEBAJAFaKpCegym1GCSLO5JeTkjKpLf\r\nmH16r0bmxX49V333Y/bTOa3gbRqhdMaj5nMuTRGmR9zwCWQj0KVmaoggES5+lxs0\r\n7YPQKpxjl32WH0ME1lNp7BUeNfXXMbjTSTm4T/nQUB3lynDoFzFkHdv7IZQad8M/\r\neOyaTAaUgzSpv1hZ1+RvaXpwq+t6T+XzYViIrFmEiCQVqThaqAV4ipot1Jfr1T8d\r\n4jnxdd1kN3UMFEcQVbScg5Iz2ptig0HE1BN6oPuFBqdLB6T/v/QTUPkiqu9jW3ew\r\n9+cR9uAfHrk52pyyLcrnyAIk5x1J0GtUtXe8hcAObQ9Fm6g1SJBjY/APAZUCAwEA\r\nAaNlMGMwQgYDVR0RBDswOYIPaWRwLmFyY3Mub3JnLmF1hiZodHRwczovL2lkcC5h\r\ncmNzLm9yZy5hdS9pZHAvc2hpYmJvbGV0aDAdBgNVHQ4EFgQUvg/2a3pjnCAi/qx+\r\nQFXKfFhb3zMwDQYJKoZIhvcNAQEFBQADggEBABA5RM+9vvX+an1L8A8nqHAkQuAM\r\nRh+NbodagDJpPUwopz/3ZEqVHojuNKXpujfpQRMJWNF9ls9yDnbOCgaOYj2+FeCn\r\nK0HCIzG583XaIMSiRJtFOIG/Dml8r1w15Tno0FZ4ZvKwyzr4GyVyE9ijRbuMfNKL\r\n6SN5KGaWfRj35NhEsYPgzVFD1va3ZYHP3yV3urHT5JHsqqrVOjENtYMW5P0W9+Hl\r\nNNzbI4VxY9RBXeU1Y1+kKGekUE60W5bJZ8SXuwvUwdx8CrRuQ8BhudfdibMoxMoA\r\nNUhxc+TOvcq3O2p1ZSdmn6tMhRnRQcvRb4ScpESCqASiriQcprejqOMi5ls=','B4:46:8B:09:66:5D:2B:1B:00:08:97:2B:10:6D:F3:4F:30:FB:61:2A'),(693,'resource','MIIGhDCCBe2gAwIBAgIDAPZaMA0GCSqGSIb3DQEBBQUAMIIBEjELMAkGA1UEBhMC\nRVMxEjAQBgNVBAgTCUJhcmNlbG9uYTESMBAGA1UEBxMJQmFyY2Vsb25hMSkwJwYD\nVQQKEyBJUFMgQ2VydGlmaWNhdGlvbiBBdXRob3JpdHkgcy5sLjEuMCwGA1UEChQl\nZ2VuZXJhbEBpcHNjYS5jb20gQy5JLkYuICBCLUI2MjIxMDY5NTEuMCwGA1UECxMl\naXBzQ0EgQ0xBU0VBMSBDZXJ0aWZpY2F0aW9uIEF1dGhvcml0eTEuMCwGA1UEAxMl\naXBzQ0EgQ0xBU0VBMSBDZXJ0aWZpY2F0aW9uIEF1dGhvcml0eTEgMB4GCSqGSIb3\nDQEJARYRZ2VuZXJhbEBpcHNjYS5jb20wHhcNMDkwNDAzMDcxMDQ4WhcNMTEwNDAz\nMDcxMDQ4WjCBwDELMAkGA1UEBhMCQVUxEzARBgNVBAgTClF1ZWVuc2xhbmQxETAP\nBgNVBAcTCEJyaXNiYW5lMSwwKgYDVQQKEyNRdWVlbnNsYW5kIFVuaXZlcnNpdHkg\nb2YgVGVjaG5vbG9neTEdMBsGA1UECxMUTmV0d29yayBBcHBsaWNhdGlvbnMxGTAX\nBgNVBAMTEGNoaXZlLnF1dC5lZHUuYXUxITAfBgkqhkiG9w0BCQEWEnQuc21pdGhA\ncXV0LmVkdS5hdTCBnzANBgkqhkiG9w0BAQEFAAOBjQAwgYkCgYEAu9nrCzsfT/GM\n9cZKM6bpiDDpewtA+2bRuL+tQ20iaMw/zADf37GRzx0lO6/WTUd3T4j3DKR980pO\nVJkaZUR4rYdoxQoR0D4ZPYxvQqbzI/Hm+91xwTDjWIy4LHra5jT3W2i+3cs5X77l\nT9hJbVYjiHzeF6kq8oDNm39Ux6F5KW0CAwEAAaOCAzUwggMxMAkGA1UdEwQCMAAw\nEQYJYIZIAYb4QgEBBAQDAgZAMAsGA1UdDwQEAwID+DATBgNVHSUEDDAKBggrBgEF\nBQcDATAdBgNVHQ4EFgQUKtoeh2cFKx8MO4yiF74DR3HC7LowHwYDVR0jBBgwFoAU\nDgdg1DnJG1tdkHsjyNI0nUqaRjkwHQYDVR0RBBYwFIESdC5zbWl0aEBxdXQuZWR1\nLmF1MBwGA1UdEgQVMBOBEWdlbmVyYWxAaXBzY2EuY29tMHIGCWCGSAGG+EIBDQRl\nFmNPcmdhbml6YXRpb24gSW5mb3JtYXRpb24gTk9UIFZBTElEQVRFRC4gQ0xBU0VB\nMSBTZXJ2ZXIgQ2VydGlmaWNhdGUgaXNzdWVkIGJ5IGh0dHBzOi8vd3d3Lmlwc2Nh\nLmNvbS8wLwYJYIZIAYb4QgECBCIWIGh0dHBzOi8vd3d3Lmlwc2NhLmNvbS9pcHNj\nYTIwMDIvMEMGCWCGSAGG+EIBBAQ2FjRodHRwczovL3d3dy5pcHNjYS5jb20vaXBz\nY2EyMDAyL2lwc2NhMjAwMkNMQVNFQTEuY3JsMEYGCWCGSAGG+EIBAwQ5FjdodHRw\nczovL3d3dy5pcHNjYS5jb20vaXBzY2EyMDAyL3Jldm9jYXRpb25DTEFTRUExLmh0\nbWw/MEMGCWCGSAGG+EIBBwQ2FjRodHRwczovL3d3dy5pcHNjYS5jb20vaXBzY2Ey\nMDAyL3JlbmV3YWxDTEFTRUExLmh0bWw/MEEGCWCGSAGG+EIBCAQ0FjJodHRwczov\nL3d3dy5pcHNjYS5jb20vaXBzY2EyMDAyL3BvbGljeUNMQVNFQTEuaHRtbDCBgwYD\nVR0fBHwwejA5oDegNYYzaHR0cDovL3d3dy5pcHNjYS5jb20vaXBzY2EyMDAyL2lw\nc2NhMjAwMkNMQVNFQTEuY3JsMD2gO6A5hjdodHRwOi8vd3d3YmFjay5pcHNjYS5j\nb20vaXBzY2EyMDAyL2lwc2NhMjAwMkNMQVNFQTEuY3JsMDIGCCsGAQUFBwEBBCYw\nJDAiBggrBgEFBQcwAYYWaHR0cDovL29jc3AuaXBzY2EuY29tLzANBgkqhkiG9w0B\nAQUFAAOBgQAkK75gizWlhOOgI6G0Ey3KLfypKf4NY2AXfSoEVjaEExGgCqZK08eH\nfTbQs7ahviyzJY/q6b1prDboGzasNoqA/ySEMxCH4g60WURbj5NHH9p05/wi33l8\nF+EuM2wz/k5FmbmnJaKcmP1ju3cUryn0FU/meH/II0ICuUq56uWf8A==','41:4F:E1:61:10:87:B8:99:4C:CC:42:54:43:60:73:CA:B7:92:E5:71'),(149,'sso','MIIDMDCCAhigAwIBAgIVAJiCIraCFC4LwSvJ276pUpS8jxYhMA0GCSqGSIb3DQEB\r\nBQUAMBwxGjAYBgNVBAMTEWF1dGg4Ni5hYzMuZWR1LmF1MB4XDTA5MDQyMjIzNDg0\r\nMVoXDTI5MDQyMjIzNDg0MVowHDEaMBgGA1UEAxMRYXV0aDg2LmFjMy5lZHUuYXUw\r\nggEiMA0GCSqGSIb3DQEBAQUAA4IBDwAwggEKAoIBAQC0wLxf6ikAEPYXagMqDUOe\r\nIwDzUK2CTozpVbp0yHK1a9zDb7kiPIM0oCSw8id+3V35CTnlB+NPEssWVcKsbWuh\r\nt1WPGJvK3Sk50jecUuYy2toF0JGUPUyM2zW2ugXJCCaKb+TBr1tRQa08AxXOLcjO\r\nXPD0ri/Ho/cOWDtA6ZZid/UV+w4VQT9QuLOlcqRfk9sVf2ncY0ebpC27UK8g5Ubp\r\n5e6ZC+GpZpk++VyRsbhtl9uvKhfkzY3tm7jKog7f8pscRalL+VAJ8LyQaYTbahHw\r\nTyI4BzpRR2oDEZhOiSY042alhJ7TK9mJlhmp97pO8IxKvULVx0E+U+0zH9u8OGCD\r\nAgMBAAGjaTBnMEYGA1UdEQQ/MD2CEWF1dGg4Ni5hYzMuZWR1LmF1hihodHRwczov\r\nL2F1dGg4Ni5hYzMuZWR1LmF1L2lkcC9zaGliYm9sZXRoMB0GA1UdDgQWBBRIpLCj\r\n28i3WKBG5Z2ef4T3X3qzITANBgkqhkiG9w0BAQUFAAOCAQEANo5dfjeOD+7t1Hnt\r\nhre2/3G68c+Ufz5iasfv+7tU7oloZJIiojtQ5sPDVoarJHAwrdKrJInuue/0lHqM\r\n1C692Ihozjn/gGsU7GoVNlLfbbzF4UqTAvnc0t01Cq8hqDF3kb6e3gHocXDU1eP3\r\nKIgO197tmcttLWFjSigoCU9KVbLej6+nVB4BuYZHFHJl4L7Y34gJuP5rZY8tfU6I\r\n9cagis+1NcJEtmibdadHj9iGgFYPMJADOA3M3Z7nmxVaOQMkkCWMolBSt7Qivgny\r\nJNiRdIXcWKeOi+jTxNSvXtZEYlGvJZq2k8Y6+bzS4Ym2d87tMXy8kQ04a8+HYjKs\r\n+e5DxA==','A6:51:F7:EE:12:F6:BC:BD:17:43:4E:23:DE:D3:A1:09:FD:09:19:03'),(689,'resource','MIIDJDCCAgygAwIBAgIJAJWvi4EffV54MA0GCSqGSIb3DQEBBQUAMB0xGzAZBgNV\nBAMTEndpa2kuY2F1ZGl0LmVkdS5hdTAeFw0wOTA0MjgwMTM3MzRaFw0xMDA0Mjgw\nMTM3MzRaMB0xGzAZBgNVBAMTEndpa2kuY2F1ZGl0LmVkdS5hdTCCASIwDQYJKoZI\nhvcNAQEBBQADggEPADCCAQoCggEBALySdpkHuobE6PRv9d+Vm1ffqP9aR+7ViA7d\nRA2viPRKHiMft1Tp40+o6iOPO6RmkP+y3q+7YSDm7WR4joZnRDRmYajjKrB+2kDE\nfEF6qO9k+JmOtCNZFvLja/GtBXO2SoHoK5hSyaaUg9J9vGPa9l5DyNbjF1B+OUSf\n9szK/nVEWmiRXcXQPJf3jN5Kd4BHcPAJwGr3x3Coacpwud61Q6jAvc5iKmVTerMn\nd5nujs5J2djbQzvc+EK0LGAJD5Mx3RuGB103Lg9W5CRSnJ5GZZvzMwc58koI9LSz\nLImfN1UaGWrkZF5cOPZullhhrzRiLw9Jc+T6DPOP1+jInIJN438CAwEAAaNnMGUw\nRAYDVR0RBD0wO4ISd2lraS5jYXVkaXQuZWR1LmF1hiVodHRwczovL3dpa2kuY2F1\nZGl0LmVkdS5hdS9zaGliYm9sZXRoMB0GA1UdDgQWBBQRMCOp8nvIkNGOBwqOzuDZ\nuzzQYDANBgkqhkiG9w0BAQUFAAOCAQEAVGZHy1vGVAbmhtcmxl4Uzola7Tn4NSWP\nlsXRyPJ42zNPbPvHf2xPzl3eyvJD/wuYjOOyb67yQosfs4olQnZZvcPsnCacoQ/l\n4CKtvB54Di14vZS2mRuLoe8JPSciPwxAAk0TaVjc/D/vizaZyfQh2dQaYzs83xKc\nffE09grQYHziTSS7ewZbNxukexkhAUBzFEIC3bY6qIQ4ZHd3juQvC9Wo70qFKNOS\nhRDfYtpVjB2FYFrfGcvrIcJk0bX9ZSj+g6T+HdupE2gliuujIfUN/2TVjJOBCOL8\nD/1uveu9XHmVvohXyijFry9Hxs/TLvTgeDSrU9f0v0NeVGUW3AFJUQ==','99:C1:44:FC:1B:19:16:81:02:A2:C9:88:51:7F:F4:B8:65:03:24:A5'),(209,'sso','MIIDPDCCAiSgAwIBAgIVAMBXjAcdUz1BZoTmvzR5K/VC4jdIMA0GCSqGSIb3DQEB\r\nBQUAMB8xHTAbBgNVBAMTFGlkcC5pbnRlcnNlY3Qub3JnLmF1MB4XDTEwMDEyNzA0\r\nMzUyMFoXDTMwMDEyNzA0MzUyMFowHzEdMBsGA1UEAxMUaWRwLmludGVyc2VjdC5v\r\ncmcuYXUwggEiMA0GCSqGSIb3DQEBAQUAA4IBDwAwggEKAoIBAQCOoCUVQCpDRrtU\r\ngyn/ZXgGanEBzb+V4bVkCFHov7FF7EMuYa+YUQhPZUl1UpNrSfHC4XqsdJfvAGLd\r\nzLzaPZzh9ljAHRRZx4QYaqZO21qtrqUaArFz8lJaffOkTO36VP9xdttTkL3kX/Ex\r\no1Zj6czvAEXbjd5EvG/S3wCgwyh6D6nXT6wiZEEE6Q11jwUdwSHtWKyZQR5hJuXs\r\nJovmrwpGJpV1DJ5YqK8Eldadqs8VpY74cJq4syV002syfzg368SN50km5BFquIc7\r\nuAumIsIFsj3Cogdo8qx+VLFBT9PYFg5AvJQqMK1NEBeEmrN/wKF2IVO9l+iYYKQH\r\nMEyD25/TAgMBAAGjbzBtMEwGA1UdEQRFMEOCFGlkcC5pbnRlcnNlY3Qub3JnLmF1\r\nhitodHRwczovL2lkcC5pbnRlcnNlY3Qub3JnLmF1L2lkcC9zaGliYm9sZXRoMB0G\r\nA1UdDgQWBBQFfI29y0LD0P/ASLe6ctrc7I+kSjANBgkqhkiG9w0BAQUFAAOCAQEA\r\nTMbagiL++mn4xuQbq6eBZl+q7BBb5NU2GfKx4WM23N/vhESEIrNWUtAh30G+Acc3\r\nLxYMDxg375UniUtsWvQMPa5bT/rBQy8Fah3TvNef8SGju7zGxK0QM882wmQN31Z+\r\nPFYKYAwHRPwdOJ5o9gaJGchIPMfns6+IMM59de0stheA2dY0QMYrIJ/KoOwDEOT/\r\nqBaLrstXWukVnDqVB8+iMWveXnsbPdQdpsbMnGxUHYfchVt6WAKlDuzpWDWxctji\r\ndKzaPBVIdGirjfiD8MGFXN4Az1M7VCrLemsIyNcXj5eJp4bDioSh6MD6uOe8dgpl\r\n0LpMPjpFCIjw209sjzQdMw==','A7:57:FA:6F:80:C0:50:03:D7:86:CD:52:8C:0E:FE:F3:BD:5C:5A:B3'),(144,'aa','MIIFOjCCBCKgAwIBAgIQLRmrpNnbM0zHqOqXdZ/usDANBgkqhkiG9w0BAQUFADBa\nMQswCQYDVQQGEwJBVTEQMA4GA1UEChMHQXVzQ0VSVDEdMBsGA1UECxMUQ2VydGlm\naWNhdGUgU2VydmljZXMxGjAYBgNVBAMTEUF1c0NFUlQgU2VydmVyIENBMB4XDTA5\nMTIxNzAwMDAwMFoXDTExMTIxNzIzNTk1OVowgcIxCzAJBgNVBAYTAkFVMQ0wCwYD\nVQQREwQ0MDU5MRMwEQYDVQQIEwpRdWVlbnNsYW5kMREwDwYDVQQHEwhCcmlzYmFu\nZTEdMBsGA1UECRMUTGV2ZWwgMiwgODggTXVzayBBdmUxJTAjBgNVBAoTHEF1c3Ry\nYWxpYW4gQWNjZXNzIEZlZGVyYXRpb24xGDAWBgNVBAsTD1Rlc3QgRmVkZXJhdGlv\nbjEcMBoGA1UEAxMTdmhvLnRlc3QuYWFmLmVkdS5hdTCCASIwDQYJKoZIhvcNAQEB\nBQADggEPADCCAQoCggEBAMrVJlJZWa8rIl39omxsIiVEss4EtFLuAwiIOKRGdbyz\ndXfBjBDOqpa8P/ESU109crYDg1V2WJQvfosiClGWIorlFrOXmm0L3L4WmrffMi2/\nVHrT01RLIp72Pu3fLDKexu6EvpMsFx04Lesid7vULUkyMyIk52mNS2qrLkOQ60vU\nCrQv6Lje6Ct5Ii7W1wSl3WM4g4NsP8xnDqaNeN9GWStEZUrCNYx/pCmY1V54Clwz\nFCrIqsO3+SgvG/zDbFrRfh8fDQ171O6WQmj4YrfY+uXT0ZosKAZpxdISHghl8Ec+\nAcb6AH2PM905LnWw3reKdF/LpOHAxfWhY1SRo+aINI0CAwEAAaOCAZEwggGNMB8G\nA1UdIwQYMBaAFJRrI7km6oK0U2CdiV33AsTZKV3pMB0GA1UdDgQWBBSvsXW+zOIo\n6AiT8Gcqb+IwO/xdHDAOBgNVHQ8BAf8EBAMCBaAwDAYDVR0TAQH/BAIwADAdBgNV\nHSUEFjAUBggrBgEFBQcDAQYIKwYBBQUHAwIwGQYDVR0gBBIwEDAOBgwrBgEEAYG3\nPQUBAQAwQQYDVR0fBDowODA2oDSgMoYwaHR0cDovL2NybC5jcy5hdXNjZXJ0Lm9y\nZy5hdS9BdXNDRVJUU2VydmVyQ0EuY3JsMHcGCCsGAQUFBwEBBGswaTA8BggrBgEF\nBQcwAoYwaHR0cDovL2NydC5jcy5hdXNjZXJ0Lm9yZy5hdS9BdXNDRVJUU2VydmVy\nQ0EuY3J0MCkGCCsGAQUFBzABhh1odHRwOi8vb2NzcC5jcy5hdXNjZXJ0Lm9yZy5h\ndTA3BgNVHREEMDAughN2aG8udGVzdC5hYWYuZWR1LmF1ghd3d3cudmhvLnRlc3Qu\nYWFmLmVkdS5hdTANBgkqhkiG9w0BAQUFAAOCAQEAaQyQPneZQw0CrTQvbauGqdqZ\nelrMic2U+wn373F6x951gTRQ/YGPaCwVdvLPqwqCNNC/1FIWgIlOvFWJ16OQCG31\nG/wIW/dEbh0I+BMmNuLecDyp1QtSpj4J+QPWJ8QplZHgQ5d9B1M3pSYbAjiC7zvg\n0dMkDlxDgxwH6HDcmktQp14gZaz2uPOn4TYkZ7rsRFeynHZ96k4Fkv6MTsNHUxyB\n6beR8Zv7DIzFmL43rr/6laGx0708izBta80wCxwFQ+GC7lxFqpXgUTEFK2RgMxkj\nn3eI+EJyTjn0MVQni5NViScl3i+kozghQjr7I5S1A/MQgiyF1oxWg+UYfAiXyg==','9C:35:09:A9:EA:EB:7C:5F:FC:1A:0C:48:E4:6F:D0:0D:A9:1D:F5:1B'),(149,'aa','MIIDMDCCAhigAwIBAgIVAJiCIraCFC4LwSvJ276pUpS8jxYhMA0GCSqGSIb3DQEB\r\nBQUAMBwxGjAYBgNVBAMTEWF1dGg4Ni5hYzMuZWR1LmF1MB4XDTA5MDQyMjIzNDg0\r\nMVoXDTI5MDQyMjIzNDg0MVowHDEaMBgGA1UEAxMRYXV0aDg2LmFjMy5lZHUuYXUw\r\nggEiMA0GCSqGSIb3DQEBAQUAA4IBDwAwggEKAoIBAQC0wLxf6ikAEPYXagMqDUOe\r\nIwDzUK2CTozpVbp0yHK1a9zDb7kiPIM0oCSw8id+3V35CTnlB+NPEssWVcKsbWuh\r\nt1WPGJvK3Sk50jecUuYy2toF0JGUPUyM2zW2ugXJCCaKb+TBr1tRQa08AxXOLcjO\r\nXPD0ri/Ho/cOWDtA6ZZid/UV+w4VQT9QuLOlcqRfk9sVf2ncY0ebpC27UK8g5Ubp\r\n5e6ZC+GpZpk++VyRsbhtl9uvKhfkzY3tm7jKog7f8pscRalL+VAJ8LyQaYTbahHw\r\nTyI4BzpRR2oDEZhOiSY042alhJ7TK9mJlhmp97pO8IxKvULVx0E+U+0zH9u8OGCD\r\nAgMBAAGjaTBnMEYGA1UdEQQ/MD2CEWF1dGg4Ni5hYzMuZWR1LmF1hihodHRwczov\r\nL2F1dGg4Ni5hYzMuZWR1LmF1L2lkcC9zaGliYm9sZXRoMB0GA1UdDgQWBBRIpLCj\r\n28i3WKBG5Z2ef4T3X3qzITANBgkqhkiG9w0BAQUFAAOCAQEANo5dfjeOD+7t1Hnt\r\nhre2/3G68c+Ufz5iasfv+7tU7oloZJIiojtQ5sPDVoarJHAwrdKrJInuue/0lHqM\r\n1C692Ihozjn/gGsU7GoVNlLfbbzF4UqTAvnc0t01Cq8hqDF3kb6e3gHocXDU1eP3\r\nKIgO197tmcttLWFjSigoCU9KVbLej6+nVB4BuYZHFHJl4L7Y34gJuP5rZY8tfU6I\r\n9cagis+1NcJEtmibdadHj9iGgFYPMJADOA3M3Z7nmxVaOQMkkCWMolBSt7Qivgny\r\nJNiRdIXcWKeOi+jTxNSvXtZEYlGvJZq2k8Y6+bzS4Ym2d87tMXy8kQ04a8+HYjKs\r\n+e5DxA==','A6:51:F7:EE:12:F6:BC:BD:17:43:4E:23:DE:D3:A1:09:FD:09:19:03'),(194,'aa','MIIDqjCCAxOgAwIBAgIQGrre6dYOXGP6DrWRggOkEjANBgkqhkiG9w0BAQUFADCB\nzjELMAkGA1UEBhMCWkExFTATBgNVBAgTDFdlc3Rlcm4gQ2FwZTESMBAGA1UEBxMJ\nQ2FwZSBUb3duMR0wGwYDVQQKExRUaGF3dGUgQ29uc3VsdGluZyBjYzEoMCYGA1UE\nCxMfQ2VydGlmaWNhdGlvbiBTZXJ2aWNlcyBEaXZpc2lvbjEhMB8GA1UEAxMYVGhh\nd3RlIFByZW1pdW0gU2VydmVyIENBMSgwJgYJKoZIhvcNAQkBFhlwcmVtaXVtLXNl\ncnZlckB0aGF3dGUuY29tMB4XDTA4MDkyODAwMDAwMFoXDTExMDkyODIzNTk1OVow\nga4xCzAJBgNVBAYTAkFVMRgwFgYDVQQIEw9OZXcgU291dGggV2FsZXMxFTATBgNV\nBAcTDE5vcnRoIFN5ZG5leTEvMC0GA1UEChMmQXVzdHJhbGlhbiBDYXRob2xpYyBV\nbml2ZXJzaXR5IExpbWl0ZWQxHzAdBgNVBAsTFkluZm9ybWF0aW9uIFRlY2hub2xv\nZ3kxHDAaBgNVBAMTE3NoaWItaWRwLmFjdS5lZHUuYXUwgZ8wDQYJKoZIhvcNAQEB\nBQADgY0AMIGJAoGBAL8Qvyvx3udREKWjIsDom9No++wYa5d9aheBW3Ka3DPsoGpA\nMbeIQS6ALOfyWelVljmxx+SobnYYtNsLI9D74SOC4xIYnYD1tmLt48O9hBiahr7s\nKU+Cec9WZ7i3ieHUyvAHmEyJkcsmkGs17dX0L1z1LHy+1MrlDiYCkRc0sKjHAgMB\nAAGjgaYwgaMwDAYDVR0TAQH/BAIwADBABgNVHR8EOTA3MDWgM6Axhi9odHRwOi8v\nY3JsLnRoYXd0ZS5jb20vVGhhd3RlU2VydmVyUHJlbWl1bUNBLmNybDAdBgNVHSUE\nFjAUBggrBgEFBQcDAQYIKwYBBQUHAwIwMgYIKwYBBQUHAQEEJjAkMCIGCCsGAQUF\nBzABhhZodHRwOi8vb2NzcC50aGF3dGUuY29tMA0GCSqGSIb3DQEBBQUAA4GBADYa\nLKpzRnMPqvjQ918T1Pyz/0nBKUMd4eHGuyLW8I+gyaxNMbSRf/Q0RSdMw9Ho2IMJ\n8l3BgwB+HCp4yBqoAesyBuqXH4qAMGFIzpuKmq/EkNoY8plKt3/MiKRqnSoEY7Yp\nvRg6VAoZhMntutrcUeu8v65SQ0MgXgn7WjF9xTuQ','AC:F8:9E:53:2D:9D:1D:BB:BF:95:21:89:5C:39:E5:F4:AA:1F:FD:5D'),(668,'resource','MIIFRzCCBC+gAwIBAgIRALjxim3qRctqCOKjDLu7hjUwDQYJKoZIhvcNAQEFBQAw\nWjELMAkGA1UEBhMCQVUxEDAOBgNVBAoTB0F1c0NFUlQxHTAbBgNVBAsTFENlcnRp\nZmljYXRlIFNlcnZpY2VzMRowGAYDVQQDExFBdXNDRVJUIFNlcnZlciBDQTAeFw0w\nOTEyMTQwMDAwMDBaFw0xMTEyMTQyMzU5NTlaMIHGMQswCQYDVQQGEwJBVTENMAsG\nA1UEERMENDA1OTETMBEGA1UECBMKUXVlZW5zbGFuZDERMA8GA1UEBxMIQnJpc2Jh\nbmUxHTAbBgNVBAkTFExldmVsIDIsIDg4IE11c2sgQXZlMSUwIwYDVQQKExxBdXN0\ncmFsaWFuIEFjY2VzcyBGZWRlcmF0aW9uMRgwFgYDVQQLEw9UZXN0IEZlZGVyYXRp\nb24xIDAeBgNVBAMTF21hbmFnZXIudGVzdC5hYWYuZWR1LmF1MIIBIjANBgkqhkiG\n9w0BAQEFAAOCAQ8AMIIBCgKCAQEA9ajnSamDtJp4KLVmGIIw6E27HgD8vdEaZTZz\nbGc9fyBmGdrjH39AkQ25o3FzDQSxXAd+WY4NQwd3dtn9OZFVwdfa1d/hgQIZusz7\n6s+e/cGvEhvlHN1XLv5CWu9f035zSOUYI5mRO7tDtdWi7B8iN+nADPtXxrBvfZiE\nBEEFBk9Z9mY5tSBqAQkciwXyOLq1X+N4ax50B9BOE786ZeHK3IiChNNcKSV+KY3p\nIS5ML1vq1PH13IcoFqQ4O0b+SK5r4ajlicO6tt8mZUcbG/WoNN2zet5MQhE7fyk8\nay3dTsJ7FxZ6ZnTayB8XvC/furhSirEjCUsTKXIFw50tq/8F0wIDAQABo4IBmTCC\nAZUwHwYDVR0jBBgwFoAUlGsjuSbqgrRTYJ2JXfcCxNkpXekwHQYDVR0OBBYEFC2B\npzMzGx+YMf2hpsmubyxYJXoXMA4GA1UdDwEB/wQEAwIFoDAMBgNVHRMBAf8EAjAA\nMB0GA1UdJQQWMBQGCCsGAQUFBwMBBggrBgEFBQcDAjAZBgNVHSAEEjAQMA4GDCsG\nAQQBgbc9BQEBADBBBgNVHR8EOjA4MDagNKAyhjBodHRwOi8vY3JsLmNzLmF1c2Nl\ncnQub3JnLmF1L0F1c0NFUlRTZXJ2ZXJDQS5jcmwwdwYIKwYBBQUHAQEEazBpMDwG\nCCsGAQUFBzAChjBodHRwOi8vY3J0LmNzLmF1c2NlcnQub3JnLmF1L0F1c0NFUlRT\nZXJ2ZXJDQS5jcnQwKQYIKwYBBQUHMAGGHWh0dHA6Ly9vY3NwLmNzLmF1c2NlcnQu\nb3JnLmF1MD8GA1UdEQQ4MDaCF21hbmFnZXIudGVzdC5hYWYuZWR1LmF1ght3d3cu\nbWFuYWdlci50ZXN0LmFhZi5lZHUuYXUwDQYJKoZIhvcNAQEFBQADggEBAKQswkZR\nmxwXGmTRA2t7iLjHhZELffCQZZFmzc5T3MhP0J5Cql8DStmYC5MjVHJwbbG3ZXMV\nUCmvcyZV13aehjL3biZa1dYUKbHhJ53/5YTOie9Pa8RLQSPmi3xl7iPsCGa7h5nc\nsS197N/IhJoaiUW72w7WRiYsY0n5nNro2jNKw/edwlu2XI/duK1c4ZHdgj34Fwz4\nymeRTPo2fzXe0VOVqLo2kZMIATouRVkDz6teMuaxgPeQerT9VAdJfZCpuUIG64lB\nLwV3QZ+Uvua07cERMQdv+U7EANM/PdJdI+rzzElYtcXkr2DhPnGkmuCyG7e+VQ4J\ncwYZOLEcuHnpmis=','55:BB:92:B8:32:94:41:C6:F5:C4:8D:B0:E7:2E:A3:08:1A:AA:F1:CA'),(153,'sso','MIICtzCCAiACAQAwDQYJKoZIhvcNAQEEBQAwgaMxCzAJBgNVBAYTAkVTMRIwEAYD\r\nVQQIEwlCQVJDRUxPTkExEjAQBgNVBAcTCUJBUkNFTE9OQTEZMBcGA1UEChMQSVBT\r\nIFNlZ3VyaWRhZCBDQTEYMBYGA1UECxMPQ2VydGlmaWNhY2lvbmVzMRcwFQYDVQQD\r\nEw5JUFMgU0VSVklET1JFUzEeMBwGCSqGSIb3DQEJARYPaXBzQG1haWwuaXBzLmVz\r\nMB4XDTk4MDEwMTIzMjEwN1oXDTA5MTIyOTIzMjEwN1owgaMxCzAJBgNVBAYTAkVT\r\nMRIwEAYDVQQIEwlCQVJDRUxPTkExEjAQBgNVBAcTCUJBUkNFTE9OQTEZMBcGA1UE\r\nChMQSVBTIFNlZ3VyaWRhZCBDQTEYMBYGA1UECxMPQ2VydGlmaWNhY2lvbmVzMRcw\r\nFQYDVQQDEw5JUFMgU0VSVklET1JFUzEeMBwGCSqGSIb3DQEJARYPaXBzQG1haWwu\r\naXBzLmVzMIGfMA0GCSqGSIb3DQEBAQUAA4GNADCBiQKBgQCsT1J0nznqjtwlxLyY\r\nXZhkJAk8IbPMGbWOlI6H0fg3PqHILVikgDVboXVsHUUMH2Fjal5vmwpMwci4YSM1\r\ngf/+rHhwLWjhOgeYlQJU3c0jt4BT18g3RXIGJBK6E2Ehim51KODFDzT9NthFf+G4\r\nNu+z4cYgjui0OLzhPvYR3oydAQIDAQABMA0GCSqGSIb3DQEBBAUAA4GBACzzw3lY\r\nJN7GO9HgQmm47mSzPWIBubOE3yN93ZjPEKn+ANgilgUTB1RXxafey9m4iEL2mdsU\r\ndx+2/iU94aI+A6mB0i1sR/WWRowiq8jMDQ6XXotBtDvECgZAHd1G9AHduoIuPD14\r\ncJ58GNCr+Lh3B0Zx8coLY1xq+XKU1QFPoNtC','24:BA:6D:6C:8A:5B:58:37:A4:8D:B5:FA:E9:19:EA:67:5C:94:D2:17'),(153,'aa','MIICtzCCAiACAQAwDQYJKoZIhvcNAQEEBQAwgaMxCzAJBgNVBAYTAkVTMRIwEAYD\r\nVQQIEwlCQVJDRUxPTkExEjAQBgNVBAcTCUJBUkNFTE9OQTEZMBcGA1UEChMQSVBT\r\nIFNlZ3VyaWRhZCBDQTEYMBYGA1UECxMPQ2VydGlmaWNhY2lvbmVzMRcwFQYDVQQD\r\nEw5JUFMgU0VSVklET1JFUzEeMBwGCSqGSIb3DQEJARYPaXBzQG1haWwuaXBzLmVz\r\nMB4XDTk4MDEwMTIzMjEwN1oXDTA5MTIyOTIzMjEwN1owgaMxCzAJBgNVBAYTAkVT\r\nMRIwEAYDVQQIEwlCQVJDRUxPTkExEjAQBgNVBAcTCUJBUkNFTE9OQTEZMBcGA1UE\r\nChMQSVBTIFNlZ3VyaWRhZCBDQTEYMBYGA1UECxMPQ2VydGlmaWNhY2lvbmVzMRcw\r\nFQYDVQQDEw5JUFMgU0VSVklET1JFUzEeMBwGCSqGSIb3DQEJARYPaXBzQG1haWwu\r\naXBzLmVzMIGfMA0GCSqGSIb3DQEBAQUAA4GNADCBiQKBgQCsT1J0nznqjtwlxLyY\r\nXZhkJAk8IbPMGbWOlI6H0fg3PqHILVikgDVboXVsHUUMH2Fjal5vmwpMwci4YSM1\r\ngf/+rHhwLWjhOgeYlQJU3c0jt4BT18g3RXIGJBK6E2Ehim51KODFDzT9NthFf+G4\r\nNu+z4cYgjui0OLzhPvYR3oydAQIDAQABMA0GCSqGSIb3DQEBBAUAA4GBACzzw3lY\r\nJN7GO9HgQmm47mSzPWIBubOE3yN93ZjPEKn+ANgilgUTB1RXxafey9m4iEL2mdsU\r\ndx+2/iU94aI+A6mB0i1sR/WWRowiq8jMDQ6XXotBtDvECgZAHd1G9AHduoIuPD14\r\ncJ58GNCr+Lh3B0Zx8coLY1xq+XKU1QFPoNtC','24:BA:6D:6C:8A:5B:58:37:A4:8D:B5:FA:E9:19:EA:67:5C:94:D2:17'),(191,'aa','MIIDODCCAiCgAwIBAgIJAIIra7K0k7uaMA0GCSqGSIb3DQEBBQUAMCMxITAfBgNV\nBAMTGGRldjItaWRwLmdyaWZmaXRoLmVkdS5hdTAeFw0wOTEyMDIwMDU5MDlaFw0x\nMTEyMDIwMDU5MDlaMCMxITAfBgNVBAMTGGRldjItaWRwLmdyaWZmaXRoLmVkdS5h\ndTCCASIwDQYJKoZIhvcNAQEBBQADggEPADCCAQoCggEBAJpYEQGH9zOuLuijHZND\npZAMiZ7/vB3Ob4Axjm8DggVwz1/D7Zc/vvO6a9rTya+aHXhvhA6UMMB9OE5kRbzR\npoMZWR7mSHftKpJF0GXIT8sXv2BJ37pL7mGNsKQI7600dzV2FqW2dlEbO7r/5xI5\nB3efE+jdTjCDxHMrm9dRlVCWTIBUP/cyDNZDmF6xIDyWbP8Ctq26LDmSCG2jhENY\nswIUFKjOYh1DSziUGU3dZmk6p018ud+0Q0WsoTJttYpoVxhQaB+o62x2cCTDSVh4\nzvSozx9yLP35MAXRMnSmFNQG08Ar6S4b7dTwSZOLk24t7ZvJ3xPRSyFf/ctUFPVS\nNr0CAwEAAaNvMG0wTAYDVR0RBEUwQ4IUaWRwMi5ncmlmZml0aC5lZHUuYXWGK2h0\ndHBzOi8vaWRwMi5ncmlmZml0aC5lZHUuYXUvaWRwL3NoaWJib2xldGgwHQYDVR0O\nBBYEFFwrIYNeVLO7PSfOMG1jixw8KpDxMA0GCSqGSIb3DQEBBQUAA4IBAQB0bNX2\ngmQil82QMgOqNUsGL8JV0+rv5l82TxTo+61jbbTT+UsWlWTxA/GWwaUK5seQknA8\nXb8EKsbS31bY6f2lcnYNcac7v3MT+Ew7cv/3Fo/odvkxEUZ3dx6i5D+m5MrDMOZy\nA6Foym0eaiJZojVLDCPQb8NjdxX0Y7Aqj1qeHSvC1yoKrCMUpi/yPzhjsdpxXD82\n3W719wESEAgA9qlKAsz2bubFYghng5f189crhXDNGxtaMOMjNpuPZZb8V6NPhXzX\n6aKkXuol4S22AjLAiswHJfQpxbZkJfr65LOykfAoh5hFXhAmskAhO83raobV/FNZ\nD0e/E+2vD5sqbT4m','2C:57:D6:C3:9F:3A:40:82:02:F0:38:FA:CA:AA:49:43:BC:CE:3E:5C'),(260,'sso','MIIDNzCCAh+gAwIBAgIUYljw9oIjYA/eGkXP0UzXq62SLYgwDQYJKoZIhvcNAQEF\r\nBQAwHjEcMBoGA1UEAxMTYXJjcy1kZXYuYW51LmVkdS5hdTAeFw0xMDA4MDUwMDM5\r\nNDRaFw0zMDA4MDUwMDM5NDRaMB4xHDAaBgNVBAMTE2FyY3MtZGV2LmFudS5lZHUu\r\nYXUwggEiMA0GCSqGSIb3DQEBAQUAA4IBDwAwggEKAoIBAQDRHynWif6HeaG315Xf\r\n8+p1UoOXxJqMvNcBo2vrZkyQhFTf/u1xwfxzXybjoskptf9cE1t9QAjEofsXPhY/\r\nt8Ks/NJOh/kR5A6qApQ/PJb1ezBPCf1IqIHh4MW6vXsE+cTh7pUBnI1d+VwEWF68\r\namRX/sfkpjp3X36ZZMn9umeRZl7ji9cbmQxiZRsmwIhCecrVoyldOPmR/+zWaC6N\r\n+p6I77BWDUeEc0Hm9B8SmGnCKjOSkoURvRvQpNLy/KvmdeTTXSphP6aJog6JKxk0\r\nkiw5NqPmrdD0f9OuYLfJn1Nwo4upWGYXkyEODYpwFn4yBwaIImiU5leN0y6SJr5u\r\nLry5AgMBAAGjbTBrMEoGA1UdEQRDMEGCE2FyY3MtZGV2LmFudS5lZHUuYXWGKmh0\r\ndHBzOi8vYXJjcy1kZXYuYW51LmVkdS5hdS9pZHAvc2hpYmJvbGV0aDAdBgNVHQ4E\r\nFgQUX0qe5tlcnnGKd75nu+vtsaBToCAwDQYJKoZIhvcNAQEFBQADggEBAGxgi9ny\r\n47iP+Yde4QuNujB5SyUkfz2vhLrAnQbx8IWzWBzEf7hnyb4FUzmB5xlSiP51BFtA\r\ne6LGWhEAOVO+yZDCwJDMIzxSgtfOMAblBN7eDDvm/j1yvAO/nHO4Adkqh1gulIYN\r\n2ZiMPnjYfzFBdp3So7Gz0jnd5jY09piUuZBpL+gYK/5QbJ1t3WvsEXlav2jy84S+\r\neEWFclGo2zBMR2sS0CtR/NnVwdKDdkXw21z+BaLKc4QDb20I2l6MHaL3TD6Zft7+\r\nqyOWJ7zrCgaUToZF8n72+aQw8MKjOaT6BqFhhVArwGvYj3W8TsI/pv6359K//2hY\r\n+0FVoo33flPK4NY=','ED:BA:BE:13:AA:FB:00:92:78:66:71:4D:BD:0D:41:3A:6A:11:51:73'),(155,'sso','MIIDUzCCAjugAwIBAgIUfldrSUR9K0aW4u6kQn0Jkn02fegwDQYJKoZIhvcNAQEF\nBQAwJTEjMCEGA1UEAxMaaWRwMjB0ZXN0LmNhbnRlcmJ1cnkuYWMubnowHhcNMDkw\nNjAyMjIwMjAxWhcNMjkwNjAyMjIwMjAxWjAlMSMwIQYDVQQDExppZHAyMHRlc3Qu\nY2FudGVyYnVyeS5hYy5uejCCASIwDQYJKoZIhvcNAQEBBQADggEPADCCAQoCggEB\nANrMMDhrtH/JPtqAfUEwuGa95FEdGBkBZfAUswBYqQG4W/F+g2VAXip9iY1Ra0gW\n+RIpmOpkDwuXkANSbBm5j7tPkAey1f7D38Pg4xiYwHmDkPJeVTFdN/MNe/dQjPyD\nhwCwvUGTIk4J3EL8Io+yUnr7zXIs5/x7VhrOhWs/+kJ0/KxW29kiDnqfG//acGJ9\nq6OebBE1iefxJ5ztlsC3bNHdm5cEsQPIvWIUHuvDr1pntXvdEpM+OJ4QJHxSjp7p\n+UGsj3rYs8NVQb33Si4pG8BuSGIzh1lovsKFTYC//zVnTFh0NYuutYjOtiVRDeSC\nQ48QsByk5zk9ZhDptu4+5SsCAwEAAaN7MHkwWAYDVR0RBFEwT4IaaWRwMjB0ZXN0\nLmNhbnRlcmJ1cnkuYWMubnqGMWh0dHBzOi8vaWRwMjB0ZXN0LmNhbnRlcmJ1cnku\nYWMubnovaWRwL3NoaWJib2xldGgwHQYDVR0OBBYEFGqW2zru1nWFlqgWNdfdmdwj\nz4AAMA0GCSqGSIb3DQEBBQUAA4IBAQA29UEJeybSJfQAhmFXPCE4c3xBf3ewRuFH\nUBm4saS0IDYmzTt8r0K+xoFQf6KYCqQMEzaZTjYa2Ls2i01NCd5oEzl3+3KdDMr+\nPgxzhoTx1kyXHZxShrrJ619HJCV17xLHi0xK9t1A++nuLtS58JaeONU2TrCgebGT\nrI+lapFzOWXnpGrOf3sBC8+FTGFbk8ac6g+jB3Kjm8VtX3ZfiXeLgRXanjMkJfNd\nrms96wpWJrSChRK3hTyblhGTjRt1AE/Dj7SJLpNxTfEPJefMFI1kNcF+so3Ehpul\nICQmWUJ+kHI1zXHNRxgPjs1c+87uXnqWRmQluquQwjbT3qo8YyyH','BC:B4:93:2C:99:A4:6F:C3:69:1C:A8:B9:9B:4C:62:5D:7E:06:A9:26'),(155,'aa','MIIDUzCCAjugAwIBAgIUfldrSUR9K0aW4u6kQn0Jkn02fegwDQYJKoZIhvcNAQEF\nBQAwJTEjMCEGA1UEAxMaaWRwMjB0ZXN0LmNhbnRlcmJ1cnkuYWMubnowHhcNMDkw\nNjAyMjIwMjAxWhcNMjkwNjAyMjIwMjAxWjAlMSMwIQYDVQQDExppZHAyMHRlc3Qu\nY2FudGVyYnVyeS5hYy5uejCCASIwDQYJKoZIhvcNAQEBBQADggEPADCCAQoCggEB\nANrMMDhrtH/JPtqAfUEwuGa95FEdGBkBZfAUswBYqQG4W/F+g2VAXip9iY1Ra0gW\n+RIpmOpkDwuXkANSbBm5j7tPkAey1f7D38Pg4xiYwHmDkPJeVTFdN/MNe/dQjPyD\nhwCwvUGTIk4J3EL8Io+yUnr7zXIs5/x7VhrOhWs/+kJ0/KxW29kiDnqfG//acGJ9\nq6OebBE1iefxJ5ztlsC3bNHdm5cEsQPIvWIUHuvDr1pntXvdEpM+OJ4QJHxSjp7p\n+UGsj3rYs8NVQb33Si4pG8BuSGIzh1lovsKFTYC//zVnTFh0NYuutYjOtiVRDeSC\nQ48QsByk5zk9ZhDptu4+5SsCAwEAAaN7MHkwWAYDVR0RBFEwT4IaaWRwMjB0ZXN0\nLmNhbnRlcmJ1cnkuYWMubnqGMWh0dHBzOi8vaWRwMjB0ZXN0LmNhbnRlcmJ1cnku\nYWMubnovaWRwL3NoaWJib2xldGgwHQYDVR0OBBYEFGqW2zru1nWFlqgWNdfdmdwj\nz4AAMA0GCSqGSIb3DQEBBQUAA4IBAQA29UEJeybSJfQAhmFXPCE4c3xBf3ewRuFH\nUBm4saS0IDYmzTt8r0K+xoFQf6KYCqQMEzaZTjYa2Ls2i01NCd5oEzl3+3KdDMr+\nPgxzhoTx1kyXHZxShrrJ619HJCV17xLHi0xK9t1A++nuLtS58JaeONU2TrCgebGT\nrI+lapFzOWXnpGrOf3sBC8+FTGFbk8ac6g+jB3Kjm8VtX3ZfiXeLgRXanjMkJfNd\nrms96wpWJrSChRK3hTyblhGTjRt1AE/Dj7SJLpNxTfEPJefMFI1kNcF+so3Ehpul\nICQmWUJ+kHI1zXHNRxgPjs1c+87uXnqWRmQluquQwjbT3qo8YyyH','BC:B4:93:2C:99:A4:6F:C3:69:1C:A8:B9:9B:4C:62:5D:7E:06:A9:26'),(156,'sso','MIIDMjCCApugAwIBAgICA2YwDQYJKoZIhvcNAQEFBQAwgbIxCzAJBgNVBAYTAkFV\r\nMQwwCgYDVQQIEwNOU1cxDzANBgNVBAcTBlN5ZG5leTEdMBsGA1UEChMUTWFjcXVh\r\ncmllIFVuaXZlcnNpdHkxDTALBgNVBAsTBE1BTVMxKzApBgNVBAMTIk1BTVMgVGVz\r\ndGJlZCBGZWRlcmF0aW9uIExldmVsIDEgQ0ExKTAnBgkqhkiG9w0BCQEWGnN5c2Fk\r\nbWluQGZlZGVyYXRpb24ub3JnLmF1MB4XDTA4MDgyOTAyNDcxMFoXDTA5MDgyOTAy\r\nNDcxMFowgYwxCzAJBgNVBAYTAmF1MQwwCgYDVQQIEwNuc3cxDzANBgNVBAcTBnN5\r\nZG5leTELMAkGA1UEChMCbXExDzANBgNVBAsTBm1lbGNvZTEZMBcGA1UEAxMQYXJj\r\ncy5yYW1wLm9yZy5hdTElMCMGCSqGSIb3DQEJARYWYWRtaW5AbWVsY29lLm1xLmVk\r\ndS5hdTCBnzANBgkqhkiG9w0BAQEFAAOBjQAwgYkCgYEAwsodxpvgbTNaTTXu9GCO\r\n+iLhGFEqnyZg2l4YyFiFmd/MM3Pqap/rZfvlDH7XXIPX7hFzDmSfN+OJZs+Cch8R\r\nSr8NqxSTTVRIiTEf044baZABH5/yqT4egnfN5AF7AZlUdK3C8vW/J1bK1BNArSRK\r\niRNgmBGwZvQfs3Y2ZaCPPj8CAwEAAaN7MHkwCQYDVR0TBAIwADAsBglghkgBhvhC\r\nAQ0EHxYdT3BlblNTTCBHZW5lcmF0ZWQgQ2VydGlmaWNhdGUwHQYDVR0OBBYEFP7Y\r\nS6tHsu6WuQaKNKn6KidjmBzDMB8GA1UdIwQYMBaAFA3Qfu0aiD26jPVpp2M11QnR\r\nqp0BMA0GCSqGSIb3DQEBBQUAA4GBAG12NjGmewSYm8BwjZVA0ImkJHYWR40LmXTD\r\ncvOJA+TCX1fAGKuJjHhTdeJTHuHOWH8JITrHF5h/Tj0GKfcEpvelJrTfWyIZoWlw\r\nP8cWz1/idjbxqwv87KeXs1qv+AOl005vPxRA5qOv6gh9dPjjMEFiFniMtZVTH4W0\r\nGu1sSFX4','B1:E7:78:C0:97:B9:D1:01:AA:46:B6:A1:AD:DE:8B:1D:84:0C:CD:E1'),(156,'aa','MIIDMjCCApugAwIBAgICA2YwDQYJKoZIhvcNAQEFBQAwgbIxCzAJBgNVBAYTAkFV\r\nMQwwCgYDVQQIEwNOU1cxDzANBgNVBAcTBlN5ZG5leTEdMBsGA1UEChMUTWFjcXVh\r\ncmllIFVuaXZlcnNpdHkxDTALBgNVBAsTBE1BTVMxKzApBgNVBAMTIk1BTVMgVGVz\r\ndGJlZCBGZWRlcmF0aW9uIExldmVsIDEgQ0ExKTAnBgkqhkiG9w0BCQEWGnN5c2Fk\r\nbWluQGZlZGVyYXRpb24ub3JnLmF1MB4XDTA4MDgyOTAyNDcxMFoXDTA5MDgyOTAy\r\nNDcxMFowgYwxCzAJBgNVBAYTAmF1MQwwCgYDVQQIEwNuc3cxDzANBgNVBAcTBnN5\r\nZG5leTELMAkGA1UEChMCbXExDzANBgNVBAsTBm1lbGNvZTEZMBcGA1UEAxMQYXJj\r\ncy5yYW1wLm9yZy5hdTElMCMGCSqGSIb3DQEJARYWYWRtaW5AbWVsY29lLm1xLmVk\r\ndS5hdTCBnzANBgkqhkiG9w0BAQEFAAOBjQAwgYkCgYEAwsodxpvgbTNaTTXu9GCO\r\n+iLhGFEqnyZg2l4YyFiFmd/MM3Pqap/rZfvlDH7XXIPX7hFzDmSfN+OJZs+Cch8R\r\nSr8NqxSTTVRIiTEf044baZABH5/yqT4egnfN5AF7AZlUdK3C8vW/J1bK1BNArSRK\r\niRNgmBGwZvQfs3Y2ZaCPPj8CAwEAAaN7MHkwCQYDVR0TBAIwADAsBglghkgBhvhC\r\nAQ0EHxYdT3BlblNTTCBHZW5lcmF0ZWQgQ2VydGlmaWNhdGUwHQYDVR0OBBYEFP7Y\r\nS6tHsu6WuQaKNKn6KidjmBzDMB8GA1UdIwQYMBaAFA3Qfu0aiD26jPVpp2M11QnR\r\nqp0BMA0GCSqGSIb3DQEBBQUAA4GBAG12NjGmewSYm8BwjZVA0ImkJHYWR40LmXTD\r\ncvOJA+TCX1fAGKuJjHhTdeJTHuHOWH8JITrHF5h/Tj0GKfcEpvelJrTfWyIZoWlw\r\nP8cWz1/idjbxqwv87KeXs1qv+AOl005vPxRA5qOv6gh9dPjjMEFiFniMtZVTH4W0\r\nGu1sSFX4','B1:E7:78:C0:97:B9:D1:01:AA:46:B6:A1:AD:DE:8B:1D:84:0C:CD:E1'),(157,'sso','MIIDMjCCApugAwIBAgICA2YwDQYJKoZIhvcNAQEFBQAwgbIxCzAJBgNVBAYTAkFV\r\nMQwwCgYDVQQIEwNOU1cxDzANBgNVBAcTBlN5ZG5leTEdMBsGA1UEChMUTWFjcXVh\r\ncmllIFVuaXZlcnNpdHkxDTALBgNVBAsTBE1BTVMxKzApBgNVBAMTIk1BTVMgVGVz\r\ndGJlZCBGZWRlcmF0aW9uIExldmVsIDEgQ0ExKTAnBgkqhkiG9w0BCQEWGnN5c2Fk\r\nbWluQGZlZGVyYXRpb24ub3JnLmF1MB4XDTA4MDgyOTAyNDcxMFoXDTA5MDgyOTAy\r\nNDcxMFowgYwxCzAJBgNVBAYTAmF1MQwwCgYDVQQIEwNuc3cxDzANBgNVBAcTBnN5\r\nZG5leTELMAkGA1UEChMCbXExDzANBgNVBAsTBm1lbGNvZTEZMBcGA1UEAxMQYXJj\r\ncy5yYW1wLm9yZy5hdTElMCMGCSqGSIb3DQEJARYWYWRtaW5AbWVsY29lLm1xLmVk\r\ndS5hdTCBnzANBgkqhkiG9w0BAQEFAAOBjQAwgYkCgYEAwsodxpvgbTNaTTXu9GCO\r\n+iLhGFEqnyZg2l4YyFiFmd/MM3Pqap/rZfvlDH7XXIPX7hFzDmSfN+OJZs+Cch8R\r\nSr8NqxSTTVRIiTEf044baZABH5/yqT4egnfN5AF7AZlUdK3C8vW/J1bK1BNArSRK\r\niRNgmBGwZvQfs3Y2ZaCPPj8CAwEAAaN7MHkwCQYDVR0TBAIwADAsBglghkgBhvhC\r\nAQ0EHxYdT3BlblNTTCBHZW5lcmF0ZWQgQ2VydGlmaWNhdGUwHQYDVR0OBBYEFP7Y\r\nS6tHsu6WuQaKNKn6KidjmBzDMB8GA1UdIwQYMBaAFA3Qfu0aiD26jPVpp2M11QnR\r\nqp0BMA0GCSqGSIb3DQEBBQUAA4GBAG12NjGmewSYm8BwjZVA0ImkJHYWR40LmXTD\r\ncvOJA+TCX1fAGKuJjHhTdeJTHuHOWH8JITrHF5h/Tj0GKfcEpvelJrTfWyIZoWlw\r\nP8cWz1/idjbxqwv87KeXs1qv+AOl005vPxRA5qOv6gh9dPjjMEFiFniMtZVTH4W0\r\nGu1sSFX4','B1:E7:78:C0:97:B9:D1:01:AA:46:B6:A1:AD:DE:8B:1D:84:0C:CD:E1'),(157,'aa','MIIDMjCCApugAwIBAgICA2YwDQYJKoZIhvcNAQEFBQAwgbIxCzAJBgNVBAYTAkFV\r\nMQwwCgYDVQQIEwNOU1cxDzANBgNVBAcTBlN5ZG5leTEdMBsGA1UEChMUTWFjcXVh\r\ncmllIFVuaXZlcnNpdHkxDTALBgNVBAsTBE1BTVMxKzApBgNVBAMTIk1BTVMgVGVz\r\ndGJlZCBGZWRlcmF0aW9uIExldmVsIDEgQ0ExKTAnBgkqhkiG9w0BCQEWGnN5c2Fk\r\nbWluQGZlZGVyYXRpb24ub3JnLmF1MB4XDTA4MDgyOTAyNDcxMFoXDTA5MDgyOTAy\r\nNDcxMFowgYwxCzAJBgNVBAYTAmF1MQwwCgYDVQQIEwNuc3cxDzANBgNVBAcTBnN5\r\nZG5leTELMAkGA1UEChMCbXExDzANBgNVBAsTBm1lbGNvZTEZMBcGA1UEAxMQYXJj\r\ncy5yYW1wLm9yZy5hdTElMCMGCSqGSIb3DQEJARYWYWRtaW5AbWVsY29lLm1xLmVk\r\ndS5hdTCBnzANBgkqhkiG9w0BAQEFAAOBjQAwgYkCgYEAwsodxpvgbTNaTTXu9GCO\r\n+iLhGFEqnyZg2l4YyFiFmd/MM3Pqap/rZfvlDH7XXIPX7hFzDmSfN+OJZs+Cch8R\r\nSr8NqxSTTVRIiTEf044baZABH5/yqT4egnfN5AF7AZlUdK3C8vW/J1bK1BNArSRK\r\niRNgmBGwZvQfs3Y2ZaCPPj8CAwEAAaN7MHkwCQYDVR0TBAIwADAsBglghkgBhvhC\r\nAQ0EHxYdT3BlblNTTCBHZW5lcmF0ZWQgQ2VydGlmaWNhdGUwHQYDVR0OBBYEFP7Y\r\nS6tHsu6WuQaKNKn6KidjmBzDMB8GA1UdIwQYMBaAFA3Qfu0aiD26jPVpp2M11QnR\r\nqp0BMA0GCSqGSIb3DQEBBQUAA4GBAG12NjGmewSYm8BwjZVA0ImkJHYWR40LmXTD\r\ncvOJA+TCX1fAGKuJjHhTdeJTHuHOWH8JITrHF5h/Tj0GKfcEpvelJrTfWyIZoWlw\r\nP8cWz1/idjbxqwv87KeXs1qv+AOl005vPxRA5qOv6gh9dPjjMEFiFniMtZVTH4W0\r\nGu1sSFX4','B1:E7:78:C0:97:B9:D1:01:AA:46:B6:A1:AD:DE:8B:1D:84:0C:CD:E1'),(728,'resource','MIIDQDCCAiigAwIBAgIJAO7UwdHZb6StMA0GCSqGSIb3DQEBBQUAMCQxIjAgBgNV\nBAMTGWhhemNoZW0ubGlicmFyeS51cS5lZHUuYXUwHhcNMDkxMjE0MDM0MTI0WhcN\nMTQxMjEzMDM0MTI0WjAkMSIwIAYDVQQDExloYXpjaGVtLmxpYnJhcnkudXEuZWR1\nLmF1MIIBIjANBgkqhkiG9w0BAQEFAAOCAQ8AMIIBCgKCAQEAy1PatW5R+BqjpBC5\nI9WbIa1FE8w0VjDpFSoH5aXEIh+1c0SM/8+d2CbZmuJn1d7BRTOD78RAIUUm+3Fc\nQVQy26vRw/OlkStbd5fOiup16A8XhEhz/uzFTA566yLlDqHmmsUAbsbmjcApPlC8\nuJDJPWiPw4or+LRVEfIZnDTYEZQQ3jfvwV4TZ7X3fhXSbuT+28uhSXV9n6kwmp0i\nlOG//X+654M3wrbbm/s9CHjiQkFAE3j0fSBjOu5SR2fqlYqdldiQqIAVwUfoAYeC\nMjVl8Cf7eFWt/HID7rCbQTQpNl30yvrvXLx5i/yBcASD4PzngCAfpOWFHzYA8j2s\ns/RGzwIDAQABo3UwczBSBgNVHREESzBJghloYXpjaGVtLmxpYnJhcnkudXEuZWR1\nLmF1hixodHRwczovL2hhemNoZW0ubGlicmFyeS51cS5lZHUuYXUvc2hpYmJvbGV0\naDAdBgNVHQ4EFgQU8b39MgxWGaANlvZezrtTDU6IhbcwDQYJKoZIhvcNAQEFBQAD\nggEBALRpFCB7FQHH98QGKobtF4knmCSnMgvtlosf2TpNaUcyj+Py1+qCea1zZgrt\n+na81jpaKEOWXz5aZGS6rZKiIkaqgW0jf4h4VYoQg8WaQFT1fxlMAK4P7Et4bQoQ\nWGwPx1ZMcdpvhb+wupZb1oxaeIAqPS38U03axXlqBSSrn4TOySikHVusolizjVen\nEFJ6R1F2UwzYR+SSMvYr6qWQtlrVYxAGoFTCAZg8kjU56LSTlJjbbqoQSo+XDykq\n4APPDpLVVU+RMUNJpgFhPiDx+jPFq97Y0hSMZ4jdaKUpqbUU4TmegFhr9pW/ZCWt\nmKqybZjX12Xu8IeHuiziThHnddQ=','9C:67:61:F9:67:C7:40:41:F9:CF:BE:D6:67:31:63:60:8D:3B:C0:BB'),(194,'sso','MIIDNzCCAh+gAwIBAgIUeJUvzjkvBkjcHezW90pOa6lj8SEwDQYJKoZIhvcNAQEF\nBQAwHjEcMBoGA1UEAxMTc2hpYi1pZHAuYWN1LmVkdS5hdTAeFw0xMDAxMDMyMjA4\nNTJaFw0zMDAxMDMyMjA4NTJaMB4xHDAaBgNVBAMTE3NoaWItaWRwLmFjdS5lZHUu\nYXUwggEiMA0GCSqGSIb3DQEBAQUAA4IBDwAwggEKAoIBAQC/jgBGV5mN9LaBXmvE\nuv89rLW2X/xlF9qe9FVZqTObu2bEoI3eTCILaJ4wOtS/Lch5AwipzTtd/JIMu3hl\nJ2W8p6jKnSd/Kklfwmxjq5ZuM7TVvpfpEWCRxoUBmDyX0hKeS4Uz4Ft0f6OjvQMB\natjGSSI21edRrDn0YuI5W/Q3zlwZSo9zgaHV6++D9CK1Na6Gr0dEgg7G9K6bO7cC\nt7xw6P/2CAzZAfZamaL9kB9yBlEa40nxDUoErBhtO44bTY186NbypEXpnHoFcOdG\n0gw82q+oDE5CC5VucbrY8CGIgHI2aLSi6S9b3QWXubHvBYahzL/No9WyFvsmsaQ+\ntTcPAgMBAAGjbTBrMEoGA1UdEQRDMEGCE3NoaWItaWRwLmFjdS5lZHUuYXWGKmh0\ndHBzOi8vc2hpYi1pZHAuYWN1LmVkdS5hdS9pZHAvc2hpYmJvbGV0aDAdBgNVHQ4E\nFgQU4sYRV09nv9QhSB/oDlzaDLR/RiAwDQYJKoZIhvcNAQEFBQADggEBAAnRqXaO\nCDBNn8brxPYErmxA3B6HNrZIVnUl1j1DJ+HIPP9vlwrWol+0NF0LC71lFdVsHL+c\nxlXoxMbJ/bGIU64MhJTk5AU595+uzR+g3qetSj3+BFU/E6QI5x+dPB4zrp0kmyFM\nNLwlbNJ/eK+tSkCwcIibwDccSBxKzWHeqSCydxP1Mm27XcD/WFUYxjuviUomBYc4\nFJi8EPRUI5eXbgtzyTGAtUcK/6f15WN21uxqmIx5hpW3TrBoRkNRazOUxudi7gwn\nlvxWxQbl8YMLC++U2PfdWN7H144pqn7b1UOSAbZGhsXd6EQhUqYBhzTv2jRW8dYV\nJNB8QapeA17KTHk=','4F:45:CA:81:70:D9:A4:8F:93:F2:16:D4:77:09:FE:2C:78:61:D8:C0'),(191,'sso','MIIDODCCAiCgAwIBAgIJAIIra7K0k7uaMA0GCSqGSIb3DQEBBQUAMCMxITAfBgNV\nBAMTGGRldjItaWRwLmdyaWZmaXRoLmVkdS5hdTAeFw0wOTEyMDIwMDU5MDlaFw0x\nMTEyMDIwMDU5MDlaMCMxITAfBgNVBAMTGGRldjItaWRwLmdyaWZmaXRoLmVkdS5h\ndTCCASIwDQYJKoZIhvcNAQEBBQADggEPADCCAQoCggEBAJpYEQGH9zOuLuijHZND\npZAMiZ7/vB3Ob4Axjm8DggVwz1/D7Zc/vvO6a9rTya+aHXhvhA6UMMB9OE5kRbzR\npoMZWR7mSHftKpJF0GXIT8sXv2BJ37pL7mGNsKQI7600dzV2FqW2dlEbO7r/5xI5\nB3efE+jdTjCDxHMrm9dRlVCWTIBUP/cyDNZDmF6xIDyWbP8Ctq26LDmSCG2jhENY\nswIUFKjOYh1DSziUGU3dZmk6p018ud+0Q0WsoTJttYpoVxhQaB+o62x2cCTDSVh4\nzvSozx9yLP35MAXRMnSmFNQG08Ar6S4b7dTwSZOLk24t7ZvJ3xPRSyFf/ctUFPVS\nNr0CAwEAAaNvMG0wTAYDVR0RBEUwQ4IUaWRwMi5ncmlmZml0aC5lZHUuYXWGK2h0\ndHBzOi8vaWRwMi5ncmlmZml0aC5lZHUuYXUvaWRwL3NoaWJib2xldGgwHQYDVR0O\nBBYEFFwrIYNeVLO7PSfOMG1jixw8KpDxMA0GCSqGSIb3DQEBBQUAA4IBAQB0bNX2\ngmQil82QMgOqNUsGL8JV0+rv5l82TxTo+61jbbTT+UsWlWTxA/GWwaUK5seQknA8\nXb8EKsbS31bY6f2lcnYNcac7v3MT+Ew7cv/3Fo/odvkxEUZ3dx6i5D+m5MrDMOZy\nA6Foym0eaiJZojVLDCPQb8NjdxX0Y7Aqj1qeHSvC1yoKrCMUpi/yPzhjsdpxXD82\n3W719wESEAgA9qlKAsz2bubFYghng5f189crhXDNGxtaMOMjNpuPZZb8V6NPhXzX\n6aKkXuol4S22AjLAiswHJfQpxbZkJfr65LOykfAoh5hFXhAmskAhO83raobV/FNZ\nD0e/E+2vD5sqbT4m','2C:57:D6:C3:9F:3A:40:82:02:F0:38:FA:CA:AA:49:43:BC:CE:3E:5C'),(0,'issuingca','MIIEPDCCAySgAwIBAgIQSEus8arH1xND0aJ0NUmXJTANBgkqhkiG9w0BAQUFADBv\nMQswCQYDVQQGEwJTRTEUMBIGA1UEChMLQWRkVHJ1c3QgQUIxJjAkBgNVBAsTHUFk\nZFRydXN0IEV4dGVybmFsIFRUUCBOZXR3b3JrMSIwIAYDVQQDExlBZGRUcnVzdCBF\neHRlcm5hbCBDQSBSb290MB4XDTA1MDYwNzA4MDkxMFoXDTIwMDUzMDEwNDgzOFow\ngZcxCzAJBgNVBAYTAlVTMQswCQYDVQQIEwJVVDEXMBUGA1UEBxMOU2FsdCBMYWtl\nIENpdHkxHjAcBgNVBAoTFVRoZSBVU0VSVFJVU1QgTmV0d29yazEhMB8GA1UECxMY\naHR0cDovL3d3dy51c2VydHJ1c3QuY29tMR8wHQYDVQQDExZVVE4tVVNFUkZpcnN0\nLUhhcmR3YXJlMIIBIjANBgkqhkiG9w0BAQEFAAOCAQ8AMIIBCgKCAQEAsffDOD+0\nqH/POYJRZ9Btn9L/WPPnnyvsDYlUmbk4mRb34CF5SMK7YXQSlh08anLVPBBnOjnt\nKxPNZuuVCTOkbJex6MbswXV5nEZejavQav25KlUXEFSzGfCa9vGxXbanbfvgcRdr\nooj7AN/+GjF3DJoBerEy4ysBBzhuw6VeI7xFm3tQwckwj9vlK3rTW/szQB6g1ZgX\nvIuHw4nTXaCOsqqq9o5piAbF+okh8widaS4JM5spDUYPjMxJNLBpUb35Bs1orWZM\nvD6sYb0KiA7I3z3ufARMnQpea5HW7sftKI2rTYeJc9BupNAeFosU4XZEA39jrOTN\nSZzFkvSrMqFIWwIDAQABo4GqMIGnMB8GA1UdIwQYMBaAFK29mHo0tCb3+sQmVO8D\nveAky1QaMB0GA1UdDgQWBBShcl8mGyiYQ5VdBzfVhZadS9LDRTAOBgNVHQ8BAf8E\nBAMCAQYwDwYDVR0TAQH/BAUwAwEB/zBEBgNVHR8EPTA7MDmgN6A1hjNodHRwOi8v\nY3JsLnVzZXJ0cnVzdC5jb20vQWRkVHJ1c3RFeHRlcm5hbENBUm9vdC5jcmwwDQYJ\nKoZIhvcNAQEFBQADggEBADzse+Cuow6WbTDXhcbSaFtFWoKmNA+wyZIjXhFtCBGy\ndAkjOjUlc1heyrl8KPpH7PmgA1hQtlPvjNs55Gfp2MooRtSn4PU4dfjny1y/HRE8\nakCbLURW0/f/BSgyDBXIZEWT6CEkjy3aeoR7T8/NsiV8dxDTlNEEkaglHAkiD31E\nNREU768A/l7qX46w2ZJZuvwTlqAYAVbO2vYoC7Gv3VxPXLLzj1pxz+0YrWOIHY6V\n9+qV5x+tkLiECEeFfyIvGh1IMNZMCNg3GWcyK+tc0LL8blefBDVekAB+EcfeEyrN\npG1FJseIVqDwavfY5/wnfmcI0L36tsNhAgFlubgvz1o=','3D:4B:2A:4C:64:31:71:43:F5:02:58:D7:E6:FD:7D:3C:02:1A:52:9E'),(159,'aa','MIIDYTCCAkmgAwIBAgIVAMFcse7G6JDCkdWVd/Wl5BNCNFAsMA0GCSqGSIb3DQEB\nBQUAMCgxJjAkBgNVBAMTHWFhZi10ZXN0MS1pZHAuaXRzLnV0YXMuZWR1LmF1MB4X\nDTA5MDYxMTA3MDUxMloXDTI5MDYxMTA3MDUxMlowKDEmMCQGA1UEAxMdYWFmLXRl\nc3QxLWlkcC5pdHMudXRhcy5lZHUuYXUwggEiMA0GCSqGSIb3DQEBAQUAA4IBDwAw\nggEKAoIBAQC2T96gubCV6kNNyrtsP0eww2epxgpsN49sTDI2pvCJcObmGsS/Dq7P\nzZ4xIGVdRnUsDPTcfpUYETSuxcIKJ6ItB2tovYsaEWqKOVAqp3ElztOudbmZ9eJH\nUsjiX5m9FO3VZ9Ad3puhA7osYrWRgb+CS8yzz/geaaTxco+HxGvaA/V8t6UoTIoC\nM4S4A5S+jgexIECHF30yNYsaKBq1rON0V5A2uN06yGZdLxHowzweByZSRi6d0W4s\noJhPpa9t0mBWHQMibAnFj9H0RLtZnA/k6wIFMgJ7QzGoj1MNr9rgxERT3fXVW5C2\na0/Jk4BOufiPrw4BwKJQXBeBkjWGEW1vAgMBAAGjgYEwfzBeBgNVHREEVzBVgh1h\nYWYtdGVzdDEtaWRwLml0cy51dGFzLmVkdS5hdYY0aHR0cHM6Ly9hYWYtdGVzdDEt\naWRwLml0cy51dGFzLmVkdS5hdS9pZHAvc2hpYmJvbGV0aDAdBgNVHQ4EFgQUhntF\nANZUn1odCg2c6+YBptVA20EwDQYJKoZIhvcNAQEFBQADggEBADPB257DIgfT6mQx\n4B2f+4P5BAiHt4qSd1CfPaxdgwcOTHNY2HYryT3fVRNcKjzzVdiFre+BVkndeQWI\nFOpLy53EMsV9YqhydJD8xXWn9XJkhBcIJ6tpPBjnC2+eNoqrvyldFyuqiuJ1tk59\nUIE5MPoj15qQ6WUQ5xi2eVX16V9qLs0bKq/h530UNbkp019ILzLlDCa37KYmeiHJ\nUyHrU7HoEzGBV1ZB3R5ZB33UbNK2O/G7f3efmPvgZi4rZMnYzg5RmIHsHmZbszP6\ncDp4/lacwICEltTZclgn0GJ3Dhm+RKIM9I2PU10YTdcdMMVHt/9DoGrpVJjTRToZ\nwZJQ9vc=','FC:18:1C:B4:6B:18:6F:91:05:6C:D0:EB:A3:97:9C:24:4B:88:66:8C'),(159,'sso','MIIDYTCCAkmgAwIBAgIVAMFcse7G6JDCkdWVd/Wl5BNCNFAsMA0GCSqGSIb3DQEB\nBQUAMCgxJjAkBgNVBAMTHWFhZi10ZXN0MS1pZHAuaXRzLnV0YXMuZWR1LmF1MB4X\nDTA5MDYxMTA3MDUxMloXDTI5MDYxMTA3MDUxMlowKDEmMCQGA1UEAxMdYWFmLXRl\nc3QxLWlkcC5pdHMudXRhcy5lZHUuYXUwggEiMA0GCSqGSIb3DQEBAQUAA4IBDwAw\nggEKAoIBAQC2T96gubCV6kNNyrtsP0eww2epxgpsN49sTDI2pvCJcObmGsS/Dq7P\nzZ4xIGVdRnUsDPTcfpUYETSuxcIKJ6ItB2tovYsaEWqKOVAqp3ElztOudbmZ9eJH\nUsjiX5m9FO3VZ9Ad3puhA7osYrWRgb+CS8yzz/geaaTxco+HxGvaA/V8t6UoTIoC\nM4S4A5S+jgexIECHF30yNYsaKBq1rON0V5A2uN06yGZdLxHowzweByZSRi6d0W4s\noJhPpa9t0mBWHQMibAnFj9H0RLtZnA/k6wIFMgJ7QzGoj1MNr9rgxERT3fXVW5C2\na0/Jk4BOufiPrw4BwKJQXBeBkjWGEW1vAgMBAAGjgYEwfzBeBgNVHREEVzBVgh1h\nYWYtdGVzdDEtaWRwLml0cy51dGFzLmVkdS5hdYY0aHR0cHM6Ly9hYWYtdGVzdDEt\naWRwLml0cy51dGFzLmVkdS5hdS9pZHAvc2hpYmJvbGV0aDAdBgNVHQ4EFgQUhntF\nANZUn1odCg2c6+YBptVA20EwDQYJKoZIhvcNAQEFBQADggEBADPB257DIgfT6mQx\n4B2f+4P5BAiHt4qSd1CfPaxdgwcOTHNY2HYryT3fVRNcKjzzVdiFre+BVkndeQWI\nFOpLy53EMsV9YqhydJD8xXWn9XJkhBcIJ6tpPBjnC2+eNoqrvyldFyuqiuJ1tk59\nUIE5MPoj15qQ6WUQ5xi2eVX16V9qLs0bKq/h530UNbkp019ILzLlDCa37KYmeiHJ\nUyHrU7HoEzGBV1ZB3R5ZB33UbNK2O/G7f3efmPvgZi4rZMnYzg5RmIHsHmZbszP6\ncDp4/lacwICEltTZclgn0GJ3Dhm+RKIM9I2PU10YTdcdMMVHt/9DoGrpVJjTRToZ\nwZJQ9vc=','FC:18:1C:B4:6B:18:6F:91:05:6C:D0:EB:A3:97:9C:24:4B:88:66:8C'),(0,'issuingca','MIIGLDCCBZWgAwIBAgIQbk/6s8XmacTRZ8mSq+hYxDANBgkqhkiG9w0BAQUFADCB\nwTELMAkGA1UEBhMCVVMxFzAVBgNVBAoTDlZlcmlTaWduLCBJbmMuMTwwOgYDVQQL\nEzNDbGFzcyAzIFB1YmxpYyBQcmltYXJ5IENlcnRpZmljYXRpb24gQXV0aG9yaXR5\nIC0gRzIxOjA4BgNVBAsTMShjKSAxOTk4IFZlcmlTaWduLCBJbmMuIC0gRm9yIGF1\ndGhvcml6ZWQgdXNlIG9ubHkxHzAdBgNVBAsTFlZlcmlTaWduIFRydXN0IE5ldHdv\ncmswHhcNMDkwMzI1MDAwMDAwWhcNMTkwMzI0MjM1OTU5WjCBtTELMAkGA1UEBhMC\nVVMxFzAVBgNVBAoTDlZlcmlTaWduLCBJbmMuMR8wHQYDVQQLExZWZXJpU2lnbiBU\ncnVzdCBOZXR3b3JrMTswOQYDVQQLEzJUZXJtcyBvZiB1c2UgYXQgaHR0cHM6Ly93\nd3cudmVyaXNpZ24uY29tL3JwYSAoYykwOTEvMC0GA1UEAxMmVmVyaVNpZ24gQ2xh\nc3MgMyBTZWN1cmUgU2VydmVyIENBIC0gRzIwggEiMA0GCSqGSIb3DQEBAQUAA4IB\nDwAwggEKAoIBAQDUVo9XOzcopkBj0pXVBXTatRlqltZxVy/iwDSMoJWzjOE3JPMu\n7UNFBY6J1/raSrX4Po1Ox/lJUEU3QJ90qqBRVWHxYISJpZ6AjS+wIapFgsTPtBR/\nRxUgKIKwaBLArlwH1/ZZzMtiVlxNSf8miKtUUTovStoOmOKJcrn892g8xB85essX\ngfMMrQ/cYWIbEAsEHikYcV5iy0PevjG6cQIZTiapUdqMZGkD3pz9ff17Ybz8hHyI\nXLTDe+1fK0YS8f0AAZqLW+mjBS6PLlve8xt4+GaRCMBeztWwNsrUqHugffkwer/4\n3RlRKyC6/qfPoU6wZ/WAqiuDLtKOVImOHikLAgMBAAGjggKpMIICpTA0BggrBgEF\nBQcBAQQoMCYwJAYIKwYBBQUHMAGGGGh0dHA6Ly9vY3NwLnZlcmlzaWduLmNvbTAS\nBgNVHRMBAf8ECDAGAQH/AgEAMHAGA1UdIARpMGcwZQYLYIZIAYb4RQEHFwMwVjAo\nBggrBgEFBQcCARYcaHR0cHM6Ly93d3cudmVyaXNpZ24uY29tL2NwczAqBggrBgEF\nBQcCAjAeGhxodHRwczovL3d3dy52ZXJpc2lnbi5jb20vcnBhMDQGA1UdHwQtMCsw\nKaAnoCWGI2h0dHA6Ly9jcmwudmVyaXNpZ24uY29tL3BjYTMtZzIuY3JsMA4GA1Ud\nDwEB/wQEAwIBBjBtBggrBgEFBQcBDARhMF+hXaBbMFkwVzBVFglpbWFnZS9naWYw\nITAfMAcGBSsOAwIaBBSP5dMahqyNjmvDz4Bq1EgYLHsZLjAlFiNodHRwOi8vbG9n\nby52ZXJpc2lnbi5jb20vdnNsb2dvLmdpZjApBgNVHREEIjAgpB4wHDEaMBgGA1UE\nAxMRQ2xhc3MzQ0EyMDQ4LTEtNTIwHQYDVR0OBBYEFKXvCxHOwEEDo0plkEiyHOBX\nLX1HMIHnBgNVHSMEgd8wgdyhgcekgcQwgcExCzAJBgNVBAYTAlVTMRcwFQYDVQQK\nEw5WZXJpU2lnbiwgSW5jLjE8MDoGA1UECxMzQ2xhc3MgMyBQdWJsaWMgUHJpbWFy\neSBDZXJ0aWZpY2F0aW9uIEF1dGhvcml0eSAtIEcyMTowOAYDVQQLEzEoYykgMTk5\nOCBWZXJpU2lnbiwgSW5jLiAtIEZvciBhdXRob3JpemVkIHVzZSBvbmx5MR8wHQYD\nVQQLExZWZXJpU2lnbiBUcnVzdCBOZXR3b3JrghB92f4Hz6getxB5Z/uniTTGMA0G\nCSqGSIb3DQEBBQUAA4GBAGN0Lz1Tqi+X7CYRZhr+8d5BJxnSf9jBHPniOFY6H5Cu\nOcUgdav4bC1nHynCIdcUiGNLsJsnY5H48KMBJLb7j+M9AgtvVP7UzNvWhb98lR5e\nYhHB2QmcQrmy1KotmDojYMyimvFu6M+O0Ro8XhnF15s1sAIjJOUFuNWI4+D6ufRf','62:F3:C8:97:71:DA:4C:E0:1A:91:FC:13:E0:2B:60:57:B4:54:7A:1D'),(160,'sso','MIIGTTCCBbagAwIBAgIDAOm+MA0GCSqGSIb3DQEBBQUAMIIBEjELMAkGA1UEBhMC                                                    \r\nRVMxEjAQBgNVBAgTCUJhcmNlbG9uYTESMBAGA1UEBxMJQmFyY2Vsb25hMSkwJwYD                                                    \r\nVQQKEyBJUFMgQ2VydGlmaWNhdGlvbiBBdXRob3JpdHkgcy5sLjEuMCwGA1UEChQl                                                    \r\nZ2VuZXJhbEBpcHNjYS5jb20gQy5JLkYuICBCLUI2MjIxMDY5NTEuMCwGA1UECxMl                                                    \r\naXBzQ0EgQ0xBU0VBMSBDZXJ0aWZpY2F0aW9uIEF1dGhvcml0eTEuMCwGA1UEAxMl                                                    \r\naXBzQ0EgQ0xBU0VBMSBDZXJ0aWZpY2F0aW9uIEF1dGhvcml0eTEgMB4GCSqGSIb3                                                    \r\nDQEJARYRZ2VuZXJhbEBpcHNjYS5jb20wHhcNMDkwMTA5MDkwNzM4WhcNMTEwMTA5                                                    \r\nMDkwNzM4WjCBnTELMAkGA1UEBhMCQVUxDDAKBgNVBAgTA05TVzEPMA0GA1UEBxMG                                                    \r\nU3lkbmV5MSAwHgYDVQQKExdVbml2ZXJzaXR5IG9mIE1hY3F1YXJpZTEPMA0GA1UE                                                    \r\nCxMGTWVsY29lMRwwGgYDVQQLExNBdHRyaWJ1dGUgQXV0aG9yaXR5MR4wHAYDVQQD                                                    \r\nExVtYW1zLm1lbGNvZS5tcS5lZHUuYXUwgZ8wDQYJKoZIhvcNAQEBBQADgY0AMIGJ                                                    \r\nAoGBAO2WogtQkW6ylf3P3D9ZW1AkSkF7AYGmTwfUgNldbqeB/OsPcKCxFkfzreJD                                                    \r\nsN4XCwt8Sex326G7yitkQ0vXs9aBzamIpUB3uu1OIA+Sm9HCyfS1tiNJ5OpF5hVG                                                    \r\nQpKlY5lzw132sSmQqm9hZNKSnSFZY0tVhHxFr9d1Or2SpTMbAgMBAAGjggMhMIID                                                    \r\nHTAJBgNVHRMEAjAAMBEGCWCGSAGG+EIBAQQEAwIGQDALBgNVHQ8EBAMCA/gwEwYD                                                    \r\nVR0lBAwwCgYIKwYBBQUHAwEwHQYDVR0OBBYEFPwqH68k7UvwaKXtWBQsdrJy8AKx                                                    \r\nMB8GA1UdIwQYMBaAFA4HYNQ5yRtbXZB7I8jSNJ1KmkY5MAkGA1UdEQQCMAAwHAYD                                                    \r\nVR0SBBUwE4ERZ2VuZXJhbEBpcHNjYS5jb20wcgYJYIZIAYb4QgENBGUWY09yZ2Fu                                                    \r\naXphdGlvbiBJbmZvcm1hdGlvbiBOT1QgVkFMSURBVEVELiBDTEFTRUExIFNlcnZl                                                    \r\nciBDZXJ0aWZpY2F0ZSBpc3N1ZWQgYnkgaHR0cHM6Ly93d3cuaXBzY2EuY29tLzAv                                                    \r\nBglghkgBhvhCAQIEIhYgaHR0cHM6Ly93d3cuaXBzY2EuY29tL2lwc2NhMjAwMi8w                                                    \r\nQwYJYIZIAYb4QgEEBDYWNGh0dHBzOi8vd3d3Lmlwc2NhLmNvbS9pcHNjYTIwMDIv                                                    \r\naXBzY2EyMDAyQ0xBU0VBMS5jcmwwRgYJYIZIAYb4QgEDBDkWN2h0dHBzOi8vd3d3                                                    \r\nLmlwc2NhLmNvbS9pcHNjYTIwMDIvcmV2b2NhdGlvbkNMQVNFQTEuaHRtbD8wQwYJ                                                    \r\nYIZIAYb4QgEHBDYWNGh0dHBzOi8vd3d3Lmlwc2NhLmNvbS9pcHNjYTIwMDIvcmVu                                                    \r\nZXdhbENMQVNFQTEuaHRtbD8wQQYJYIZIAYb4QgEIBDQWMmh0dHBzOi8vd3d3Lmlw                                                    \r\nc2NhLmNvbS9pcHNjYTIwMDIvcG9saWN5Q0xBU0VBMS5odG1sMIGDBgNVHR8EfDB6                                                    \r\nMDmgN6A1hjNodHRwOi8vd3d3Lmlwc2NhLmNvbS9pcHNjYTIwMDIvaXBzY2EyMDAy                                                    \r\nQ0xBU0VBMS5jcmwwPaA7oDmGN2h0dHA6Ly93d3diYWNrLmlwc2NhLmNvbS9pcHNj                                                    \r\nYTIwMDIvaXBzY2EyMDAyQ0xBU0VBMS5jcmwwMgYIKwYBBQUHAQEEJjAkMCIGCCsG                                                    \r\nAQUFBzABhhZodHRwOi8vb2NzcC5pcHNjYS5jb20vMA0GCSqGSIb3DQEBBQUAA4GB                                                    \r\nAF4kPljspcdqEKK/Cgkmukmn8lHAuU6AEKLcVgqGb4HQ1O/dVcZZr2MPlY/GNnuH                                                    \r\nuQdHU5xZea1l9Zr12ykgqemd6Cfv5Tj7YQLj2BZRAHZTtayq+fO+yEjGregI8Jv9                                                    \r\nkGUIQda/q74KNjvkSPbpQNCBJwUgvglWcBLsKG2BHKx6','BB:1C:50:32:C5:B0:D8:26:94:62:6D:29:D3:AE:0B:0B:98:3E:2C:94'),(160,'aa','MIIGTTCCBbagAwIBAgIDAOm+MA0GCSqGSIb3DQEBBQUAMIIBEjELMAkGA1UEBhMC                                                    \r\nRVMxEjAQBgNVBAgTCUJhcmNlbG9uYTESMBAGA1UEBxMJQmFyY2Vsb25hMSkwJwYD                                                    \r\nVQQKEyBJUFMgQ2VydGlmaWNhdGlvbiBBdXRob3JpdHkgcy5sLjEuMCwGA1UEChQl                                                    \r\nZ2VuZXJhbEBpcHNjYS5jb20gQy5JLkYuICBCLUI2MjIxMDY5NTEuMCwGA1UECxMl                                                    \r\naXBzQ0EgQ0xBU0VBMSBDZXJ0aWZpY2F0aW9uIEF1dGhvcml0eTEuMCwGA1UEAxMl                                                    \r\naXBzQ0EgQ0xBU0VBMSBDZXJ0aWZpY2F0aW9uIEF1dGhvcml0eTEgMB4GCSqGSIb3                                                    \r\nDQEJARYRZ2VuZXJhbEBpcHNjYS5jb20wHhcNMDkwMTA5MDkwNzM4WhcNMTEwMTA5                                                    \r\nMDkwNzM4WjCBnTELMAkGA1UEBhMCQVUxDDAKBgNVBAgTA05TVzEPMA0GA1UEBxMG                                                    \r\nU3lkbmV5MSAwHgYDVQQKExdVbml2ZXJzaXR5IG9mIE1hY3F1YXJpZTEPMA0GA1UE                                                    \r\nCxMGTWVsY29lMRwwGgYDVQQLExNBdHRyaWJ1dGUgQXV0aG9yaXR5MR4wHAYDVQQD                                                    \r\nExVtYW1zLm1lbGNvZS5tcS5lZHUuYXUwgZ8wDQYJKoZIhvcNAQEBBQADgY0AMIGJ                                                    \r\nAoGBAO2WogtQkW6ylf3P3D9ZW1AkSkF7AYGmTwfUgNldbqeB/OsPcKCxFkfzreJD                                                    \r\nsN4XCwt8Sex326G7yitkQ0vXs9aBzamIpUB3uu1OIA+Sm9HCyfS1tiNJ5OpF5hVG                                                    \r\nQpKlY5lzw132sSmQqm9hZNKSnSFZY0tVhHxFr9d1Or2SpTMbAgMBAAGjggMhMIID                                                    \r\nHTAJBgNVHRMEAjAAMBEGCWCGSAGG+EIBAQQEAwIGQDALBgNVHQ8EBAMCA/gwEwYD                                                    \r\nVR0lBAwwCgYIKwYBBQUHAwEwHQYDVR0OBBYEFPwqH68k7UvwaKXtWBQsdrJy8AKx                                                    \r\nMB8GA1UdIwQYMBaAFA4HYNQ5yRtbXZB7I8jSNJ1KmkY5MAkGA1UdEQQCMAAwHAYD                                                    \r\nVR0SBBUwE4ERZ2VuZXJhbEBpcHNjYS5jb20wcgYJYIZIAYb4QgENBGUWY09yZ2Fu                                                    \r\naXphdGlvbiBJbmZvcm1hdGlvbiBOT1QgVkFMSURBVEVELiBDTEFTRUExIFNlcnZl                                                    \r\nciBDZXJ0aWZpY2F0ZSBpc3N1ZWQgYnkgaHR0cHM6Ly93d3cuaXBzY2EuY29tLzAv                                                    \r\nBglghkgBhvhCAQIEIhYgaHR0cHM6Ly93d3cuaXBzY2EuY29tL2lwc2NhMjAwMi8w                                                    \r\nQwYJYIZIAYb4QgEEBDYWNGh0dHBzOi8vd3d3Lmlwc2NhLmNvbS9pcHNjYTIwMDIv                                                    \r\naXBzY2EyMDAyQ0xBU0VBMS5jcmwwRgYJYIZIAYb4QgEDBDkWN2h0dHBzOi8vd3d3                                                    \r\nLmlwc2NhLmNvbS9pcHNjYTIwMDIvcmV2b2NhdGlvbkNMQVNFQTEuaHRtbD8wQwYJ                                                    \r\nYIZIAYb4QgEHBDYWNGh0dHBzOi8vd3d3Lmlwc2NhLmNvbS9pcHNjYTIwMDIvcmVu                                                    \r\nZXdhbENMQVNFQTEuaHRtbD8wQQYJYIZIAYb4QgEIBDQWMmh0dHBzOi8vd3d3Lmlw                                                    \r\nc2NhLmNvbS9pcHNjYTIwMDIvcG9saWN5Q0xBU0VBMS5odG1sMIGDBgNVHR8EfDB6                                                    \r\nMDmgN6A1hjNodHRwOi8vd3d3Lmlwc2NhLmNvbS9pcHNjYTIwMDIvaXBzY2EyMDAy                                                    \r\nQ0xBU0VBMS5jcmwwPaA7oDmGN2h0dHA6Ly93d3diYWNrLmlwc2NhLmNvbS9pcHNj                                                    \r\nYTIwMDIvaXBzY2EyMDAyQ0xBU0VBMS5jcmwwMgYIKwYBBQUHAQEEJjAkMCIGCCsG                                                    \r\nAQUFBzABhhZodHRwOi8vb2NzcC5pcHNjYS5jb20vMA0GCSqGSIb3DQEBBQUAA4GB                                                    \r\nAF4kPljspcdqEKK/Cgkmukmn8lHAuU6AEKLcVgqGb4HQ1O/dVcZZr2MPlY/GNnuH                                                    \r\nuQdHU5xZea1l9Zr12ykgqemd6Cfv5Tj7YQLj2BZRAHZTtayq+fO+yEjGregI8Jv9                                                    \r\nkGUIQda/q74KNjvkSPbpQNCBJwUgvglWcBLsKG2BHKx6','BB:1C:50:32:C5:B0:D8:26:94:62:6D:29:D3:AE:0B:0B:98:3E:2C:94'),(162,'sso','MIIDNDCCAhygAwIBAgIJAIETq3dnkzc9MA0GCSqGSIb3DQEBBQUAMCAxHjAcBgNV\nBAMTFWlkcC10ZXN0LnZlcnNpLmVkdS5hdTAeFw0wOTA4MTkwNTA4MzVaFw0xMjA4\nMTgwNTA4MzVaMCAxHjAcBgNVBAMTFWlkcC10ZXN0LnZlcnNpLmVkdS5hdTCCASIw\nDQYJKoZIhvcNAQEBBQADggEPADCCAQoCggEBAKspLjQu6VLtWSSib5qwsONkPsC4\nuWbjNBIyOkD5n6D0aNHXlA+sFDai2LHENCXQSHJA5EYOJbx4hBcGX/OiYNqWdKiz\nugJN+pDkeAT6M7glOw6vNzErsHVBdH2LVGwFfiE+J6JuLBVAmEga15OsC//sBik9\nJHspjr6Nr1N/j2srJ9sF6RVYHSjYmznPWX8nSmIotz49y0KKA51jE++3p17/CUiv\ndmDtKu4MugpYviPpnLJI+k9MTaUqsaHI0j8VCxoLOl/SnbJeWMYyfP6YZfj+hELQ\nKntkyVji+haaoQpHHGsSZDh+FbbB8MkQD78v+eWp64faAwy4hDa/Y12MWFECAwEA\nAaNxMG8wTgYDVR0RBEcwRYIVaWRwLXRlc3QudmVyc2kuZWR1LmF1hixodHRwczov\nL2lkcC10ZXN0LnZlcnNpLmVkdS5hdS9pZHAvc2hpYmJvbGV0aDAdBgNVHQ4EFgQU\nmmDm4vDRHKh2C+Ck5AHWLRc3oNUwDQYJKoZIhvcNAQEFBQADggEBAD1mD8NAbdFY\nricsD0ec2o9GZmT9qWEa2M3Y8jOCImASXOyQccVgOgDj5U+SZ5YMqg51xk12wOLY\nFF12H+pJ6zipU4nHmnNpdQEpy9/kE/PupfKmgw+SnSqEiGQ8FoEJ4YjJWoI7cYNC\nDwxh8Ty5+E2te5uNCgV8KtgqrMrK9HyaqhawH8duU+HH1USAPlkFEk6r3emhxx9O\nnThwK/tMoDbMUVodP+ku3z2IiNWrgm3eVrCYCxf9WOPyfeLUB3ta9RnYZT1+7L9G\nrh02N6rjPRFd4hwQ3Y+yqXfS8NC1OWU7HA02O5y7LdG5G/UzeraE6dnCXE/T/hZk\njAmKqbZ2ckc=','4C:6B:50:C8:C2:DA:BA:4E:26:DF:A9:E9:CF:6B:5D:D3:6E:6F:B4:1C'),(162,'aa','MIIDNDCCAhygAwIBAgIJAIETq3dnkzc9MA0GCSqGSIb3DQEBBQUAMCAxHjAcBgNV\nBAMTFWlkcC10ZXN0LnZlcnNpLmVkdS5hdTAeFw0wOTA4MTkwNTA4MzVaFw0xMjA4\nMTgwNTA4MzVaMCAxHjAcBgNVBAMTFWlkcC10ZXN0LnZlcnNpLmVkdS5hdTCCASIw\nDQYJKoZIhvcNAQEBBQADggEPADCCAQoCggEBAKspLjQu6VLtWSSib5qwsONkPsC4\nuWbjNBIyOkD5n6D0aNHXlA+sFDai2LHENCXQSHJA5EYOJbx4hBcGX/OiYNqWdKiz\nugJN+pDkeAT6M7glOw6vNzErsHVBdH2LVGwFfiE+J6JuLBVAmEga15OsC//sBik9\nJHspjr6Nr1N/j2srJ9sF6RVYHSjYmznPWX8nSmIotz49y0KKA51jE++3p17/CUiv\ndmDtKu4MugpYviPpnLJI+k9MTaUqsaHI0j8VCxoLOl/SnbJeWMYyfP6YZfj+hELQ\nKntkyVji+haaoQpHHGsSZDh+FbbB8MkQD78v+eWp64faAwy4hDa/Y12MWFECAwEA\nAaNxMG8wTgYDVR0RBEcwRYIVaWRwLXRlc3QudmVyc2kuZWR1LmF1hixodHRwczov\nL2lkcC10ZXN0LnZlcnNpLmVkdS5hdS9pZHAvc2hpYmJvbGV0aDAdBgNVHQ4EFgQU\nmmDm4vDRHKh2C+Ck5AHWLRc3oNUwDQYJKoZIhvcNAQEFBQADggEBAD1mD8NAbdFY\nricsD0ec2o9GZmT9qWEa2M3Y8jOCImASXOyQccVgOgDj5U+SZ5YMqg51xk12wOLY\nFF12H+pJ6zipU4nHmnNpdQEpy9/kE/PupfKmgw+SnSqEiGQ8FoEJ4YjJWoI7cYNC\nDwxh8Ty5+E2te5uNCgV8KtgqrMrK9HyaqhawH8duU+HH1USAPlkFEk6r3emhxx9O\nnThwK/tMoDbMUVodP+ku3z2IiNWrgm3eVrCYCxf9WOPyfeLUB3ta9RnYZT1+7L9G\nrh02N6rjPRFd4hwQ3Y+yqXfS8NC1OWU7HA02O5y7LdG5G/UzeraE6dnCXE/T/hZk\njAmKqbZ2ckc=','4C:6B:50:C8:C2:DA:BA:4E:26:DF:A9:E9:CF:6B:5D:D3:6E:6F:B4:1C'),(164,'sso','MIIDPDCCAiSgAwIBAgIJAPle/EhdY3owMA0GCSqGSIb3DQEBBQUAMCIxIDAeBgNV\r\nBAMTF3NoaWIzLml0cy5tb25hc2guZWR1LmF1MB4XDTA5MDgxOTA0Mzg1NFoXDTEy\r\nMDgxODA0Mzg1NFowIjEgMB4GA1UEAxMXc2hpYjMuaXRzLm1vbmFzaC5lZHUuYXUw\r\nggEiMA0GCSqGSIb3DQEBAQUAA4IBDwAwggEKAoIBAQCu4Xik7AvBflEdIq4kFeBX\r\nPGYCRGngPtx6cIUC0j/k2UomzydKF1NszAHH0uy+wPOtgIzy4lPicm5OqOmdWIzt\r\nJJzGp3kUO3mt/x1aE+6mnjph/Toz2uc6m6mBCLnt99ffjVKUN1BAqxn2VZP9RTWJ\r\n0KxCW1hUthY+oeMNoyYANFqyP4C96DPO4zKciKaIGMjdf/6tu8cpXMqQ6zsT4eNw\r\nRf3UHxgyj68g0krVZUkmalehYNl4fnNQ/aLVIuf3JvAKSi4vxqiVRwocxgN2d6tZ\r\nVXG3MMIsToYEu3lHyrHMH5sbeuw6WtWwJ69cVxijHyq7kos5tUFWSW9ufCUmYX6T\r\nAgMBAAGjdTBzMFIGA1UdEQRLMEmCF3NoaWIzLml0cy5tb25hc2guZWR1LmF1hi5o\r\ndHRwczovL3NoaWIzLml0cy5tb25hc2guZWR1LmF1L2lkcC9zaGliYm9sZXRoMB0G\r\nA1UdDgQWBBRwMDBSQIiDxrXJdFgl9+gWBb6KYzANBgkqhkiG9w0BAQUFAAOCAQEA\r\nIgZ9t8pA8//pRipt8xcGQhycLKKF+fhFnNAUnsS9SJ39zY2Ph+yQiWGUwdR8xkSt\r\nZ45ACshH0adnf/gygXW6R6EuHavw7CftLqRBnExuWHUIzSic8wboWH0HAfURxptk\r\n8RID4WFLeb/FOVkIaLeqYGNe5WezderqMYLr+y0SU1OdZjlJSuqu7XINdKJO1nE4\r\nYm3M/5KFbfVFC9lJ5/Ev6cG9/yhlWzBq7BwhQIo7yLtI9D7czIB4+uuM/I58hX4d\r\nB2DseuGCUYiInu31WyEwC229j9db0xN5ejfNItmbrn1o3D4WbSRDicC0Q21BCwiY\r\nmtWRj2mGLJQ0GkGf3+Dlrw==','70:DA:96:4F:AD:2D:41:58:78:0B:4E:6C:9E:BD:6D:7B:E5:6A:77:01'),(164,'aa','MIIDPDCCAiSgAwIBAgIJAPle/EhdY3owMA0GCSqGSIb3DQEBBQUAMCIxIDAeBgNV\r\nBAMTF3NoaWIzLml0cy5tb25hc2guZWR1LmF1MB4XDTA5MDgxOTA0Mzg1NFoXDTEy\r\nMDgxODA0Mzg1NFowIjEgMB4GA1UEAxMXc2hpYjMuaXRzLm1vbmFzaC5lZHUuYXUw\r\nggEiMA0GCSqGSIb3DQEBAQUAA4IBDwAwggEKAoIBAQCu4Xik7AvBflEdIq4kFeBX\r\nPGYCRGngPtx6cIUC0j/k2UomzydKF1NszAHH0uy+wPOtgIzy4lPicm5OqOmdWIzt\r\nJJzGp3kUO3mt/x1aE+6mnjph/Toz2uc6m6mBCLnt99ffjVKUN1BAqxn2VZP9RTWJ\r\n0KxCW1hUthY+oeMNoyYANFqyP4C96DPO4zKciKaIGMjdf/6tu8cpXMqQ6zsT4eNw\r\nRf3UHxgyj68g0krVZUkmalehYNl4fnNQ/aLVIuf3JvAKSi4vxqiVRwocxgN2d6tZ\r\nVXG3MMIsToYEu3lHyrHMH5sbeuw6WtWwJ69cVxijHyq7kos5tUFWSW9ufCUmYX6T\r\nAgMBAAGjdTBzMFIGA1UdEQRLMEmCF3NoaWIzLml0cy5tb25hc2guZWR1LmF1hi5o\r\ndHRwczovL3NoaWIzLml0cy5tb25hc2guZWR1LmF1L2lkcC9zaGliYm9sZXRoMB0G\r\nA1UdDgQWBBRwMDBSQIiDxrXJdFgl9+gWBb6KYzANBgkqhkiG9w0BAQUFAAOCAQEA\r\nIgZ9t8pA8//pRipt8xcGQhycLKKF+fhFnNAUnsS9SJ39zY2Ph+yQiWGUwdR8xkSt\r\nZ45ACshH0adnf/gygXW6R6EuHavw7CftLqRBnExuWHUIzSic8wboWH0HAfURxptk\r\n8RID4WFLeb/FOVkIaLeqYGNe5WezderqMYLr+y0SU1OdZjlJSuqu7XINdKJO1nE4\r\nYm3M/5KFbfVFC9lJ5/Ev6cG9/yhlWzBq7BwhQIo7yLtI9D7czIB4+uuM/I58hX4d\r\nB2DseuGCUYiInu31WyEwC229j9db0xN5ejfNItmbrn1o3D4WbSRDicC0Q21BCwiY\r\nmtWRj2mGLJQ0GkGf3+Dlrw==','70:DA:96:4F:AD:2D:41:58:78:0B:4E:6C:9E:BD:6D:7B:E5:6A:77:01'),(167,'sso','MIIDPzCCAiegAwIBAgIUCSHWD+tW1N7CO+VDfeKxGoSd+ngwDQYJKoZIhvcNAQEF\nBQAwIDEeMBwGA1UEAxMVY29uZWZsb3dlci5xdXQuZWR1LmF1MB4XDTA5MDgyMjEz\nNDcwMVoXDTEyMDgyMjEzNDcwMVowIDEeMBwGA1UEAxMVY29uZWZsb3dlci5xdXQu\nZWR1LmF1MIIBIjANBgkqhkiG9w0BAQEFAAOCAQ8AMIIBCgKCAQEArkEdzG8dh/Qf\n83z+7krl36acIh8Wm9ou8yme/idyyDDqYLt0vKkl8aBcfOlSY/kTsSKWpapd5fgw\nhC7vCbn/9FrACDl41Gj6hll56nRJ7itd9B+oUHYpeel1sxX5E4Itbhr/av05ntkA\nwU7btFX3jmz99VretLjkPH3E2fEel/IZobXm6vpREzxXv0MxkTAEBadAF2z/BLSg\n/OpzIuiURdSqiCAyrm3MZFghU4+vgryLBsUL7QvnrFetcqnRakmEwbCacou1ai2e\ncClipA4XPpgDq9SzT9Aa+5gTheOLUzoUfIZN7dB/OPXSDm3AVmlIetbQZ6JkZT9h\nDSRaSfzNiwIDAQABo3EwbzBOBgNVHREERzBFghVjb25lZmxvd2VyLnF1dC5lZHUu\nYXWGLGh0dHBzOi8vY29uZWZsb3dlci5xdXQuZWR1LmF1L2lkcC9zaGliYm9sZXRo\nMB0GA1UdDgQWBBQ1n5mTFKNpxm08reGo32K6bEdeEzANBgkqhkiG9w0BAQUFAAOC\nAQEApGqNb6Y5aPqVYaXwU+/88ebvps2ipqcWPunMJm/LeUB64VYMDfkxbE5PVUjC\nyyvU7qm6p/VMhGkYA1unDV/ydkb8kKSsBzmkKtGHqrIxkc92cPf+WUeFwwnXe/i9\ntCYmh7p1d4o0PT069VVnkON8X3/u0tRwox6CfdGB8mJTUWLHJxzPc2pNXG7thvto\nlb1dDlO4hwiqOwP8QnsOcvjv8wl1QlPwcR/YxeNTQnXQnicms6duMrDu37HhnfBw\nskXwtjv1yH0YAMdbM5Y7ClUqKA0I3KEP91IiEn1h7xyIo7c2wmW0VUyVFTYxpYYk\n1i2O280+ujeq9tApWC5QT+aOfQ==','77:8A:1A:18:F7:89:D9:0E:50:80:7D:A8:BD:D0:D2:0C:44:45:24:07'),(167,'aa','MIIDPzCCAiegAwIBAgIUCSHWD+tW1N7CO+VDfeKxGoSd+ngwDQYJKoZIhvcNAQEF\nBQAwIDEeMBwGA1UEAxMVY29uZWZsb3dlci5xdXQuZWR1LmF1MB4XDTA5MDgyMjEz\nNDcwMVoXDTEyMDgyMjEzNDcwMVowIDEeMBwGA1UEAxMVY29uZWZsb3dlci5xdXQu\nZWR1LmF1MIIBIjANBgkqhkiG9w0BAQEFAAOCAQ8AMIIBCgKCAQEArkEdzG8dh/Qf\n83z+7krl36acIh8Wm9ou8yme/idyyDDqYLt0vKkl8aBcfOlSY/kTsSKWpapd5fgw\nhC7vCbn/9FrACDl41Gj6hll56nRJ7itd9B+oUHYpeel1sxX5E4Itbhr/av05ntkA\nwU7btFX3jmz99VretLjkPH3E2fEel/IZobXm6vpREzxXv0MxkTAEBadAF2z/BLSg\n/OpzIuiURdSqiCAyrm3MZFghU4+vgryLBsUL7QvnrFetcqnRakmEwbCacou1ai2e\ncClipA4XPpgDq9SzT9Aa+5gTheOLUzoUfIZN7dB/OPXSDm3AVmlIetbQZ6JkZT9h\nDSRaSfzNiwIDAQABo3EwbzBOBgNVHREERzBFghVjb25lZmxvd2VyLnF1dC5lZHUu\nYXWGLGh0dHBzOi8vY29uZWZsb3dlci5xdXQuZWR1LmF1L2lkcC9zaGliYm9sZXRo\nMB0GA1UdDgQWBBQ1n5mTFKNpxm08reGo32K6bEdeEzANBgkqhkiG9w0BAQUFAAOC\nAQEApGqNb6Y5aPqVYaXwU+/88ebvps2ipqcWPunMJm/LeUB64VYMDfkxbE5PVUjC\nyyvU7qm6p/VMhGkYA1unDV/ydkb8kKSsBzmkKtGHqrIxkc92cPf+WUeFwwnXe/i9\ntCYmh7p1d4o0PT069VVnkON8X3/u0tRwox6CfdGB8mJTUWLHJxzPc2pNXG7thvto\nlb1dDlO4hwiqOwP8QnsOcvjv8wl1QlPwcR/YxeNTQnXQnicms6duMrDu37HhnfBw\nskXwtjv1yH0YAMdbM5Y7ClUqKA0I3KEP91IiEn1h7xyIo7c2wmW0VUyVFTYxpYYk\n1i2O280+ujeq9tApWC5QT+aOfQ==','77:8A:1A:18:F7:89:D9:0E:50:80:7D:A8:BD:D0:D2:0C:44:45:24:07'),(170,'aa','MIIGEjCCBPqgAwIBAgIQYUk0v/Stvz2jhVp4kskzYjANBgkqhkiG9w0BAQUFADCB\nlzELMAkGA1UEBhMCVVMxCzAJBgNVBAgTAlVUMRcwFQYDVQQHEw5TYWx0IExha2Ug\nQ2l0eTEeMBwGA1UEChMVVGhlIFVTRVJUUlVTVCBOZXR3b3JrMSEwHwYDVQQLExho\ndHRwOi8vd3d3LnVzZXJ0cnVzdC5jb20xHzAdBgNVBAMTFlVUTi1VU0VSRmlyc3Qt\nSGFyZHdhcmUwHhcNMDkwOTAxMDAwMDAwWhcNMTQwOTAxMjM1OTU5WjCCAX4xCzAJ\nBgNVBAYTAkFVMQ0wCwYDVQQREwQyNjEyMQwwCgYDVQQIEwNBQ1QxETAPBgNVBAcT\nCENhbXBiZWxsMRkwFwYDVQQJExBMaW1lc3RvbmUgQXZlbnVlMR8wHQYDVQQJExZD\nU0lSTyBDb3Jwb3JhdGUgQ2VudHJlMSQwIgYDVQQSExtQTyBCT1ggMjI1IERpY2tz\nb24gQUNUIDI2MDIxRTBDBgNVBAoTPENvbW1vbndlYWx0aCBTY2llbnRpZmljIGFu\nZCBJbmR1c3RyaWFsIFJlc2VhcmNoIE9yZ2FuaXNhdGlvbjERMA8GA1UECxMIQ1NJ\nUk8gSVQxSTBHBgNVBAsTQElzc3VlZCB0aHJvdWdoIENvbW1vbndlYWx0aCBTY2ll\nbnRpZmljIGFuZCBJbmR1c3RyaWFsIFJlc2VhcmNoIE8xGjAYBgNVBAsTEUNvbW9k\nbyBJbnN0YW50U1NMMRwwGgYDVQQDExNhYWZpZHAtZGV2LmNzaXJvLmF1MIGfMA0G\nCSqGSIb3DQEBAQUAA4GNADCBiQKBgQDNUbh2vYviQWE7ZSePAxwYwwplm3Ch6R/M\nv7qQy2GqE9nVrT+619/ac5bR1XBpqnABJYCOiS6U5MphqzEV0W2FV2Qbi0jP86Ea\nlklGq0rHaqzS+aP8eyplYxbO5/KcOwgJXiRHMtOMT89ii21HiMFhnSbq6Yn25ukN\nOJaMYXvkOwIDAQABo4IB8jCCAe4wHwYDVR0jBBgwFoAUoXJfJhsomEOVXQc31YWW\nnUvSw0UwHQYDVR0OBBYEFIUOuwA21V8X62mHxVOeadB+EI5qMA4GA1UdDwEB/wQE\nAwIFoDAMBgNVHRMBAf8EAjAAMB0GA1UdJQQWMBQGCCsGAQUFBwMBBggrBgEFBQcD\nAjBGBgNVHSAEPzA9MDsGDCsGAQQBsjEBAgEDBDArMCkGCCsGAQUFBwIBFh1odHRw\nczovL3NlY3VyZS5jb21vZG8ubmV0L0NQUzB7BgNVHR8EdDByMDigNqA0hjJodHRw\nOi8vY3JsLmNvbW9kb2NhLmNvbS9VVE4tVVNFUkZpcnN0LUhhcmR3YXJlLmNybDA2\noDSgMoYwaHR0cDovL2NybC5jb21vZG8ubmV0L1VUTi1VU0VSRmlyc3QtSGFyZHdh\ncmUuY3JsMHEGCCsGAQUFBwEBBGUwYzA7BggrBgEFBQcwAoYvaHR0cDovL2NydC5j\nb21vZG9jYS5jb20vVVROQWRkVHJ1c3RTZXJ2ZXJDQS5jcnQwJAYIKwYBBQUHMAGG\nGGh0dHA6Ly9vY3NwLmNvbW9kb2NhLmNvbTA3BgNVHREEMDAughNhYWZpZHAtZGV2\nLmNzaXJvLmF1ghd3d3cuYWFmaWRwLWRldi5jc2lyby5hdTANBgkqhkiG9w0BAQUF\nAAOCAQEAZnJhJ4C61H5wBpY/11Y86TuyR9dip4EYH/JBldxa88KUYnf9BY5QHyMJ\n6QWnK1XZI3xzNkU5H9gYdjl33tE2kBEKQ/zgxzm3iKp9MIay8KnoE4GUMx9yha3L\njxkNCj48h1AWMyFWU8B/6A49yjq6JeZi5Iww+EmGCzN495vshI21y9I32nF27dL5\nLLO+EkDCfZCWKBqTDQXs7H3fE8/Eo+GHjWOAMm0ChJWxq7h3S+r2AqoNnwreqSNx\n6u/ehtGOjPzhTMxHFM3ErKylExG5SB1GRynTP/0O9I8NKGfB/Xu/txOh5sHtjrf+\nkX9LuNmgcdnYOafKVLG16USPXGzKEA==','DD:04:BA:CD:5F:B6:A0:07:60:96:5A:55:DA:9E:33:2B:7E:5E:EE:D8'),(170,'sso','MIIGEjCCBPqgAwIBAgIQYUk0v/Stvz2jhVp4kskzYjANBgkqhkiG9w0BAQUFADCB\nlzELMAkGA1UEBhMCVVMxCzAJBgNVBAgTAlVUMRcwFQYDVQQHEw5TYWx0IExha2Ug\nQ2l0eTEeMBwGA1UEChMVVGhlIFVTRVJUUlVTVCBOZXR3b3JrMSEwHwYDVQQLExho\ndHRwOi8vd3d3LnVzZXJ0cnVzdC5jb20xHzAdBgNVBAMTFlVUTi1VU0VSRmlyc3Qt\nSGFyZHdhcmUwHhcNMDkwOTAxMDAwMDAwWhcNMTQwOTAxMjM1OTU5WjCCAX4xCzAJ\nBgNVBAYTAkFVMQ0wCwYDVQQREwQyNjEyMQwwCgYDVQQIEwNBQ1QxETAPBgNVBAcT\nCENhbXBiZWxsMRkwFwYDVQQJExBMaW1lc3RvbmUgQXZlbnVlMR8wHQYDVQQJExZD\nU0lSTyBDb3Jwb3JhdGUgQ2VudHJlMSQwIgYDVQQSExtQTyBCT1ggMjI1IERpY2tz\nb24gQUNUIDI2MDIxRTBDBgNVBAoTPENvbW1vbndlYWx0aCBTY2llbnRpZmljIGFu\nZCBJbmR1c3RyaWFsIFJlc2VhcmNoIE9yZ2FuaXNhdGlvbjERMA8GA1UECxMIQ1NJ\nUk8gSVQxSTBHBgNVBAsTQElzc3VlZCB0aHJvdWdoIENvbW1vbndlYWx0aCBTY2ll\nbnRpZmljIGFuZCBJbmR1c3RyaWFsIFJlc2VhcmNoIE8xGjAYBgNVBAsTEUNvbW9k\nbyBJbnN0YW50U1NMMRwwGgYDVQQDExNhYWZpZHAtZGV2LmNzaXJvLmF1MIGfMA0G\nCSqGSIb3DQEBAQUAA4GNADCBiQKBgQDNUbh2vYviQWE7ZSePAxwYwwplm3Ch6R/M\nv7qQy2GqE9nVrT+619/ac5bR1XBpqnABJYCOiS6U5MphqzEV0W2FV2Qbi0jP86Ea\nlklGq0rHaqzS+aP8eyplYxbO5/KcOwgJXiRHMtOMT89ii21HiMFhnSbq6Yn25ukN\nOJaMYXvkOwIDAQABo4IB8jCCAe4wHwYDVR0jBBgwFoAUoXJfJhsomEOVXQc31YWW\nnUvSw0UwHQYDVR0OBBYEFIUOuwA21V8X62mHxVOeadB+EI5qMA4GA1UdDwEB/wQE\nAwIFoDAMBgNVHRMBAf8EAjAAMB0GA1UdJQQWMBQGCCsGAQUFBwMBBggrBgEFBQcD\nAjBGBgNVHSAEPzA9MDsGDCsGAQQBsjEBAgEDBDArMCkGCCsGAQUFBwIBFh1odHRw\nczovL3NlY3VyZS5jb21vZG8ubmV0L0NQUzB7BgNVHR8EdDByMDigNqA0hjJodHRw\nOi8vY3JsLmNvbW9kb2NhLmNvbS9VVE4tVVNFUkZpcnN0LUhhcmR3YXJlLmNybDA2\noDSgMoYwaHR0cDovL2NybC5jb21vZG8ubmV0L1VUTi1VU0VSRmlyc3QtSGFyZHdh\ncmUuY3JsMHEGCCsGAQUFBwEBBGUwYzA7BggrBgEFBQcwAoYvaHR0cDovL2NydC5j\nb21vZG9jYS5jb20vVVROQWRkVHJ1c3RTZXJ2ZXJDQS5jcnQwJAYIKwYBBQUHMAGG\nGGh0dHA6Ly9vY3NwLmNvbW9kb2NhLmNvbTA3BgNVHREEMDAughNhYWZpZHAtZGV2\nLmNzaXJvLmF1ghd3d3cuYWFmaWRwLWRldi5jc2lyby5hdTANBgkqhkiG9w0BAQUF\nAAOCAQEAZnJhJ4C61H5wBpY/11Y86TuyR9dip4EYH/JBldxa88KUYnf9BY5QHyMJ\n6QWnK1XZI3xzNkU5H9gYdjl33tE2kBEKQ/zgxzm3iKp9MIay8KnoE4GUMx9yha3L\njxkNCj48h1AWMyFWU8B/6A49yjq6JeZi5Iww+EmGCzN495vshI21y9I32nF27dL5\nLLO+EkDCfZCWKBqTDQXs7H3fE8/Eo+GHjWOAMm0ChJWxq7h3S+r2AqoNnwreqSNx\n6u/ehtGOjPzhTMxHFM3ErKylExG5SB1GRynTP/0O9I8NKGfB/Xu/txOh5sHtjrf+\nkX9LuNmgcdnYOafKVLG16USPXGzKEA==','DD:04:BA:CD:5F:B6:A0:07:60:96:5A:55:DA:9E:33:2B:7E:5E:EE:D8'),(701,'resource','MIIDHDCCAgSgAwIBAgIJALbRHZEnU1ekMA0GCSqGSIb3DQEBBQUAMBsxGTAXBgNV\nBAMTEHd3dy5iaWdwdWxzZS5jb20wHhcNMDkwOTA3MTY1MTU2WhcNMTkwOTA1MTY1\nMTU2WjAbMRkwFwYDVQQDExB3d3cuYmlncHVsc2UuY29tMIIBIjANBgkqhkiG9w0B\nAQEFAAOCAQ8AMIIBCgKCAQEAugM7caew312N6A/LYfSB9XDejfwTvidoHyESzZPU\n10MXYe4yGPMR4h0nwQ74Zez9n3fuiYvFdgvX0I9FCksmcVZx4M4rG1WmQh0+IQnJ\nOWF9TOkT0+RA+BDVRcKTWrSFXF0qmS49IQvtoYFsOuhCAhIBUsbVxdxGAqOt5z/t\nqC4zKRaDjY5Q4Ls6mVxGwYAnzuELHZFhORyIILaA0SJ3u/8VHpEKYiX1EGkpZl5+\nojq3oicRgfeMb9sHm7+NVp3dYL3qTONjDB3FqwAsjH1Lj7Psb+rm08+1XLcNRHzQ\ncRAiGLn+H9xmp5r6l1XLWkhWJFu/J6rQKNB0dvDBYJ6ayQIDAQABo2MwYTBABgNV\nHREEOTA3ghB3d3cuYmlncHVsc2UuY29thiNodHRwczovL3d3dy5iaWdwdWxzZS5j\nb20vc2hpYmJvbGV0aDAdBgNVHQ4EFgQUaawTinyVuaCn/8Buy/nE5x9m/L4wDQYJ\nKoZIhvcNAQEFBQADggEBAJjrhvdFX6YMULZM4hPdL+coq4LSfpmqlGniXDdSiAaV\nvCrFIU/xFysl4PFw1g+qqr4e3fEPRE3aDrJe+LpJ5ybTBeoLJZV8y68WHRCA6znW\n2LpAPhyjtj8uiDxbXm2gu5ezFlnX5evlTefXR7xEh+TS+OlJ2XTmfZR9MsVenl4W\nv/tPtpAwxkK0mK8QZ4h0Zq4hLtUwlSvqxs81Wg/Whdcx7qugNIc8G4Ip6VgOT65g\nnI2QNGfX94cPxLtXc+JpCjXpvmeIANEuL41tePhXlWcpBktZPHFGe6Sg5R9koe8O\nwhSWanPwMbzFyKZOs1/VlJJ7gEhJtZDzoM7qmKFhjZQ=','C7:B6:5C:70:77:73:02:9C:CB:1C:23:07:6C:3B:12:E8:B1:41:55:5F'),(716,'resource','MIIDLDCCAhSgAwIBAgIJAPrNT1G02qEpMA0GCSqGSIb3DQEBBQUAMB8xHTAbBgNV\nBAMTFHNsY3N0ZXN0LmFyY3Mub3JnLmF1MB4XDTA5MDgwMjIzNTgzOVoXDTEyMDgw\nMTIzNTgzOVowHzEdMBsGA1UEAxMUc2xjc3Rlc3QuYXJjcy5vcmcuYXUwggEiMA0G\nCSqGSIb3DQEBAQUAA4IBDwAwggEKAoIBAQC7xnf6ix/GZQiF48WWTuJ6dX7ibW6w\nm6j7nxtHeE1njfisRwJLIw1z4D3S8fd5ngQlAwCoKxuoogh85EF1VtL7SHO+V1q8\n4JHY3NumIVSrrxQrPX8Rno/Gj/A0Nto0xvNXEKblJ0QL/zr/fw9aYp1bpjZIbV6q\n8TYAVlIu3XX4AINK9lImRsS3cfL0/z9IXMebj+VjUcufdaYbDReJQAQm6uRWN3yG\nfA9b4mrIZyAGySO/OuunltfM2pnkLzHF2G/lzvBr02P3CVjrhdDBRz/ObtrC5GTM\nHxJL3PU/IZ12Y8LDQdoB8/9QRPuMDdgpYwxSw+E9TM0DI7XBQ01ytyO3AgMBAAGj\nazBpMB0GA1UdDgQWBBQuIasrS+3FiVHVnMX7sl1gcHMgIDBIBgNVHREEQTA/ghRz\nbGNzdGVzdC5hcmNzLm9yZy5hdYYnaHR0cHM6Ly9zbGNzdGVzdC5hcmNzLm9yZy5h\ndS9zaGliYm9sZXRoMA0GCSqGSIb3DQEBBQUAA4IBAQBp9qz8tIORBFJjmymup3rN\ndM/ZLxtu3FZioIcshBn9S2bNilVEqMbixMptMf/8JGyMntwHQP8TPABYrfXA9Zq+\ncwuhMHWEFWMLVWavU4LUToxCnA0qM4SqmSiF0TDFmc5H8xQm70iZG60r4MZy+sxM\nI8n2JszAnxlwNUKjKRkUS6t1S5U7f5w6uAiV3ll18lgSMASWzb7PdT72A+xwKEje\n3plMazgpmwOZ8q/qpHIhzJOO77MbspzG7qH8g3EtFCUM0zvRtE3Tvrx7X5by3NtJ\ndia08Le/H22o6n2HXmIbgH8DRLOVUH7ZS4MlLicnO54eg1VBlsj/NiKURrCiQY+Y','83:F5:D4:9D:0D:39:7A:E8:27:76:50:AC:EC:04:48:68:B8:3F:70:5E'),(0,'issuingca','MIIKhDCCCWygAwIBAgIBBjANBgkqhkiG9w0BAQUFADBEMQswCQYDVQQGEwJBVTEQ\nMA4GA1UEChMHQXVzQ0VSVDEjMCEGA1UEAxMaUGlsb3QgQXVzQ0VSVCBSb290IENB\nIHYwLjIwHhcNMDUwODIyMDYwNjExWhcNMTAwODIxMDYwNjExWjBVMQswCQYDVQQG\nEwJBVTEQMA4GA1UEChMHQXVzQ0VSVDE0MDIGA1UEAxMrUGlsb3QgQXVzQ0VSVCBD\nZXJ0aWZpY2F0aW9uIExldmVsIDMgQ0EgdjAuMjCCASIwDQYJKoZIhvcNAQEBBQAD\nggEPADCCAQoCggEBAOu7cJbXr5gN6L3tRk2Pjtw8sPS7HUMp1KHg6UVaGgiF8GGr\nsO7UQopbvyl/890Vj4cZ9gN2oHC20HtXc5OVo4wN/hY6CrtWDz9Cm61tsxc006hW\nEfS61hxYsxU8q8w1BsVgodXEDTjTn2b1Qg6weGhYj7h7zjOkertgN+klZQesXAu4\n38PZUQwPeLW0l1ChrAeoaSqYc8x95wIRALhYlZpBHAV6rGDiQPbI/4ciK8GrYV7s\nwcSgNd4zsEwkzODA9zYaQzjg9rPDRLFPqL9GRbgYIT7kMFZnGzVuDj0ToMB4I4JY\nAoo9inju/HeI9Vw5kJsNr4yQUCmNPP1KLVzt9JMCAwEAAaOCB24wggdqMA8GA1Ud\nEwEB/wQFMAMBAf8wCwYDVR0PBAQDAgEGMIG6BglghkgBhvhCAQ0EgawWgalTdWJv\ncmRpbmF0ZSBDQSBDZXJ0aWZpY2F0ZSBpc3N1ZWQgYnkgdGhlIEF1c0NFUlQgUm9v\ndCBDQSBmb3IgdGhlIENBVURJVCBQS0kgUGlsb3QgUHJvamVjdC4gTGltaXRlZCBM\naWFiaWxpdHkuIFNlZSBodHRwOi8vcGtpLnRlc3QuYXVzY2VydC5vcmcuYXUvcm9v\ndC1jYS9wdWIvcG9saWN5Lmh0bWwuMEUGCWCGSAGG+EIBCAQ4FjZodHRwOi8vcGtp\nLnRlc3QuYXVzY2VydC5vcmcuYXUvcm9vdC1jYS9wdWIvcG9saWN5Lmh0bWwwOgYJ\nYIZIAYb4QgECBC0WK2h0dHA6Ly9wa2kudGVzdC5hdXNjZXJ0Lm9yZy5hdS9yb290\nLWNhL3B1Yi8wHQYDVR0OBBYEFFKlPeA/s8r76ZyRUdJE+66iPlQ/MGwGA1UdIwRl\nMGOAFHFnH7Q/7KOlPMkBh9WdvU8eoTTuoUikRjBEMQswCQYDVQQGEwJBVTEQMA4G\nA1UEChMHQXVzQ0VSVDEjMCEGA1UEAxMaUGlsb3QgQXVzQ0VSVCBSb290IENBIHYw\nLjKCAQAwKQYDVR0RBCIwIIEecGlsb3QtbGV2ZWwzLWNhQGF1c2NlcnQub3JnLmF1\nMCcGA1UdEgQgMB6BHHBpbG90LXJvb3QtY2FAYXVzY2VydC5vcmcuYXUwJgYJYIZI\nAYb4QgEEBBkWF2NnaS1iaW4vY2hlY2tjYS1yZXYucGw/MCQGCWCGSAGG+EIBAwQX\nFhVjZ2ktYmluL2NoZWNrLXJldi5wbD8wggGJBgNVHR8EggGAMIIBfDA/oD2gO4Y5\naHR0cDovL3BraTEudGVzdC5hdXNjZXJ0Lm9yZy5hdS9yb290LWNhL3B1Yi9jcmwv\nY2VydHMuY3JsMD+gPaA7hjlodHRwOi8vcGtpMi50ZXN0LmF1c2NlcnQub3JnLmF1\nL3Jvb3QtY2EvcHViL2NybC9jZXJ0cy5jcmwwe6B5oHeGdWxkYXA6Ly9wa2kxLnRl\nc3QuYXVzY2VydC5vcmcuYXUvQ049UGlsb3QlMjBBdXNDRVJUJTIwUm9vdCUyMENB\nJTIwdjAuMixvPUF1c0NFUlQsYz1BVT9jZXJ0aWZpY2F0ZVJldm9jYXRpb25MaXN0\nO2JpbmFyeTB7oHmgd4Z1bGRhcDovL3BraTIudGVzdC5hdXNjZXJ0Lm9yZy5hdS9D\nTj1QaWxvdCUyMEF1c0NFUlQlMjBSb290JTIwQ0ElMjB2MC4yLG89QXVzQ0VSVCxj\nPUFVP2NlcnRpZmljYXRlUmV2b2NhdGlvbkxpc3Q7YmluYXJ5MIICIgYIKwYBBQUH\nAQEEggIUMIICEDBKBggrBgEFBQcwAoY+aHR0cDovL3BraTEudGVzdC5hdXNjZXJ0\nLm9yZy5hdS9yb290LWNhL3B1Yi9jZXJ0cy9jYS1jZXJ0cy5wN2IwSgYIKwYBBQUH\nMAKGPmh0dHA6Ly9wa2kyLnRlc3QuYXVzY2VydC5vcmcuYXUvcm9vdC1jYS9wdWIv\nY2VydHMvY2EtY2VydHMucDdiMHwGCCsGAQUFBzAChnBsZGFwOi8vcGtpMS50ZXN0\nLmF1c2NlcnQub3JnLmF1L0NOPVBpbG90JTIwQXVzQ0VSVCUyMFJvb3QlMjBDQSUy\nMHYwLjIsbz1BdXNDRVJULGM9QVU/Y3Jvc3NDZXJ0aWZpY2F0ZVBhaXI7YmluYXJ5\nMHwGCCsGAQUFBzAChnBsZGFwOi8vcGtpMi50ZXN0LmF1c2NlcnQub3JnLmF1L0NO\nPVBpbG90JTIwQXVzQ0VSVCUyMFJvb3QlMjBDQSUyMHYwLjIsbz1BdXNDRVJULGM9\nQVU/Y3Jvc3NDZXJ0aWZpY2F0ZVBhaXI7YmluYXJ5MDwGCCsGAQUFBzABhjBodHRw\nOi8vcGtpMS50ZXN0LmF1c2NlcnQub3JnLmF1L3Jvb3QtY2EvcHViL29jc3AwPAYI\nKwYBBQUHMAGGMGh0dHA6Ly9wa2kyLnRlc3QuYXVzY2VydC5vcmcuYXUvcm9vdC1j\nYS9wdWIvb2NzcDCCASYGA1UdIASCAR0wggEZMIIBFQYPKwYBBAGBpmwKAQEAAQEA\nMIIBADBCBggrBgEFBQcCARY2aHR0cDovL3BraS50ZXN0LmF1c2NlcnQub3JnLmF1\nL3Jvb3QtY2EvcHViL3BvbGljeS5odG1sMIG5BggrBgEFBQcCAjCBrBqBqVN1Ym9y\nZGluYXRlIENBIENlcnRpZmljYXRlIGlzc3VlZCBieSB0aGUgQXVzQ0VSVCBSb290\nIENBIGZvciB0aGUgQ0FVRElUIFBLSSBQaWxvdCBQcm9qZWN0LiBMaW1pdGVkIExp\nYWJpbGl0eS4gU2VlIGh0dHA6Ly9wa2kudGVzdC5hdXNjZXJ0Lm9yZy5hdS9yb290\nLWNhL3B1Yi9wb2xpY3kuaHRtbC4wDQYJKoZIhvcNAQEFBQADggEBAKTPk47o4BH4\nfrXqguJpCebYEtNqzPaAWizex0hp23KlyWWe2QrCdl/t3bTDroIS5wLxRRlS/rt8\nXNU6dliFtcHOxNqRvqT6/Kox7AT+bLG3qg1ForeZwSC3AFUD78Ib9hqiIaOTVKXO\njAmJ0OMA6Rm+XMCuzYR8wbXYnUxFXOrXBtcDGaeQ13tOmyYBTY4N3tDxgC/gulqn\nj+UsrK+2DVwo3pgaf/oz2WtE+1u8p+3uVNVa2zKYOvCGBuZ7FHybehJkwltYsyHn\n8qDB6/S82y5110bQdvUVvgHdbUzYj4Jauigee5JL/PAwIGucYHtqEkVt122eAYTB\n6QlaHn8dr9U=','F5:20:B8:09:9A:6E:01:91:24:AB:FD:8A:B1:CB:19:8A:FA:09:39:6E'),(0,'issuingca','MIIMSzCCCzOgAwIBAgIBDjANBgkqhkiG9w0BAQUFADBVMQswCQYDVQQGEwJBVTEQ\nMA4GA1UEChMHQXVzQ0VSVDE0MDIGA1UEAxMrUGlsb3QgQXVzQ0VSVCBDZXJ0aWZp\nY2F0aW9uIExldmVsIDMgQ0EgdjAuMjAeFw0wODA0MjAyMzEzMjJaFw0xMDA0MjAy\nMzEzMjJaMGwxCzAJBgNVBAYTAkFVMQ8wDQYDVQQKEwZDQVVESVQxHjAcBgNVBAsT\nFVNoaWJib2xldGggRmVkZXJhdGlvbjEsMCoGA1UEAxMjUGlsb3QgQ2VydGlmaWNh\ndGlvbiBMZXZlbCAzIENBIHYwLjIwggIiMA0GCSqGSIb3DQEBAQUAA4ICDwAwggIK\nAoICAQCiA5XOdJWy1VX+rxCYk2UH1PqCl8mAdh93jFx3lHkpxHV5vniZyJQVzxBG\nsmt7lyueFuUl/5vVcj7uuxOJhtDRq8RATrHyntNzxO1N9JVaTY+JIVl+SAbpo6oG\nvDWxANMe2VpBF8JvKBAit5QJF8tJ+PRkWO321zNSfnZew3MTk9sv3xjJy4xPdda4\nAs/Y2ezeZhxk+qjRiqLrPyZCw6K93d+53g+yoHsQCf9beYRAFEgwLMk9GKsRq5cd\nITlCw/3ndrQ/C6CWUHIOsxQXgpZRca4VavNP8sHEKDg+cA/53W7ucgmWA2rOFDVR\nd9AViDhpx4wSfYheh0QzJyGnLeioorTiCbvk0Oyf9cBhWbJxy4eNhxWCyCjhtqrV\nAP3EzjiFz3hgfRz8p3SyeCp/eIhx1EtUYqU7veSoPL6ttJm68FFfwROtXLKV9+ns\n5X6updoTcx0JmVxqhnjyADjRQS1PebO5dH5jX6Eu1ZC391zsJTZSrTDx5oG0ByuX\n1PgQWiZMaebUEIE+N9zki0kj3EfRqqCPt3NpaHjnxsfGk4XfsSBp3PNp6N+Sf0VD\nSyFajXJB5DJPUCzcoE5nYECDqu7TUfjFP9ET8PZq9gl9G4e6WDjqTG+Unu7xu+Ne\n8d5XTWq41UQ49FxtVelOAn2bcbG92UdbpE9pAo0TSYUsgKMFBQIDAQABo4IIDTCC\nCAkwEgYDVR0TAQH/BAgwBgEB/wIBADALBgNVHQ8EBAMCAQYwgc0GCWCGSAGG+EIB\nDQSBvxaBvEluc3RpdHV0aW9uIENBIENlcnRpZmljYXRlIGlzc3VlZCBieSB0aGUg\nQXVzQ0VSVCBDZXJ0aWZpY2F0aW9uIExldmVsIDMgQ0EgZm9yIHRoZSBDQVVESVQg\nUEtJIFBpbG90IFByb2plY3QuIExpbWl0ZWQgTGlhYmlsaXR5LiBTZWUgaHR0cDov\nL3BraS50ZXN0LmF1c2NlcnQub3JnLmF1L2xldmVsMy1jYS9wdWIvcG9saWN5Lmh0\nbWwuMEcGCWCGSAGG+EIBCAQ6FjhodHRwOi8vcGtpLnRlc3QuYXVzY2VydC5vcmcu\nYXUvbGV2ZWwzLWNhL3B1Yi9wb2xpY3kuaHRtbDA8BglghkgBhvhCAQIELxYtaHR0\ncDovL3BraS50ZXN0LmF1c2NlcnQub3JnLmF1L2xldmVsMy1jYS9wdWIvMB0GA1Ud\nDgQWBBSQKrq/vbk9HXvObMRR1Hma4QXWDDBsBgNVHSMEZTBjgBRSpT3gP7PK++mc\nkVHSRPuuoj5UP6FIpEYwRDELMAkGA1UEBhMCQVUxEDAOBgNVBAoTB0F1c0NFUlQx\nIzAhBgNVBAMTGlBpbG90IEF1c0NFUlQgUm9vdCBDQSB2MC4yggEGMCsGA1UdEQQk\nMCKBIHBpbG90LXNoaWJsdmwzLWNhQGF1c2NlcnQub3JnLmF1MCkGA1UdEgQiMCCB\nHnBpbG90LWxldmVsMy1jYUBhdXNjZXJ0Lm9yZy5hdTAmBglghkgBhvhCAQQEGRYX\nY2dpLWJpbi9jaGVja2NhLXJldi5wbD8wJAYJYIZIAYb4QgEDBBcWFWNnaS1iaW4v\nY2hlY2stcmV2LnBsPzCCAb8GA1UdHwSCAbYwggGyMEGgP6A9hjtodHRwOi8vcGtp\nMS50ZXN0LmF1c2NlcnQub3JnLmF1L2xldmVsMy1jYS9wdWIvY3JsL2NlcnRzLmNy\nbDBBoD+gPYY7aHR0cDovL3BraTIudGVzdC5hdXNjZXJ0Lm9yZy5hdS9sZXZlbDMt\nY2EvcHViL2NybC9jZXJ0cy5jcmwwgZOggZCggY2GgYpsZGFwOi8vcGtpMS50ZXN0\nLmF1c2NlcnQub3JnLmF1L0NOPVBpbG90JTIwQXVzQ0VSVCUyMENlcnRpZmljYXRp\nb24lMjBMZXZlbCUyMDMlMjBDQSUyMHYwLjIsbz1BdXNDRVJULGM9QVU/Y2VydGlm\naWNhdGVSZXZvY2F0aW9uTGlzdDtiaW5hcnkwgZOggZCggY2GgYpsZGFwOi8vcGtp\nMi50ZXN0LmF1c2NlcnQub3JnLmF1L0NOPVBpbG90JTIwQXVzQ0VSVCUyMENlcnRp\nZmljYXRpb24lMjBMZXZlbCUyMDMlMjBDQSUyMHYwLjIsbz1BdXNDRVJULGM9QVU/\nY2VydGlmaWNhdGVSZXZvY2F0aW9uTGlzdDtiaW5hcnkwggJYBggrBgEFBQcBAQSC\nAkowggJGMEwGCCsGAQUFBzAChkBodHRwOi8vcGtpMS50ZXN0LmF1c2NlcnQub3Jn\nLmF1L2xldmVsMy1jYS9wdWIvY2VydHMvY2EtY2VydHMucDdiMEwGCCsGAQUFBzAC\nhkBodHRwOi8vcGtpMi50ZXN0LmF1c2NlcnQub3JnLmF1L2xldmVsMy1jYS9wdWIv\nY2VydHMvY2EtY2VydHMucDdiMIGSBggrBgEFBQcwAoaBhWxkYXA6Ly9wa2kxLnRl\nc3QuYXVzY2VydC5vcmcuYXUvQ049UGlsb3QlMjBBdXNDRVJUJTIwQ2VydGlmaWNh\ndGlvbiUyMExldmVsJTIwMyUyMENBJTIwdjAuMixvPUF1c0NFUlQsYz1BVT9jcm9z\nc0NlcnRpZmljYXRlUGFpcjtiaW5hcnkwgZIGCCsGAQUFBzAChoGFbGRhcDovL3Br\naTIudGVzdC5hdXNjZXJ0Lm9yZy5hdS9DTj1QaWxvdCUyMEF1c0NFUlQlMjBDZXJ0\naWZpY2F0aW9uJTIwTGV2ZWwlMjAzJTIwQ0ElMjB2MC4yLG89QXVzQ0VSVCxjPUFV\nP2Nyb3NzQ2VydGlmaWNhdGVQYWlyO2JpbmFyeTA+BggrBgEFBQcwAYYyaHR0cDov\nL3BraTEudGVzdC5hdXNjZXJ0Lm9yZy5hdS9sZXZlbDMtY2EvcHViL29jc3AwPgYI\nKwYBBQUHMAGGMmh0dHA6Ly9wa2kyLnRlc3QuYXVzY2VydC5vcmcuYXUvbGV2ZWwz\nLWNhL3B1Yi9vY3NwMIIBOwYDVR0gBIIBMjCCAS4wggEqBg8rBgEEAYGmbAoBAQMB\nAQAwggEVMEQGCCsGAQUFBwIBFjhodHRwOi8vcGtpLnRlc3QuYXVzY2VydC5vcmcu\nYXUvbGV2ZWwzLWNhL3B1Yi9wb2xpY3kuaHRtbDCBzAYIKwYBBQUHAgIwgb8agbxJ\nbnN0aXR1dGlvbiBDQSBDZXJ0aWZpY2F0ZSBpc3N1ZWQgYnkgdGhlIEF1c0NFUlQg\nQ2VydGlmaWNhdGlvbiBMZXZlbCAzIENBIGZvciB0aGUgQ0FVRElUIFBLSSBQaWxv\ndCBQcm9qZWN0LiBMaW1pdGVkIExpYWJpbGl0eS4gU2VlIGh0dHA6Ly9wa2kudGVz\ndC5hdXNjZXJ0Lm9yZy5hdS9sZXZlbDMtY2EvcHViL3BvbGljeS5odG1sLjANBgkq\nhkiG9w0BAQUFAAOCAQEAtLGDx9Y1wFobIOa/9R/P6lLDcrQSn4LJ1nSfdnWUgKpr\niR9RcAarucHz4EmjhZD0+1F57wcCInmqdHtYwuP6FXskaHcwsZX1S0vxQLU+5nkP\nQElIcmUGoQaNoq9+vp44iDrHVWVzHyH19yKKLbHHeqJ64s3cpFD4k+0u2aI8nQPZ\nIDxMccvfzFfIntO1fZc/JHDvI/eIP7XcDIRanxv1FBos2D96RB1O9yw7bdGxeZTb\nT24myDxgGdD8zvyod4pqhBXPWYhwWISMBB1zkLdtd8+nVshLMH6uLNhHeMH/u6LS\nW47bq1hxLoMEXX3C5cnwC06/65fX9U+6AXmEcPLuLQ==','E1:C2:3F:46:23:68:68:3F:87:63:17:E3:C6:4E:FD:E1:1B:8F:2B:84'),(173,'sso','MIIDJDCCAgygAwIBAgIVAPcmirzTrUB7Qwe2YZ4+ldIfSFoRMA0GCSqGSIb3DQEB\nBQUAMBkxFzAVBgNVBAMTDmlkcDIudXEuZWR1LmF1MB4XDTA5MDkwODIzMjMwM1oX\nDTI5MDkwODIzMjMwM1owGTEXMBUGA1UEAxMOaWRwMi51cS5lZHUuYXUwggEiMA0G\nCSqGSIb3DQEBAQUAA4IBDwAwggEKAoIBAQCtmL+9NzjUov/YfP8Gj8kRNtEudKcq\nR9PE4I7VEaCre+Nl0HCjGVQeLEAwkafWonvfn9qGKUyyxK0DUv+GaffhiJT5xpw5\nDkDUq4fLpNwMd3erchM8WvPJbhVWxosY1RQIQNjYsoHL/w2T/fpMn+PU7jPTkipB\nUeOQyhAa2C/O/GvSWu+GL/s9SfPbQiwbQaBvJbLqyAT64VLQYTiaCMOzjz74uKMh\n42uQDXkwo40selXl+P/ipLbTGHtcXLAqhFJjMNLmNToZcua9Asqj656WdlFLDXGQ\ncJamj+mt5Fpqn1UjgxoEAmoFTQ7vi+aPPtS+NTrJgofWxZAuFpsNnlWjAgMBAAGj\nYzBhMEAGA1UdEQQ5MDeCDmlkcDIudXEuZWR1LmF1hiVodHRwczovL2lkcDIudXEu\nZWR1LmF1L2lkcC9zaGliYm9sZXRoMB0GA1UdDgQWBBQc91Dsngl/TDkgrk+6vFpf\nYOC0mDANBgkqhkiG9w0BAQUFAAOCAQEAqp12nHw71h+Vg+yen3pgZp7EZvBTQgrD\n97t0x/Q3ObJQzC/DlgkzQe7aHMB313nGtvwyJYOCCIqvjrOIEx0d52rllCGYXeBq\nW3rAQNKRkS21QtEhok7+kn28gen9cfwRs3jeNp8sRN1qHic+mMo7pxSVzAMbF76W\n8Dq3Hx5TOPZXkS4QW/cdfMCO+CNNZJSUi4BoPJVFkuiwkKP+7Mf0Bl/qE3GkE6Go\nWQh5lhI9CzBHZZ5DDEQGAaUUdJqJDB98omJlmcdyxmzdELk8SEpr4qR3/55HXSaB\nJufM51AsBUq/c4OVSqS4HGyQ60IZyzBgk+csgPBkYVwwNc51K6pltQ==','80:69:DC:A4:4E:D7:83:67:5B:AE:83:26:C0:1A:32:70:C4:65:27:23'),(173,'aa','MIIDJDCCAgygAwIBAgIVAPcmirzTrUB7Qwe2YZ4+ldIfSFoRMA0GCSqGSIb3DQEB\nBQUAMBkxFzAVBgNVBAMTDmlkcDIudXEuZWR1LmF1MB4XDTA5MDkwODIzMjMwM1oX\nDTI5MDkwODIzMjMwM1owGTEXMBUGA1UEAxMOaWRwMi51cS5lZHUuYXUwggEiMA0G\nCSqGSIb3DQEBAQUAA4IBDwAwggEKAoIBAQCtmL+9NzjUov/YfP8Gj8kRNtEudKcq\nR9PE4I7VEaCre+Nl0HCjGVQeLEAwkafWonvfn9qGKUyyxK0DUv+GaffhiJT5xpw5\nDkDUq4fLpNwMd3erchM8WvPJbhVWxosY1RQIQNjYsoHL/w2T/fpMn+PU7jPTkipB\nUeOQyhAa2C/O/GvSWu+GL/s9SfPbQiwbQaBvJbLqyAT64VLQYTiaCMOzjz74uKMh\n42uQDXkwo40selXl+P/ipLbTGHtcXLAqhFJjMNLmNToZcua9Asqj656WdlFLDXGQ\ncJamj+mt5Fpqn1UjgxoEAmoFTQ7vi+aPPtS+NTrJgofWxZAuFpsNnlWjAgMBAAGj\nYzBhMEAGA1UdEQQ5MDeCDmlkcDIudXEuZWR1LmF1hiVodHRwczovL2lkcDIudXEu\nZWR1LmF1L2lkcC9zaGliYm9sZXRoMB0GA1UdDgQWBBQc91Dsngl/TDkgrk+6vFpf\nYOC0mDANBgkqhkiG9w0BAQUFAAOCAQEAqp12nHw71h+Vg+yen3pgZp7EZvBTQgrD\n97t0x/Q3ObJQzC/DlgkzQe7aHMB313nGtvwyJYOCCIqvjrOIEx0d52rllCGYXeBq\nW3rAQNKRkS21QtEhok7+kn28gen9cfwRs3jeNp8sRN1qHic+mMo7pxSVzAMbF76W\n8Dq3Hx5TOPZXkS4QW/cdfMCO+CNNZJSUi4BoPJVFkuiwkKP+7Mf0Bl/qE3GkE6Go\nWQh5lhI9CzBHZZ5DDEQGAaUUdJqJDB98omJlmcdyxmzdELk8SEpr4qR3/55HXSaB\nJufM51AsBUq/c4OVSqS4HGyQ60IZyzBgk+csgPBkYVwwNc51K6pltQ==','80:69:DC:A4:4E:D7:83:67:5B:AE:83:26:C0:1A:32:70:C4:65:27:23'),(0,'issuingca','MIIDgzCCAuygAwIBAgIQJUuKhThCzONY+MXdriJupDANBgkqhkiG9w0BAQUFADBf\nMQswCQYDVQQGEwJVUzEXMBUGA1UEChMOVmVyaVNpZ24sIEluYy4xNzA1BgNVBAsT\nLkNsYXNzIDMgUHVibGljIFByaW1hcnkgQ2VydGlmaWNhdGlvbiBBdXRob3JpdHkw\nHhcNOTcwNDE3MDAwMDAwWhcNMTExMDI0MjM1OTU5WjCBujEfMB0GA1UEChMWVmVy\naVNpZ24gVHJ1c3QgTmV0d29yazEXMBUGA1UECxMOVmVyaVNpZ24sIEluYy4xMzAx\nBgNVBAsTKlZlcmlTaWduIEludGVybmF0aW9uYWwgU2VydmVyIENBIC0gQ2xhc3Mg\nMzFJMEcGA1UECxNAd3d3LnZlcmlzaWduLmNvbS9DUFMgSW5jb3JwLmJ5IFJlZi4g\nTElBQklMSVRZIExURC4oYyk5NyBWZXJpU2lnbjCBnzANBgkqhkiG9w0BAQEFAAOB\njQAwgYkCgYEA2IKA6NYZAn0fhRg5JaJlK+G/1AXTvOY2O6rwTGxbtueqPHNFVbLx\nveqXQu2aNAoV1Klc9UAl3dkHwTKydWzEyruj/lYncUOqY/UwPpMo5frxCTvzt01O\nOfdcSVq4wR3Tsor+cDCVQsv+K1GLWjw6+SJPkLICp1OcTzTnqwSye28CAwEAAaOB\n4zCB4DAPBgNVHRMECDAGAQH/AgEAMEQGA1UdIAQ9MDswOQYLYIZIAYb4RQEHAQEw\nKjAoBggrBgEFBQcCARYcaHR0cHM6Ly93d3cudmVyaXNpZ24uY29tL0NQUzA0BgNV\nHSUELTArBggrBgEFBQcDAQYIKwYBBQUHAwIGCWCGSAGG+EIEAQYKYIZIAYb4RQEI\nATALBgNVHQ8EBAMCAQYwEQYJYIZIAYb4QgEBBAQDAgEGMDEGA1UdHwQqMCgwJqAk\noCKGIGh0dHA6Ly9jcmwudmVyaXNpZ24uY29tL3BjYTMuY3JsMA0GCSqGSIb3DQEB\nBQUAA4GBAAgB7ORolANC8XPxI6I63unx2sZUxCM+hurPajozq+qcBBQHNgYL+Yhv\n1RPuKSvD5HKNRO3RrCAJLeH24RkFOLA9D59/+J4C3IYChmFOJl9en5IeDCSk9dBw\nE88mw0M9SR2egi5SX7w+xmYpAY5Okiy8RnUDgqxz6dl+C2fvVFIa','C2:F0:08:7D:01:E6:86:05:3A:4D:63:3E:7E:70:D4:EF:65:C2:CC:4F'),(176,'sso','MIIEhTCCA+6gAwIBAgIQFuotzF6QKKMLLL3qQYfVsDANBgkqhkiG9w0BAQUFADCB\r\nujEfMB0GA1UEChMWVmVyaVNpZ24gVHJ1c3QgTmV0d29yazEXMBUGA1UECxMOVmVy\r\naVNpZ24sIEluYy4xMzAxBgNVBAsTKlZlcmlTaWduIEludGVybmF0aW9uYWwgU2Vy\r\ndmVyIENBIC0gQ2xhc3MgMzFJMEcGA1UECxNAd3d3LnZlcmlzaWduLmNvbS9DUFMg\r\nSW5jb3JwLmJ5IFJlZi4gTElBQklMSVRZIExURC4oYyk5NyBWZXJpU2lnbjAeFw0w\r\nOTA4MDMwMDAwMDBaFw0xMDA4MDMyMzU5NTlaMIGVMQswCQYDVQQGEwJBVTEMMAoG\r\nA1UECBMDTlNXMQ8wDQYDVQQHFAZTeW5kZXkxJTAjBgNVBAoUHFVuaXZlcnNpdHkg\r\nb2YgV2VzdGVybiBTeWRuZXkxJzAlBgNVBAsUHkluZm9ybWF0aW9uIFRlY2hub2xv\r\nZ3kgU2VydmljZTEXMBUGA1UEAxQOaWRwLnV3cy5lZHUuYXUwgZ8wDQYJKoZIhvcN\r\nAQEBBQADgY0AMIGJAoGBALSljwQ276dmwewT09vq27PdJfUzWr1RqWNZKKi3XtHT\r\nFazL3gqa0gBtUL2qGqUBtQpYilzej1oHyeU5btjgjcM3El88c0WQloUkF7c3iwax\r\nrMhR5G8itaXtQPzlvUAlE/YWn81c1rvxmNa9mRyv1BqLe99Xt1PI5WopdCNQYKN5\r\nAgMBAAGjggGtMIIBqTAJBgNVHRMEAjAAMAsGA1UdDwQEAwIFoDA8BgNVHR8ENTAz\r\nMDGgL6AthitodHRwOi8vU1ZSSW50bC1jcmwudmVyaXNpZ24uY29tL1NWUkludGwu\r\nY3JsMEQGA1UdIAQ9MDswOQYLYIZIAYb4RQEHFwMwKjAoBggrBgEFBQcCARYcaHR0\r\ncHM6Ly93d3cudmVyaXNpZ24uY29tL3JwYTAoBgNVHSUEITAfBglghkgBhvhCBAEG\r\nCCsGAQUFBwMBBggrBgEFBQcDAjBxBggrBgEFBQcBAQRlMGMwJAYIKwYBBQUHMAGG\r\nGGh0dHA6Ly9vY3NwLnZlcmlzaWduLmNvbTA7BggrBgEFBQcwAoYvaHR0cDovL1NW\r\nUkludGwtYWlhLnZlcmlzaWduLmNvbS9TVlJJbnRsLWFpYS5jZXIwbgYIKwYBBQUH\r\nAQwEYjBgoV6gXDBaMFgwVhYJaW1hZ2UvZ2lmMCEwHzAHBgUrDgMCGgQUS2u5KJYG\r\nDLvQUjibKaxLB4shBRgwJhYkaHR0cDovL2xvZ28udmVyaXNpZ24uY29tL3ZzbG9n\r\nbzEuZ2lmMA0GCSqGSIb3DQEBBQUAA4GBAGpMD9mVpX/oaA4TJ79RJ+p5kJDGGB9h\r\nYktQVVXNjq5L7UDGDO1Lyq1+F3/hA8YyT9BwjNHMvTTLfjjdU/8NJl5hASv+I3m0\r\n4rO1+Wvgbz7GqSL+yprxgJh3Atuy+Ng403zB5PBgRDDDq/+xS/BjLdT3oe+P6MPN\r\nn4RFlldZtfi3','BE:B5:83:4B:54:75:98:42:84:11:86:BC:0A:2A:FE:A0:5F:E4:4F:EA'),(176,'aa','MIIEhTCCA+6gAwIBAgIQFuotzF6QKKMLLL3qQYfVsDANBgkqhkiG9w0BAQUFADCB\r\nujEfMB0GA1UEChMWVmVyaVNpZ24gVHJ1c3QgTmV0d29yazEXMBUGA1UECxMOVmVy\r\naVNpZ24sIEluYy4xMzAxBgNVBAsTKlZlcmlTaWduIEludGVybmF0aW9uYWwgU2Vy\r\ndmVyIENBIC0gQ2xhc3MgMzFJMEcGA1UECxNAd3d3LnZlcmlzaWduLmNvbS9DUFMg\r\nSW5jb3JwLmJ5IFJlZi4gTElBQklMSVRZIExURC4oYyk5NyBWZXJpU2lnbjAeFw0w\r\nOTA4MDMwMDAwMDBaFw0xMDA4MDMyMzU5NTlaMIGVMQswCQYDVQQGEwJBVTEMMAoG\r\nA1UECBMDTlNXMQ8wDQYDVQQHFAZTeW5kZXkxJTAjBgNVBAoUHFVuaXZlcnNpdHkg\r\nb2YgV2VzdGVybiBTeWRuZXkxJzAlBgNVBAsUHkluZm9ybWF0aW9uIFRlY2hub2xv\r\nZ3kgU2VydmljZTEXMBUGA1UEAxQOaWRwLnV3cy5lZHUuYXUwgZ8wDQYJKoZIhvcN\r\nAQEBBQADgY0AMIGJAoGBALSljwQ276dmwewT09vq27PdJfUzWr1RqWNZKKi3XtHT\r\nFazL3gqa0gBtUL2qGqUBtQpYilzej1oHyeU5btjgjcM3El88c0WQloUkF7c3iwax\r\nrMhR5G8itaXtQPzlvUAlE/YWn81c1rvxmNa9mRyv1BqLe99Xt1PI5WopdCNQYKN5\r\nAgMBAAGjggGtMIIBqTAJBgNVHRMEAjAAMAsGA1UdDwQEAwIFoDA8BgNVHR8ENTAz\r\nMDGgL6AthitodHRwOi8vU1ZSSW50bC1jcmwudmVyaXNpZ24uY29tL1NWUkludGwu\r\nY3JsMEQGA1UdIAQ9MDswOQYLYIZIAYb4RQEHFwMwKjAoBggrBgEFBQcCARYcaHR0\r\ncHM6Ly93d3cudmVyaXNpZ24uY29tL3JwYTAoBgNVHSUEITAfBglghkgBhvhCBAEG\r\nCCsGAQUFBwMBBggrBgEFBQcDAjBxBggrBgEFBQcBAQRlMGMwJAYIKwYBBQUHMAGG\r\nGGh0dHA6Ly9vY3NwLnZlcmlzaWduLmNvbTA7BggrBgEFBQcwAoYvaHR0cDovL1NW\r\nUkludGwtYWlhLnZlcmlzaWduLmNvbS9TVlJJbnRsLWFpYS5jZXIwbgYIKwYBBQUH\r\nAQwEYjBgoV6gXDBaMFgwVhYJaW1hZ2UvZ2lmMCEwHzAHBgUrDgMCGgQUS2u5KJYG\r\nDLvQUjibKaxLB4shBRgwJhYkaHR0cDovL2xvZ28udmVyaXNpZ24uY29tL3ZzbG9n\r\nbzEuZ2lmMA0GCSqGSIb3DQEBBQUAA4GBAGpMD9mVpX/oaA4TJ79RJ+p5kJDGGB9h\r\nYktQVVXNjq5L7UDGDO1Lyq1+F3/hA8YyT9BwjNHMvTTLfjjdU/8NJl5hASv+I3m0\r\n4rO1+Wvgbz7GqSL+yprxgJh3Atuy+Ng403zB5PBgRDDDq/+xS/BjLdT3oe+P6MPN\r\nn4RFlldZtfi3','BE:B5:83:4B:54:75:98:42:84:11:86:BC:0A:2A:FE:A0:5F:E4:4F:EA'),(179,'aa','MIIDODCCAiCgAwIBAgIVAMrBqpEUmauM4xkH4aWDY8atKE57MA0GCSqGSIb3DQEB\nBQUAMB4xHDAaBgNVBAMTE2lkcHQxLmN1cnRpbi5lZHUuYXUwHhcNMDkwOTMwMDU0\nMDM5WhcNMjkwOTMwMDU0MDM5WjAeMRwwGgYDVQQDExNpZHB0MS5jdXJ0aW4uZWR1\nLmF1MIIBIjANBgkqhkiG9w0BAQEFAAOCAQ8AMIIBCgKCAQEAiBhIcZ5UIUAoz/Vl\naNTKbO2/53/90wqZZy2XGn5IheACwsR7ghu/9B+6UC90VrcCRWx2FekJjjS/5FoP\n5BZDluv0O6Iizghhl96oKHZGYMw/BhoCyG/bBhUXErrFXsBYSyxS6qpN7B0M3C3P\nU865XIfPjIyUPbaN7AmM3WfZPyfN8wHEmNczEycVmCp6LofjRqsG4zLHpgbYXxun\nysMqaD7mbMpjEQKXq8/HAGyRuLJEcL2gMxQTUgi7et4v58jAaTHJp3A6ng1MVcOD\nT5ZRSzfIkWvtPylJqe3O5olBC3/WnnKsuZKNqBrA+X/8HjlUIoTdpXcxCEMsLeWL\npehQpQIDAQABo20wazBKBgNVHREEQzBBghNpZHB0MS5jdXJ0aW4uZWR1LmF1hipo\ndHRwczovL2lkcHQxLmN1cnRpbi5lZHUuYXUvaWRwL3NoaWJib2xldGgwHQYDVR0O\nBBYEFNhzFVzgx8ILLDJXEY1473lRo/cFMA0GCSqGSIb3DQEBBQUAA4IBAQBMlC0D\ny2bmKeKJ7VorWHgxfRZNYwEQGsWbAnilYVzv5YM61oPUHd7Ylg28EJWiRdA2ckHc\nhZzIhrTWiPI5x8G6rMDQ6ito7LZ5ycIht11fkHfRMNFeKj/4auo6tKgfmpM2wkI7\n4V+K+arYVfvK+tIYyjj1ct3ZMsCRfi9xWH9CKueumP3ENMxN58ryFjKOpX0Byhmn\nblcCCn52f/focECxdA6LO2OY/pmZxun72Bx2kmcSDgYX0IKMshUtoHuieB+xq6bq\nBhOOGfY7JOOXdm55PqT9IW5GczlBdLUyiyZUPVNs7ViWo55I98fDhY3EQ86P/xXk\nG0hXi02X5b7Tity6','7C:09:14:51:62:A6:88:20:79:F7:9C:C6:56:F2:DE:61:5D:1D:EB:92'),(179,'sso','MIIDODCCAiCgAwIBAgIVAMrBqpEUmauM4xkH4aWDY8atKE57MA0GCSqGSIb3DQEB\nBQUAMB4xHDAaBgNVBAMTE2lkcHQxLmN1cnRpbi5lZHUuYXUwHhcNMDkwOTMwMDU0\nMDM5WhcNMjkwOTMwMDU0MDM5WjAeMRwwGgYDVQQDExNpZHB0MS5jdXJ0aW4uZWR1\nLmF1MIIBIjANBgkqhkiG9w0BAQEFAAOCAQ8AMIIBCgKCAQEAiBhIcZ5UIUAoz/Vl\naNTKbO2/53/90wqZZy2XGn5IheACwsR7ghu/9B+6UC90VrcCRWx2FekJjjS/5FoP\n5BZDluv0O6Iizghhl96oKHZGYMw/BhoCyG/bBhUXErrFXsBYSyxS6qpN7B0M3C3P\nU865XIfPjIyUPbaN7AmM3WfZPyfN8wHEmNczEycVmCp6LofjRqsG4zLHpgbYXxun\nysMqaD7mbMpjEQKXq8/HAGyRuLJEcL2gMxQTUgi7et4v58jAaTHJp3A6ng1MVcOD\nT5ZRSzfIkWvtPylJqe3O5olBC3/WnnKsuZKNqBrA+X/8HjlUIoTdpXcxCEMsLeWL\npehQpQIDAQABo20wazBKBgNVHREEQzBBghNpZHB0MS5jdXJ0aW4uZWR1LmF1hipo\ndHRwczovL2lkcHQxLmN1cnRpbi5lZHUuYXUvaWRwL3NoaWJib2xldGgwHQYDVR0O\nBBYEFNhzFVzgx8ILLDJXEY1473lRo/cFMA0GCSqGSIb3DQEBBQUAA4IBAQBMlC0D\ny2bmKeKJ7VorWHgxfRZNYwEQGsWbAnilYVzv5YM61oPUHd7Ylg28EJWiRdA2ckHc\nhZzIhrTWiPI5x8G6rMDQ6ito7LZ5ycIht11fkHfRMNFeKj/4auo6tKgfmpM2wkI7\n4V+K+arYVfvK+tIYyjj1ct3ZMsCRfi9xWH9CKueumP3ENMxN58ryFjKOpX0Byhmn\nblcCCn52f/focECxdA6LO2OY/pmZxun72Bx2kmcSDgYX0IKMshUtoHuieB+xq6bq\nBhOOGfY7JOOXdm55PqT9IW5GczlBdLUyiyZUPVNs7ViWo55I98fDhY3EQ86P/xXk\nG0hXi02X5b7Tity6','7C:09:14:51:62:A6:88:20:79:F7:9C:C6:56:F2:DE:61:5D:1D:EB:92'),(722,'resource','MIIEiDCCA/GgAwIBAgIQDE7ob1jqI1yGUZcAPR6OtTANBgkqhkiG9w0BAQUFADCB\nujEfMB0GA1UEChMWVmVyaVNpZ24gVHJ1c3QgTmV0d29yazEXMBUGA1UECxMOVmVy\naVNpZ24sIEluYy4xMzAxBgNVBAsTKlZlcmlTaWduIEludGVybmF0aW9uYWwgU2Vy\ndmVyIENBIC0gQ2xhc3MgMzFJMEcGA1UECxNAd3d3LnZlcmlzaWduLmNvbS9DUFMg\nSW5jb3JwLmJ5IFJlZi4gTElBQklMSVRZIExURC4oYyk5NyBWZXJpU2lnbjAeFw0w\nOTA5MTYwMDAwMDBaFw0xMDA5MTYyMzU5NTlaMIGYMQswCQYDVQQGEwJBVTEMMAoG\nA1UECBMDTlNXMQ8wDQYDVQQHFAZTeWRuZXkxJTAjBgNVBAoUHFVuaXZlcnNpdHkg\nb2YgV2VzdGVybiBTeWRuZXkxJzAlBgNVBAsUHkluZm9ybWF0aW9uIFRlY2hub2xv\nZ3kgU2VydmljZTEaMBgGA1UEAxQRY29sbGllLnV3cy5lZHUuYXUwgZ8wDQYJKoZI\nhvcNAQEBBQADgY0AMIGJAoGBAKh8fD9TN2YC19nCnlO5VzhCyWKSnGZmoxJhUEQ3\nLwQFsDlDlFMjfyRPEHC7q60l7E4hDOqOemKnp85NFgIzIWNGlJSdHfH+4S/lZQKw\nDPxu3ItAfr/ANCyEUSGtmHYXe1GZ2PbaFdnDnIPl3p3LtG4zIi1nb5l3hr+2vDG9\nJymtAgMBAAGjggGtMIIBqTAJBgNVHRMEAjAAMAsGA1UdDwQEAwIFoDA8BgNVHR8E\nNTAzMDGgL6AthitodHRwOi8vU1ZSSW50bC1jcmwudmVyaXNpZ24uY29tL1NWUklu\ndGwuY3JsMEQGA1UdIAQ9MDswOQYLYIZIAYb4RQEHFwMwKjAoBggrBgEFBQcCARYc\naHR0cHM6Ly93d3cudmVyaXNpZ24uY29tL3JwYTAoBgNVHSUEITAfBglghkgBhvhC\nBAEGCCsGAQUFBwMBBggrBgEFBQcDAjBxBggrBgEFBQcBAQRlMGMwJAYIKwYBBQUH\nMAGGGGh0dHA6Ly9vY3NwLnZlcmlzaWduLmNvbTA7BggrBgEFBQcwAoYvaHR0cDov\nL1NWUkludGwtYWlhLnZlcmlzaWduLmNvbS9TVlJJbnRsLWFpYS5jZXIwbgYIKwYB\nBQUHAQwEYjBgoV6gXDBaMFgwVhYJaW1hZ2UvZ2lmMCEwHzAHBgUrDgMCGgQUS2u5\nKJYGDLvQUjibKaxLB4shBRgwJhYkaHR0cDovL2xvZ28udmVyaXNpZ24uY29tL3Zz\nbG9nbzEuZ2lmMA0GCSqGSIb3DQEBBQUAA4GBAApVzh+KuiOdqNzImU6MXq607nhz\ng6/WKxnVvAFOl3Z1r5/iFJzkuuahHcgXvobqPQfPWVOzU0fG6m2JzbL7fjeyB/Ip\n5KfIsbihuMhw9mkhELVv3+8IZfUcaAi3cHWqJMEYp5w0lGVbTtYKmlFWVf1X5tW+\nbVBK7sF+wL2HmI0x','FF:88:F1:7F:42:1F:14:C3:1B:04:FB:7D:E8:C5:69:C6:FA:63:B3:5C'),(144,'sso','MIIFOjCCBCKgAwIBAgIQLRmrpNnbM0zHqOqXdZ/usDANBgkqhkiG9w0BAQUFADBa\nMQswCQYDVQQGEwJBVTEQMA4GA1UEChMHQXVzQ0VSVDEdMBsGA1UECxMUQ2VydGlm\naWNhdGUgU2VydmljZXMxGjAYBgNVBAMTEUF1c0NFUlQgU2VydmVyIENBMB4XDTA5\nMTIxNzAwMDAwMFoXDTExMTIxNzIzNTk1OVowgcIxCzAJBgNVBAYTAkFVMQ0wCwYD\nVQQREwQ0MDU5MRMwEQYDVQQIEwpRdWVlbnNsYW5kMREwDwYDVQQHEwhCcmlzYmFu\nZTEdMBsGA1UECRMUTGV2ZWwgMiwgODggTXVzayBBdmUxJTAjBgNVBAoTHEF1c3Ry\nYWxpYW4gQWNjZXNzIEZlZGVyYXRpb24xGDAWBgNVBAsTD1Rlc3QgRmVkZXJhdGlv\nbjEcMBoGA1UEAxMTdmhvLnRlc3QuYWFmLmVkdS5hdTCCASIwDQYJKoZIhvcNAQEB\nBQADggEPADCCAQoCggEBAMrVJlJZWa8rIl39omxsIiVEss4EtFLuAwiIOKRGdbyz\ndXfBjBDOqpa8P/ESU109crYDg1V2WJQvfosiClGWIorlFrOXmm0L3L4WmrffMi2/\nVHrT01RLIp72Pu3fLDKexu6EvpMsFx04Lesid7vULUkyMyIk52mNS2qrLkOQ60vU\nCrQv6Lje6Ct5Ii7W1wSl3WM4g4NsP8xnDqaNeN9GWStEZUrCNYx/pCmY1V54Clwz\nFCrIqsO3+SgvG/zDbFrRfh8fDQ171O6WQmj4YrfY+uXT0ZosKAZpxdISHghl8Ec+\nAcb6AH2PM905LnWw3reKdF/LpOHAxfWhY1SRo+aINI0CAwEAAaOCAZEwggGNMB8G\nA1UdIwQYMBaAFJRrI7km6oK0U2CdiV33AsTZKV3pMB0GA1UdDgQWBBSvsXW+zOIo\n6AiT8Gcqb+IwO/xdHDAOBgNVHQ8BAf8EBAMCBaAwDAYDVR0TAQH/BAIwADAdBgNV\nHSUEFjAUBggrBgEFBQcDAQYIKwYBBQUHAwIwGQYDVR0gBBIwEDAOBgwrBgEEAYG3\nPQUBAQAwQQYDVR0fBDowODA2oDSgMoYwaHR0cDovL2NybC5jcy5hdXNjZXJ0Lm9y\nZy5hdS9BdXNDRVJUU2VydmVyQ0EuY3JsMHcGCCsGAQUFBwEBBGswaTA8BggrBgEF\nBQcwAoYwaHR0cDovL2NydC5jcy5hdXNjZXJ0Lm9yZy5hdS9BdXNDRVJUU2VydmVy\nQ0EuY3J0MCkGCCsGAQUFBzABhh1odHRwOi8vb2NzcC5jcy5hdXNjZXJ0Lm9yZy5h\ndTA3BgNVHREEMDAughN2aG8udGVzdC5hYWYuZWR1LmF1ghd3d3cudmhvLnRlc3Qu\nYWFmLmVkdS5hdTANBgkqhkiG9w0BAQUFAAOCAQEAaQyQPneZQw0CrTQvbauGqdqZ\nelrMic2U+wn373F6x951gTRQ/YGPaCwVdvLPqwqCNNC/1FIWgIlOvFWJ16OQCG31\nG/wIW/dEbh0I+BMmNuLecDyp1QtSpj4J+QPWJ8QplZHgQ5d9B1M3pSYbAjiC7zvg\n0dMkDlxDgxwH6HDcmktQp14gZaz2uPOn4TYkZ7rsRFeynHZ96k4Fkv6MTsNHUxyB\n6beR8Zv7DIzFmL43rr/6laGx0708izBta80wCxwFQ+GC7lxFqpXgUTEFK2RgMxkj\nn3eI+EJyTjn0MVQni5NViScl3i+kozghQjr7I5S1A/MQgiyF1oxWg+UYfAiXyg==','9C:35:09:A9:EA:EB:7C:5F:FC:1A:0C:48:E4:6F:D0:0D:A9:1D:F5:1B'),(182,'sso','MIIDJDCCAgygAwIBAgIJAP+HP4rn5edvMA0GCSqGSIb3DQEBBQUAMBwxGjAYBgNV\r\nBAMTEWF1dGgwMy5hYzMuZWR1LmF1MB4XDTA5MTAyOTA0MDMxMVoXDTE5MTAyNzA0\r\nMDMxMVowHDEaMBgGA1UEAxMRYXV0aDAzLmFjMy5lZHUuYXUwggEiMA0GCSqGSIb3\r\nDQEBAQUAA4IBDwAwggEKAoIBAQCmSzX5/flE6d8j+lFaTo4pZdNZPJe5KH2OGaqA\r\nGN7YSPZma0mrCUN0ujP7ZWID6MNzFR79v9hPjksgitc/pspNfK75SLRmDvEgClpk\r\noVKx0i/5LzqIHEDxY3KOsh0Rgso6ziamYKC4x6Z8EkOyVi1PoBa6rbMpOchHZ+fP\r\n5BioKRrbURDS2rC1hQhdIBqcVHf72j8bLTqfUrqM/ZCoSUPxiZHZ4ip9XH7JhuNY\r\nQwqvAyQ4bt+GlnQy1+WLb+lzNi+WnLZD5cAeO6KOachJbm6540ZYGWSaEdRrzjto\r\nFWwEAIZ2UQwz5Et8jeQPZ+bY7gcWP0lThg5887RRLc3ZAcBvAgMBAAGjaTBnMEYG\r\nA1UdEQQ/MD2CEWF1dGgwMy5hYzMuZWR1LmF1hihodHRwczovL2F1dGgwMy5hYzMu\r\nZWR1LmF1L2lkcC9zaGliYm9sZXRoMB0GA1UdDgQWBBRCKWq0SxrUW2paZo7ubNN7\r\nB4KGBzANBgkqhkiG9w0BAQUFAAOCAQEAPLZvCJ5O7KtDX2p408DbKwxOpRnb8Mkt\r\nVKjc6HP/2IzAN6nmziySzvzmQ08HJWt39Xh/KMTSWbtcMieC2XueFo/C64UVTuE9\r\nKCz6fg1kwEhi8VREX5MYcKtOB/Jy5oXoS1p7CCOToh1Z513JmsjJRzpltOnkXpHH\r\n8rzxxmIU3ZprlRaGyj+Z8IVNx2fb/Ih5hRjAShWfcv33blMrKvK8mVewutOlLgEV\r\nHhislL6dS0mKAabPHY55Rz4wOYklLaHh6m/5JliK39yrTpCBoJ1IWS8dWNJ42ZY6\r\naGo9fwGAOpkqoZhxf1MvogU855faqzeysRIUVpG1WvdQ1hmodRRZzA==','8D:0A:21:5E:BB:11:60:F2:8A:33:07:C4:63:E5:EE:F8:44:CF:E2:BA'),(182,'aa','MIIDJDCCAgygAwIBAgIJAP+HP4rn5edvMA0GCSqGSIb3DQEBBQUAMBwxGjAYBgNV\r\nBAMTEWF1dGgwMy5hYzMuZWR1LmF1MB4XDTA5MTAyOTA0MDMxMVoXDTE5MTAyNzA0\r\nMDMxMVowHDEaMBgGA1UEAxMRYXV0aDAzLmFjMy5lZHUuYXUwggEiMA0GCSqGSIb3\r\nDQEBAQUAA4IBDwAwggEKAoIBAQCmSzX5/flE6d8j+lFaTo4pZdNZPJe5KH2OGaqA\r\nGN7YSPZma0mrCUN0ujP7ZWID6MNzFR79v9hPjksgitc/pspNfK75SLRmDvEgClpk\r\noVKx0i/5LzqIHEDxY3KOsh0Rgso6ziamYKC4x6Z8EkOyVi1PoBa6rbMpOchHZ+fP\r\n5BioKRrbURDS2rC1hQhdIBqcVHf72j8bLTqfUrqM/ZCoSUPxiZHZ4ip9XH7JhuNY\r\nQwqvAyQ4bt+GlnQy1+WLb+lzNi+WnLZD5cAeO6KOachJbm6540ZYGWSaEdRrzjto\r\nFWwEAIZ2UQwz5Et8jeQPZ+bY7gcWP0lThg5887RRLc3ZAcBvAgMBAAGjaTBnMEYG\r\nA1UdEQQ/MD2CEWF1dGgwMy5hYzMuZWR1LmF1hihodHRwczovL2F1dGgwMy5hYzMu\r\nZWR1LmF1L2lkcC9zaGliYm9sZXRoMB0GA1UdDgQWBBRCKWq0SxrUW2paZo7ubNN7\r\nB4KGBzANBgkqhkiG9w0BAQUFAAOCAQEAPLZvCJ5O7KtDX2p408DbKwxOpRnb8Mkt\r\nVKjc6HP/2IzAN6nmziySzvzmQ08HJWt39Xh/KMTSWbtcMieC2XueFo/C64UVTuE9\r\nKCz6fg1kwEhi8VREX5MYcKtOB/Jy5oXoS1p7CCOToh1Z513JmsjJRzpltOnkXpHH\r\n8rzxxmIU3ZprlRaGyj+Z8IVNx2fb/Ih5hRjAShWfcv33blMrKvK8mVewutOlLgEV\r\nHhislL6dS0mKAabPHY55Rz4wOYklLaHh6m/5JliK39yrTpCBoJ1IWS8dWNJ42ZY6\r\naGo9fwGAOpkqoZhxf1MvogU855faqzeysRIUVpG1WvdQ1hmodRRZzA==','8D:0A:21:5E:BB:11:60:F2:8A:33:07:C4:63:E5:EE:F8:44:CF:E2:BA'),(185,'aa','MIIDLzCCApigAwIBAgICBD8wDQYJKoZIhvcNAQEFBQAwgbIxCzAJBgNVBAYTAkFV\nMQwwCgYDVQQIEwNOU1cxDzANBgNVBAcTBlN5ZG5leTEdMBsGA1UEChMUTWFjcXVh\ncmllIFVuaXZlcnNpdHkxDTALBgNVBAsTBE1BTVMxKzApBgNVBAMTIk1BTVMgVGVz\ndGJlZCBGZWRlcmF0aW9uIExldmVsIDEgQ0ExKTAnBgkqhkiG9w0BCQEWGnN5c2Fk\nbWluQGZlZGVyYXRpb24ub3JnLmF1MB4XDTA5MTAyMjAwNDMzM1oXDTE5MTAyMDAw\nNDMzM1owgYkxCzAJBgNVBAYTAkFVMREwDwYDVQQIEwhWaWN0b3JpYTESMBAGA1UE\nBxMJTWVsYm91cm5lMQ0wCwYDVQQKEwRSTUlUMSEwHwYDVQQDExhzaGliZHZ0cy5p\ndHMucm1pdC5lZHUuYXUxITAfBgkqhkiG9w0BCQEWEmlzdW5peEBybWl0LmVkdS5h\ndTCBnzANBgkqhkiG9w0BAQEFAAOBjQAwgYkCgYEAyhZ0CNqucjZttOnFAGOUN0ty\nS9xPBR5C4i7+J4DQuA1/uQ4S9Aavg24fRWJyw0GcVBvciMIFwpcmqBoiZIo2rcrh\natpadoYtf83Y9AHG2u9wlJU/skVvbtiywCkCUYOFLsPVDCvLy2qd41KiA5LEDHHp\n4XvVpC7jeXbPK5jRXUUCAwEAAaN7MHkwCQYDVR0TBAIwADAsBglghkgBhvhCAQ0E\nHxYdT3BlblNTTCBHZW5lcmF0ZWQgQ2VydGlmaWNhdGUwHQYDVR0OBBYEFAjzsw0t\n72a36KaeLnADFoSeGAaCMB8GA1UdIwQYMBaAFA3Qfu0aiD26jPVpp2M11QnRqp0B\nMA0GCSqGSIb3DQEBBQUAA4GBAJ8RbkU/U6KMMdhUARLS2lP09aUn+HqUEyirl8qG\naMDUnzdk6FRUQMrW+5mygQCw2TBdmhwgjOFcqbifT440uujXVo1CGz0rZcxPFVC/\nNfWcF0V8lIIZ5i59N5NcKi34xha72+hz02T7BvhsBUDeo2sHJNds0ySB67b+qAsk\nNehp','D7:BA:DE:47:CC:FC:C0:4F:7D:0B:15:DE:AA:74:7A:BD:DC:85:C6:A3'),(185,'sso','MIIDLzCCApigAwIBAgICBD8wDQYJKoZIhvcNAQEFBQAwgbIxCzAJBgNVBAYTAkFV\nMQwwCgYDVQQIEwNOU1cxDzANBgNVBAcTBlN5ZG5leTEdMBsGA1UEChMUTWFjcXVh\ncmllIFVuaXZlcnNpdHkxDTALBgNVBAsTBE1BTVMxKzApBgNVBAMTIk1BTVMgVGVz\ndGJlZCBGZWRlcmF0aW9uIExldmVsIDEgQ0ExKTAnBgkqhkiG9w0BCQEWGnN5c2Fk\nbWluQGZlZGVyYXRpb24ub3JnLmF1MB4XDTA5MTAyMjAwNDMzM1oXDTE5MTAyMDAw\nNDMzM1owgYkxCzAJBgNVBAYTAkFVMREwDwYDVQQIEwhWaWN0b3JpYTESMBAGA1UE\nBxMJTWVsYm91cm5lMQ0wCwYDVQQKEwRSTUlUMSEwHwYDVQQDExhzaGliZHZ0cy5p\ndHMucm1pdC5lZHUuYXUxITAfBgkqhkiG9w0BCQEWEmlzdW5peEBybWl0LmVkdS5h\ndTCBnzANBgkqhkiG9w0BAQEFAAOBjQAwgYkCgYEAyhZ0CNqucjZttOnFAGOUN0ty\nS9xPBR5C4i7+J4DQuA1/uQ4S9Aavg24fRWJyw0GcVBvciMIFwpcmqBoiZIo2rcrh\natpadoYtf83Y9AHG2u9wlJU/skVvbtiywCkCUYOFLsPVDCvLy2qd41KiA5LEDHHp\n4XvVpC7jeXbPK5jRXUUCAwEAAaN7MHkwCQYDVR0TBAIwADAsBglghkgBhvhCAQ0E\nHxYdT3BlblNTTCBHZW5lcmF0ZWQgQ2VydGlmaWNhdGUwHQYDVR0OBBYEFAjzsw0t\n72a36KaeLnADFoSeGAaCMB8GA1UdIwQYMBaAFA3Qfu0aiD26jPVpp2M11QnRqp0B\nMA0GCSqGSIb3DQEBBQUAA4GBAJ8RbkU/U6KMMdhUARLS2lP09aUn+HqUEyirl8qG\naMDUnzdk6FRUQMrW+5mygQCw2TBdmhwgjOFcqbifT440uujXVo1CGz0rZcxPFVC/\nNfWcF0V8lIIZ5i59N5NcKi34xha72+hz02T7BvhsBUDeo2sHJNds0ySB67b+qAsk\nNehp','D7:BA:DE:47:CC:FC:C0:4F:7D:0B:15:DE:AA:74:7A:BD:DC:85:C6:A3'),(188,'sso','MIIDNzCCAh+gAwIBAgIVAMFfaT+ovKfH/RwVZ+z8hVMiBA84MA0GCSqGSIb3DQEB\nBQUAMB0xGzAZBgNVBAMTEmlkcC1wcm9kLnVxLmVkdS5hdTAeFw0wOTEwMDkwMTMy\nMzZaFw0yOTEwMDkwMTMyMzZaMB0xGzAZBgNVBAMTEmlkcC1wcm9kLnVxLmVkdS5h\ndTCCASIwDQYJKoZIhvcNAQEBBQADggEPADCCAQoCggEBAIaA+ZKi6VraCUfvOl3+\nU0JslDN0wZhVn3IjcN0XbqIfUM5rocwDOgCXGETx2oEsxZsWWXLxyl6+MuWMIQqo\njautiOgIcfKYkPsFtFxjlScDbV4YoJcBQKwOyfxo9C3AKBSHhqzJpmI3rxgwI8va\n3Ov7TORD6gDkdhW2Qg0/EsU/oDUp/9wYtzKT1HRiLq4JvMapBdfNlwSbV4Eh+RAp\nPOZcjP4vMb4NQv/+nxi/L0mfDJ6KM5SU5SGxHLfqR3UmQgTOPvlp9dtjJguqkVIR\nQShbHk/gwq0/gGWXb7XG2eiYkHJ3nuXpw9uzTN90vgFhbnOpCLRjh/fObcQ2PYps\nFQkCAwEAAaNuMGwwSwYDVR0RBEQwQoISaWRwLXByb2QudXEuZWR1LmF1hix1cm46\nbWFjZTpmZWRlcmF0aW9uLm9yZy5hdTp0ZXN0ZmVkOnVxLmVkdS5hdTAdBgNVHQ4E\nFgQUTzY7CvhPAl639ApKB8+/FFHs2QAwDQYJKoZIhvcNAQEFBQADggEBAFTfSedc\nhkB4/Roaagx5Nb4Cavm9/fkv91lvP3aFK27xfljnb37Z2KG2xqIpI9fXvaIdOEoV\nbL3cBXBStO3Na8N6nyCFnhQPvvI6dY32li172kKuCWHQ6KASj4khjQEnc5rebg56\nJrcNk8I04XxwUK2VRVfuKK3nrQWz9HXRvXdCItiHUF3lhdr552J/agTCvk69zjCn\nNnAZla4mtWKs0Q8AnTm6OoeCVVZgofICvEAA+QXQQ48dV+xXohG6RrUg39fVSbCa\nzWn1qpS9Ms5nUnwoB3goccgGrtX/ZfJ2z787GzlOWEqchUmZUxDMLV4lGx2mn9Am\nVHD7SdWjenYLhWY=','78:D4:D9:A1:3B:FF:B1:36:40:E2:97:72:C2:82:4A:96:DF:DA:CD:88'),(188,'aa','MIIDNzCCAh+gAwIBAgIVAMFfaT+ovKfH/RwVZ+z8hVMiBA84MA0GCSqGSIb3DQEB\nBQUAMB0xGzAZBgNVBAMTEmlkcC1wcm9kLnVxLmVkdS5hdTAeFw0wOTEwMDkwMTMy\nMzZaFw0yOTEwMDkwMTMyMzZaMB0xGzAZBgNVBAMTEmlkcC1wcm9kLnVxLmVkdS5h\ndTCCASIwDQYJKoZIhvcNAQEBBQADggEPADCCAQoCggEBAIaA+ZKi6VraCUfvOl3+\nU0JslDN0wZhVn3IjcN0XbqIfUM5rocwDOgCXGETx2oEsxZsWWXLxyl6+MuWMIQqo\njautiOgIcfKYkPsFtFxjlScDbV4YoJcBQKwOyfxo9C3AKBSHhqzJpmI3rxgwI8va\n3Ov7TORD6gDkdhW2Qg0/EsU/oDUp/9wYtzKT1HRiLq4JvMapBdfNlwSbV4Eh+RAp\nPOZcjP4vMb4NQv/+nxi/L0mfDJ6KM5SU5SGxHLfqR3UmQgTOPvlp9dtjJguqkVIR\nQShbHk/gwq0/gGWXb7XG2eiYkHJ3nuXpw9uzTN90vgFhbnOpCLRjh/fObcQ2PYps\nFQkCAwEAAaNuMGwwSwYDVR0RBEQwQoISaWRwLXByb2QudXEuZWR1LmF1hix1cm46\nbWFjZTpmZWRlcmF0aW9uLm9yZy5hdTp0ZXN0ZmVkOnVxLmVkdS5hdTAdBgNVHQ4E\nFgQUTzY7CvhPAl639ApKB8+/FFHs2QAwDQYJKoZIhvcNAQEFBQADggEBAFTfSedc\nhkB4/Roaagx5Nb4Cavm9/fkv91lvP3aFK27xfljnb37Z2KG2xqIpI9fXvaIdOEoV\nbL3cBXBStO3Na8N6nyCFnhQPvvI6dY32li172kKuCWHQ6KASj4khjQEnc5rebg56\nJrcNk8I04XxwUK2VRVfuKK3nrQWz9HXRvXdCItiHUF3lhdr552J/agTCvk69zjCn\nNnAZla4mtWKs0Q8AnTm6OoeCVVZgofICvEAA+QXQQ48dV+xXohG6RrUg39fVSbCa\nzWn1qpS9Ms5nUnwoB3goccgGrtX/ZfJ2z787GzlOWEqchUmZUxDMLV4lGx2mn9Am\nVHD7SdWjenYLhWY=','78:D4:D9:A1:3B:FF:B1:36:40:E2:97:72:C2:82:4A:96:DF:DA:CD:88'),(725,'resource','MIIF8TCCA9mgAwIBAgICAJcwDQYJKoZIhvcNAQEFBQAwbDELMAkGA1UEBhMCQVUx\nDzANBgNVBAoTBkNBVURJVDEeMBwGA1UECxMVU2hpYmJvbGV0aCBGZWRlcmF0aW9u\nMSwwKgYDVQQDEyNQaWxvdCBDZXJ0aWZpY2F0aW9uIExldmVsIDMgQ0EgdjAuMjAe\nFw0wODA3MDkwMDU2NThaFw0xMDAzMDEwMDU2NThaMIGEMQswCQYDVQQGEwJBVTEh\nMB8GA1UEChMYVW5pdmVyc2l0eSBvZiBRdWVlbnNsYW5kMRAwDgYDVQQLEwdMaWJy\nYXJ5MRkwFwYDVQQLExBTZXJ2aWNlIFByb3ZpZGVyMSUwIwYDVQQDExx2bWRldi1y\nZXBvLmxpYnJhcnkudXEuZWR1LmF1MIGfMA0GCSqGSIb3DQEBAQUAA4GNADCBiQKB\ngQDTbWk6hUUJIqfPIZRRaaGebDDw9pAQjrJQzGPgvgFscFocckYb8QrdWWkQE+D0\nYcoY64+SmJnIcy4qts8LOpaONGWt2wNExbXf+1LjLF2aluXRREJ0N2EjySO3s9FU\nJUdx2edkmGks+pRpAGSdIBdUwg+WB4mylfJqBPBUol3o+wIDAQABo4ICBjCCAgIw\nCQYDVR0TBAIwADCBjwYDVR0gBIGHMIGEMBEGDysGAQQBgaZsCgEBAQEBADARBg8r\nBgEEAYGmbAoBAQIBAQAwXAYPKwYBBAGBpmwKAQEDAQEAMEkwRwYIKwYBBQUHAgEW\nO2h0dHBzOi8vcGtpLnRlc3QuYXVzY2VydC5vcmcuYXUvc2hpYmx2bDMtY2EvcHVi\nL3BvbGljeS5odG1sMAsGA1UdDwQEAwIFoDATBgNVHSUEDDAKBggrBgEFBQcDAjAd\nBgNVHQ4EFgQUatOfhp22JBN5hSKZiIaddERCbigwfQYDVR0jBHYwdIAUkCq6v725\nPR17zmzEUdR5muEF1gyhWaRXMFUxCzAJBgNVBAYTAkFVMRAwDgYDVQQKEwdBdXND\nRVJUMTQwMgYDVQQDEytQaWxvdCBBdXNDRVJUIENlcnRpZmljYXRpb24gTGV2ZWwg\nMyBDQSB2MC4yggEOMCcGA1UdEQQgMB6CHHZtZGV2LXJlcG8ubGlicmFyeS51cS5l\nZHUuYXUwKwYDVR0SBCQwIoEgcGlsb3Qtc2hpYmx2bDMtY2FAYXVzY2VydC5vcmcu\nYXUwTQYDVR0fBEYwRDBCoECgPoY8aHR0cDovL3BraS50ZXN0LmF1c2NlcnQub3Jn\nLmF1L3NoaWJsdmwzLWNhL3B1Yi9jcmwvY2VydHMuY3JsMA0GCSqGSIb3DQEBBQUA\nA4ICAQBC/NIeMC0DwbBOgq30S0eTecz6UBihV0ii3/9Yj85GGGcOYIcYqAgl9p36\nX+5R4SZ8SLQiBy/QaFYotUlNNFXvANl7jj5iMRkF70gaiCiXSjr62OPIj5K3KsjG\nl702YEKWrxUqHIpfv6MHJyF+5r3ZDOwUqXAKYpcRPQflQp2KpmAi+gLK+z0cFfYC\nIT9PNrd/rqtJ3iljoCWqMT0w45GzPai5w6AG6/+uX9PnUllBJxbATi9+JdlF0KLu\njV5PnidkukSe489ASDk6dh5cu5j2kiGt1UlmQYjM76zGFzoisbIv0SlZ20Ann+XL\nfzJ5CLhq0XcskqTo3jUEPmnj7q5d0hrJ2VquJpunG+LUaQ4BbCxj8TFPJUG1HxW+\nowARJgRB9Rl+yyEWm5FsObZnw187tzxFTOPOt6hLM5gKhb17HjjIT7SMNhOquGAS\nIdywAYDXSd5CPcRDS2oPNMyrH/aYIYT5rBZLqRkhS728cyJwp9Xw4hMRqz76Wzza\nlwZA8o2zvqWp2+rPOMRT4WAUlO2owQHASTw3xS74ayHsFUpBX7eG3DlkA2oIo7KY\nyrx1ih+wNd3mTFrRUh1SrZmu+ciexEDYIro9y+kmetj5iX4C/rC5trL75Ofeol1o\nfAvYE/ww3S1Ol++61OMV6RoUGvf50OfBay5zi0/rozqFhrJBcw==','2E:14:49:B9:AF:0C:C6:4C:30:67:C1:0A:B1:8E:9D:FF:E4:73:15:8B'),(0,'issuingca','MIIEvTCCA6WgAwIBAgIQYfhYp7mBV5M0nX4Zu4oQmTANBgkqhkiG9w0BAQUFADCB\nlzELMAkGA1UEBhMCVVMxCzAJBgNVBAgTAlVUMRcwFQYDVQQHEw5TYWx0IExha2Ug\nQ2l0eTEeMBwGA1UEChMVVGhlIFVTRVJUUlVTVCBOZXR3b3JrMSEwHwYDVQQLExho\ndHRwOi8vd3d3LnVzZXJ0cnVzdC5jb20xHzAdBgNVBAMTFlVUTi1VU0VSRmlyc3Qt\nSGFyZHdhcmUwHhcNMDkxMDA4MDAwMDAwWhcNMjAwNTMwMTA0ODM4WjBaMQswCQYD\nVQQGEwJBVTEQMA4GA1UEChMHQXVzQ0VSVDEdMBsGA1UECxMUQ2VydGlmaWNhdGUg\nU2VydmljZXMxGjAYBgNVBAMTEUF1c0NFUlQgU2VydmVyIENBMIIBIjANBgkqhkiG\n9w0BAQEFAAOCAQ8AMIIBCgKCAQEAy4rp0zW1SWexYnKXJxPOx1/9tndNo7EoCrr4\nnh3qwV33ONMNQVPxS7m5aJ05VnZM85lB65IZWiKvABEuniTKHkySARGU/p/srdiU\nNeOnvjSAwY9gXEx6I2Tzx9KRVL+NjfMEeLzMxQI/gnc3uX0HsaJT1x7pLaj8iFVT\nOt7eC75Cladpu1g5Ela3J/2dJlZQBZVCvfnvbIlVeqy6zMubTe/iSovG5U5FhOHN\nMHbdq0zclQQmden/Syr4xAfMww/H1oyJqwzO2t5tBPtIcq2G5VroQehX2hSKgj49\n51Ops8AJ8L7j0ah6MraBrf32UPdy+Lxpl3LsKxsTjpAjcJm1AQIDAQABo4IBPzCC\nATswHwYDVR0jBBgwFoAUoXJfJhsomEOVXQc31YWWnUvSw0UwHQYDVR0OBBYEFJRr\nI7km6oK0U2CdiV33AsTZKV3pMA4GA1UdDwEB/wQEAwIBBjASBgNVHRMBAf8ECDAG\nAQH/AgEAMBkGA1UdIAQSMBAwDgYMKwYBBAGBtz0FAQEAMEQGA1UdHwQ9MDswOaA3\noDWGM2h0dHA6Ly9jcmwudXNlcnRydXN0LmNvbS9VVE4tVVNFUkZpcnN0LUhhcmR3\nYXJlLmNybDB0BggrBgEFBQcBAQRoMGYwPQYIKwYBBQUHMAKGMWh0dHA6Ly9jcnQu\ndXNlcnRydXN0LmNvbS9VVE5BZGRUcnVzdFNlcnZlcl9DQS5jcnQwJQYIKwYBBQUH\nMAGGGWh0dHA6Ly9vY3NwLnVzZXJ0cnVzdC5jb20wDQYJKoZIhvcNAQEFBQADggEB\nAF6bZutNoHE6MykkmKdsBLjv0YHwEn1tpp4BPPpxeNJ1t9vO2IKpnEdd2uLt9UWZ\niW2Sg70L9l2JB7z2Nsw1+Wwv60TvLk9BAYa4K18EMb9wWEcgl5rh/w2Ls5wqZA/S\nVvOIpAXo2Zfs1/X4fZHqpNmOgMzgK+5/MNRwmveYAGa5WqLCMz8aMWQOyoI54QL9\nXZgUA0Q9iBMpadyMvxUGjP1KIvXSLF33HBX1SUCyiE+OvqpH5DJ89JgA4slflE5N\nqpuZJUe4mQ+fuYgQOGUhjBpF40GmaWncsQqYWsQgPUA4x5OQ9m+56+W0k23LVmHV\no0Fm8z4QEWtHpAe49hlDn0o=','E0:D0:26:C7:A8:FB:41:82:E6:43:E2:5F:9C:66:B3:5E:5A:86:DB:1D'),(0,'issuingca','MIIEczCCA1ugAwIBAgIQJiEb9SrrUbAL+p/djTbanjANBgkqhkiG9w0BAQUFADBv\nMQswCQYDVQQGEwJTRTEUMBIGA1UEChMLQWRkVHJ1c3QgQUIxJjAkBgNVBAsTHUFk\nZFRydXN0IEV4dGVybmFsIFRUUCBOZXR3b3JrMSIwIAYDVQQDExlBZGRUcnVzdCBF\neHRlcm5hbCBDQSBSb290MB4XDTA1MDYwNzA4MDkxMFoXDTIwMDUzMDEwNDgzOFow\ngZcxCzAJBgNVBAYTAlVTMQswCQYDVQQIEwJVVDEXMBUGA1UEBxMOU2FsdCBMYWtl\nIENpdHkxHjAcBgNVBAoTFVRoZSBVU0VSVFJVU1QgTmV0d29yazEhMB8GA1UECxMY\naHR0cDovL3d3dy51c2VydHJ1c3QuY29tMR8wHQYDVQQDExZVVE4tVVNFUkZpcnN0\nLUhhcmR3YXJlMIIBIjANBgkqhkiG9w0BAQEFAAOCAQ8AMIIBCgKCAQEAsffDOD+0\nqH/POYJRZ9Btn9L/WPPnnyvsDYlUmbk4mRb34CF5SMK7YXQSlh08anLVPBBnOjnt\nKxPNZuuVCTOkbJex6MbswXV5nEZejavQav25KlUXEFSzGfCa9vGxXbanbfvgcRdr\nooj7AN/+GjF3DJoBerEy4ysBBzhuw6VeI7xFm3tQwckwj9vlK3rTW/szQB6g1ZgX\nvIuHw4nTXaCOsqqq9o5piAbF+okh8widaS4JM5spDUYPjMxJNLBpUb35Bs1orWZM\nvD6sYb0KiA7I3z3ufARMnQpea5HW7sftKI2rTYeJc9BupNAeFosU4XZEA39jrOTN\nSZzFkvSrMqFIWwIDAQABo4HhMIHeMB8GA1UdIwQYMBaAFK29mHo0tCb3+sQmVO8D\nveAky1QaMB0GA1UdDgQWBBShcl8mGyiYQ5VdBzfVhZadS9LDRTAOBgNVHQ8BAf8E\nBAMCAQYwDwYDVR0TAQH/BAUwAwEB/zB7BgNVHR8EdDByMDigNqA0hjJodHRwOi8v\nY3JsLmNvbW9kb2NhLmNvbS9BZGRUcnVzdEV4dGVybmFsQ0FSb290LmNybDA2oDSg\nMoYwaHR0cDovL2NybC5jb21vZG8ubmV0L0FkZFRydXN0RXh0ZXJuYWxDQVJvb3Qu\nY3JsMA0GCSqGSIb3DQEBBQUAA4IBAQBLAhFMJZO56PbMjv5Lpp0HI0L3VSyRvtMP\nCSFUIZVfEU9kN7ysIckygKa8U0ol5i3X1mysgD+0RUUrBLWxrOh9v1w5hJ9X5kcQ\nr5UCFSTkmpGjmDhGp20A63B8/yNEnXW9fscqa93cXo0uVbA0MSmSi7qPld3qsFCi\noCeYN243UfxWJwAR7iBcTWi4DkvBhPZNi44HBdvng/5H3E3G4WvPi3/13s3oRBK7\nHfiMTvLIQ9asjk31Q7Ea9qszqpkG50XcjgmyCdOdcTxCJrbpoKDdU3XN3pYLPAVU\nF9UCjiJE/JDErEafSDkqqQ5qlwYgPz9a+qyVI3rchsjq2Tt4jCZE','F5:EF:6B:80:C1:3C:1C:D3:22:8E:4F:A1:4F:A4:CA:E7:C0:C8:5A:79'),(734,'resource','MIIDMDCCAhigAwIBAgIJALC9U2N4jKnVMA0GCSqGSIb3DQEBBQUAMCAxHjAcBgNV\nBAMTFXdlYi10ZXN0LnZlcnNpLmVkdS5hdTAeFw0xMDAyMjIwMTU3MDlaFw0xMzAy\nMjEwMTU3MDlaMCAxHjAcBgNVBAMTFXdlYi10ZXN0LnZlcnNpLmVkdS5hdTCCASIw\nDQYJKoZIhvcNAQEBBQADggEPADCCAQoCggEBAPg+cypQawKAsrTC590ByaNSshs/\nDePQfdazNJRQYHrMAACG3A71BDLcDQxyymqdWLzTaFvM9o15wLQ70Z8VWBhQrxOZ\nY6SZScdB+frVpBV7JkTRB1GzVH4yYDJd+kntAmWOiRoRRB8Br5E6w1uAqdzAfXHX\n9alBRJUosi3KZdHUsxE+TGpA5Jsa8J+w34VeIiZrZqzovd0Hw0z9EV236v0fGGRs\nlgYpyL7ZyG9Oxww1cusObMWdkrxXPpPfeWVcMnfrFlA1AKejSKurjfDSG5nKiRgY\naw1q1WWU1grfkvfbLaC2tQD8ItDI5kWA4PBnLCoKvPT17uzxh/3mRMqxZncCAwEA\nAaNtMGswSgYDVR0RBEMwQYIVd2ViLXRlc3QudmVyc2kuZWR1LmF1hihodHRwczov\nL3dlYi10ZXN0LnZlcnNpLmVkdS5hdS9zaGliYm9sZXRoMB0GA1UdDgQWBBTYTeVc\n/ucxkUtxz9qcUI0b1lDCjjANBgkqhkiG9w0BAQUFAAOCAQEAbWMsyJKDtr5KVkxR\n8RSXdLIQ6gjNJq8Z8X7JrZyOZPcPrJPL96SzuO1JWcXnctoc6H+72Gyg53FpVWDx\n4moYJEL7jJbKsWhsbBzWdSvtAV5HNk3qGIuVO7VwcQzX8dHDGkvuaOdtr3ZXGyud\nd8NTSykPc5NDhuZ7N2YAUXLQkNi3GtyXM+ZBP3hM0bwa9kVkmVFsSN1g1NiV5qXG\nN08TJ+b4sRty5JyfVNjW5cxzZXS/u1WvW4JEK6XH3lFnCY7cs4mjmUNoOg2Vtsde\ndx2CIuuZ2OoCV0fWKhLhXSRm95zFT6Wm7BPbK8j/bgM+9RkVPBCPEXR8Q0HGw+aj\n4IRIJg==','E3:54:5C:24:D8:60:41:8A:4C:E0:21:0B:D1:21:44:72:DB:64:1C:44'),(737,'resource','MIIDMDCCAhigAwIBAgIJAJs+kQcAdcGtMA0GCSqGSIb3DQEBBQUAMCAxHjAcBgNV\nBAMTFXZibC10ZXN0LnZlcnNpLmVkdS5hdTAeFw0xMDAyMjIyMjAwNTRaFw0xMzAy\nMjEyMjAwNTRaMCAxHjAcBgNVBAMTFXZibC10ZXN0LnZlcnNpLmVkdS5hdTCCASIw\nDQYJKoZIhvcNAQEBBQADggEPADCCAQoCggEBALj2dcVnwPdEF4BfEonhG/GHMJVz\novIk2aIA0JL0AtlHeZtnFfRw7PGDCdkJ77Qv9GCQozmenUNOSQNSluoOqEMfh5Ml\nbqWyGAmh7n792TXACIZJQpNDdjohfepGpw3j7cjpTVUWoaCul1gOh5DfNHpiCWeS\neAx3IuK6cDbPMWAeGvbON6HI7EDqbOyPw6btgxUkl0s1OFOcL4Sb9qgg8Mca02AB\n4JmyVkjxw47EhDIEfTC234dcUUv5/YJjnFGTRe0hkj46Pk5rA7If5HfSt/SqYmlY\ndlHZLlvIxA8VBVNVwfw1yu2qISisyQvlnbUm2CD61Rzu6u1r8F/l7tgNRbUCAwEA\nAaNtMGswSgYDVR0RBEMwQYIVdmJsLXRlc3QudmVyc2kuZWR1LmF1hihodHRwczov\nL3ZibC10ZXN0LnZlcnNpLmVkdS5hdS9zaGliYm9sZXRoMB0GA1UdDgQWBBRD+ePp\nxo6coFUlhzMeOj1IThW+azANBgkqhkiG9w0BAQUFAAOCAQEAAioJRFSJNKkAvgEB\ns0LspJKZ7W1LWVY5gt84DSHsCgMNGeZviVq9CGRA+qd7oIjY6lANlpV1Z7kjsOWq\ndaCWhdwQMhh3pXop+SlGepiwdAvlFCtsBWc8ZxYSe9BZfHbPjI1qZW8hdaHNrxVi\nFE6Zi6EgJJ7wrZRBJhicbzBHdcHSxFAB+tABvKhkYunGVUoB2Xkb/8+DbITfwAok\nE8QEqfuae2gXxqGoMACcnBrLw7wWfBKXKdHR/Uwj5H1YfaZ9F0587ly252Px1+8v\nADmC2jnLtLgH8HKXFhPdVB8gaClAM609WzswUx5hiYY6zF5+0ujt3v/+HQDZrTGP\nngJsOg==','F1:5F:57:04:7C:17:29:02:35:68:5B:4C:8A:33:A7:60:69:2C:8F:E5'),(0,'issuingca','MIIENjCCAx6gAwIBAgIBATANBgkqhkiG9w0BAQUFADBvMQswCQYDVQQGEwJTRTEU\nMBIGA1UEChMLQWRkVHJ1c3QgQUIxJjAkBgNVBAsTHUFkZFRydXN0IEV4dGVybmFs\nIFRUUCBOZXR3b3JrMSIwIAYDVQQDExlBZGRUcnVzdCBFeHRlcm5hbCBDQSBSb290\nMB4XDTAwMDUzMDEwNDgzOFoXDTIwMDUzMDEwNDgzOFowbzELMAkGA1UEBhMCU0Ux\nFDASBgNVBAoTC0FkZFRydXN0IEFCMSYwJAYDVQQLEx1BZGRUcnVzdCBFeHRlcm5h\nbCBUVFAgTmV0d29yazEiMCAGA1UEAxMZQWRkVHJ1c3QgRXh0ZXJuYWwgQ0EgUm9v\ndDCCASIwDQYJKoZIhvcNAQEBBQADggEPADCCAQoCggEBALf3GjPm8gAELTngTlvt\nH7xsD821+iO2zt6bETOXpClMfZOfvUq8k+0DGuOPz+VtUFrWlymUWoCwSXrbLpX9\nuMq/NzgtHj6RQa1wVsfwTz/oMp50ysiQVOnGXw94nZpAPA6sYapeFI+eh6FqUNzX\nmk6vBbOmcZSccbNQYArHE504B4YCqOmoaSYYkKtMsE8jqzpPhNjfzp/haW+710LX\na0Tkx63ubUFfclpxCDezeWWkWaCUN/cALw3CknLa0Dhy2xSoRcRdKn23tNbE7qzN\nE0S3ySvdQwAl+mG5aWpYIxG3pzOPVnVZ9c0p10a3CitlttNCbxWyuHv77+ldU9U0\nWicCAwEAAaOB3DCB2TAdBgNVHQ4EFgQUrb2YejS0Jvf6xCZU7wO94CTLVBowCwYD\nVR0PBAQDAgEGMA8GA1UdEwEB/wQFMAMBAf8wgZkGA1UdIwSBkTCBjoAUrb2YejS0\nJvf6xCZU7wO94CTLVBqhc6RxMG8xCzAJBgNVBAYTAlNFMRQwEgYDVQQKEwtBZGRU\ncnVzdCBBQjEmMCQGA1UECxMdQWRkVHJ1c3QgRXh0ZXJuYWwgVFRQIE5ldHdvcmsx\nIjAgBgNVBAMTGUFkZFRydXN0IEV4dGVybmFsIENBIFJvb3SCAQEwDQYJKoZIhvcN\nAQEFBQADggEBALCb4IUlwtYj4g+WBpKdQZic2YR5gdkeWxQHIzZlj7DYd7usQWxH\nYINRsPkyPef89iYTx4AWpb9a/IfPeHmJIZriTAcKhjW88t5RxNKWt9x+Tu5w/Rw5\n6wwCURQtjr0W4MHfRnXnJK3s9EK0hZNwEGe6nQY1ShjTK3rMUUKhemPR5ruhxSvC\nNr4TDea9Y355e6cJDUCrat2PisP29owaQgVR1EX1n6diIWgVIEM8med8vSTYqZEX\nc4g/VhsxOBi0cQ+azcgOno4uG+GMmIPLHzHxREzGBHNJdmAPx/i9F4BrLunMTA5a\nmnkPIAou1Z5jJh5VkpTYghdae9C8x49OhgQ=','02:FA:F3:E2:91:43:54:68:60:78:57:69:4D:F5:E4:5B:68:85:18:68'),(209,'aa','MIIDPDCCAiSgAwIBAgIVAMBXjAcdUz1BZoTmvzR5K/VC4jdIMA0GCSqGSIb3DQEB\r\nBQUAMB8xHTAbBgNVBAMTFGlkcC5pbnRlcnNlY3Qub3JnLmF1MB4XDTEwMDEyNzA0\r\nMzUyMFoXDTMwMDEyNzA0MzUyMFowHzEdMBsGA1UEAxMUaWRwLmludGVyc2VjdC5v\r\ncmcuYXUwggEiMA0GCSqGSIb3DQEBAQUAA4IBDwAwggEKAoIBAQCOoCUVQCpDRrtU\r\ngyn/ZXgGanEBzb+V4bVkCFHov7FF7EMuYa+YUQhPZUl1UpNrSfHC4XqsdJfvAGLd\r\nzLzaPZzh9ljAHRRZx4QYaqZO21qtrqUaArFz8lJaffOkTO36VP9xdttTkL3kX/Ex\r\no1Zj6czvAEXbjd5EvG/S3wCgwyh6D6nXT6wiZEEE6Q11jwUdwSHtWKyZQR5hJuXs\r\nJovmrwpGJpV1DJ5YqK8Eldadqs8VpY74cJq4syV002syfzg368SN50km5BFquIc7\r\nuAumIsIFsj3Cogdo8qx+VLFBT9PYFg5AvJQqMK1NEBeEmrN/wKF2IVO9l+iYYKQH\r\nMEyD25/TAgMBAAGjbzBtMEwGA1UdEQRFMEOCFGlkcC5pbnRlcnNlY3Qub3JnLmF1\r\nhitodHRwczovL2lkcC5pbnRlcnNlY3Qub3JnLmF1L2lkcC9zaGliYm9sZXRoMB0G\r\nA1UdDgQWBBQFfI29y0LD0P/ASLe6ctrc7I+kSjANBgkqhkiG9w0BAQUFAAOCAQEA\r\nTMbagiL++mn4xuQbq6eBZl+q7BBb5NU2GfKx4WM23N/vhESEIrNWUtAh30G+Acc3\r\nLxYMDxg375UniUtsWvQMPa5bT/rBQy8Fah3TvNef8SGju7zGxK0QM882wmQN31Z+\r\nPFYKYAwHRPwdOJ5o9gaJGchIPMfns6+IMM59de0stheA2dY0QMYrIJ/KoOwDEOT/\r\nqBaLrstXWukVnDqVB8+iMWveXnsbPdQdpsbMnGxUHYfchVt6WAKlDuzpWDWxctji\r\ndKzaPBVIdGirjfiD8MGFXN4Az1M7VCrLemsIyNcXj5eJp4bDioSh6MD6uOe8dgpl\r\n0LpMPjpFCIjw209sjzQdMw==','A7:57:FA:6F:80:C0:50:03:D7:86:CD:52:8C:0E:FE:F3:BD:5C:5A:B3'),(206,'sso','MIIFTzCCBDegAwIBAgIQXa55P/DluuLJC8tnps9M0TANBgkqhkiG9w0BAQUFADBa\r\nMQswCQYDVQQGEwJBVTEQMA4GA1UEChMHQXVzQ0VSVDEdMBsGA1UECxMUQ2VydGlm\r\naWNhdGUgU2VydmljZXMxGjAYBgNVBAMTEUF1c0NFUlQgU2VydmVyIENBMB4XDTEw\r\nMDEyMDAwMDAwMFoXDTEzMDExOTIzNTk1OVowgcsxCzAJBgNVBAYTAkFVMQ0wCwYD\r\nVQQREwQyMDA3MQwwCgYDVQQIEwNOU1cxETAPBgNVBAcTCEJyb2Fkd2F5MRQwEgYD\r\nVQQJEwsxNSBCcm9hZHdheTEoMCYGA1UEChMfVW5pdmVyc2l0eSBvZiBUZWNobm9s\r\nb2d5IFN5ZG5leTEoMCYGA1UECxMfSW5mb3JtYXRpb24gVGVjaG5vbG9neSBEaXZp\r\nc2lvbjEiMCAGA1UEAxMZdGVzdC1hYWYtbG9naW4udXRzLmVkdS5hdTCCASIwDQYJ\r\nKoZIhvcNAQEBBQADggEPADCCAQoCggEBAMOW+YF7TaC6VRokD6haQtw1tfWk34RT\r\nqWbJqXksAnpIbGlYYLwKHNSwwlP1YqLE5NWdbKA6vrmaG7q0/PIYDKZSZ3/SGR2r\r\n/pfcRC+YMBwmHPKdAWgnhyrZLwJmzIb62m4q+e+6ATU05KlywKDk4N575YyNXhCx\r\nD5QUUQZyKn/5R0CgP4bilvQp4Rbc95Nujq7Wpre26lACSGIaN854zUvM915dNJWo\r\noS2WqPOUKRzgI08teQyftOWK8IHI6QTE1unysIudis6QEBUPVe9jhOnpWwq94dy7\r\nMy54hJuUrA7lCbgrfJl0vPjbpOgBEf13H/uh10/BX1JtWuFlYsWOrW8CAwEAAaOC\r\nAZ0wggGZMB8GA1UdIwQYMBaAFJRrI7km6oK0U2CdiV33AsTZKV3pMB0GA1UdDgQW\r\nBBR1Od5uth6fu3QGrpq4xFfCScrVGTAOBgNVHQ8BAf8EBAMCBaAwDAYDVR0TAQH/\r\nBAIwADAdBgNVHSUEFjAUBggrBgEFBQcDAQYIKwYBBQUHAwIwGQYDVR0gBBIwEDAO\r\nBgwrBgEEAYG3PQUBAQAwQQYDVR0fBDowODA2oDSgMoYwaHR0cDovL2NybC5jcy5h\r\ndXNjZXJ0Lm9yZy5hdS9BdXNDRVJUU2VydmVyQ0EuY3JsMHcGCCsGAQUFBwEBBGsw\r\naTA8BggrBgEFBQcwAoYwaHR0cDovL2NydC5jcy5hdXNjZXJ0Lm9yZy5hdS9BdXND\r\nRVJUU2VydmVyQ0EuY3J0MCkGCCsGAQUFBzABhh1odHRwOi8vb2NzcC5jcy5hdXNj\r\nZXJ0Lm9yZy5hdTBDBgNVHREEPDA6ghl0ZXN0LWFhZi1sb2dpbi51dHMuZWR1LmF1\r\ngh13d3cudGVzdC1hYWYtbG9naW4udXRzLmVkdS5hdTANBgkqhkiG9w0BAQUFAAOC\r\nAQEAGwtyqqgLAQmdebtPDBE0Dxwo/aJ4/0CzC8QfkPESusaWavxhr6m/i4s4R3Uk\r\nzZgEvKyuK2TRQHnh8InK+izs9NyNum0xMW7kMpx9LUqWywwNjol1gJf6acpDq5zz\r\nEJBa6Ivesmc1r0rpGZLqDVgYKnIEs0CAVIMqXGetgjYBGdVpyg5PJBsMIdLOvn6c\r\nUmNnf+WmGrCYF9AGw/Zm8TtBotqDA7ckibhwWFQqWlyTXGY9+LECYrqIh0bDsapL\r\n4hKppZ6DFTqQq7nPud5tohvRxxmVYQ3b6Kzj7lQnbImy/LDf1xuKLAwIwxTMwOMi\r\n8TDMdKATVG93I5d6ZKVg6j/IiA==','58:4D:24:1A:88:6C:10:BF:EF:63:F4:F7:E7:32:14:DB:EA:03:89:A1'),(206,'aa','MIIFTzCCBDegAwIBAgIQXa55P/DluuLJC8tnps9M0TANBgkqhkiG9w0BAQUFADBa\r\nMQswCQYDVQQGEwJBVTEQMA4GA1UEChMHQXVzQ0VSVDEdMBsGA1UECxMUQ2VydGlm\r\naWNhdGUgU2VydmljZXMxGjAYBgNVBAMTEUF1c0NFUlQgU2VydmVyIENBMB4XDTEw\r\nMDEyMDAwMDAwMFoXDTEzMDExOTIzNTk1OVowgcsxCzAJBgNVBAYTAkFVMQ0wCwYD\r\nVQQREwQyMDA3MQwwCgYDVQQIEwNOU1cxETAPBgNVBAcTCEJyb2Fkd2F5MRQwEgYD\r\nVQQJEwsxNSBCcm9hZHdheTEoMCYGA1UEChMfVW5pdmVyc2l0eSBvZiBUZWNobm9s\r\nb2d5IFN5ZG5leTEoMCYGA1UECxMfSW5mb3JtYXRpb24gVGVjaG5vbG9neSBEaXZp\r\nc2lvbjEiMCAGA1UEAxMZdGVzdC1hYWYtbG9naW4udXRzLmVkdS5hdTCCASIwDQYJ\r\nKoZIhvcNAQEBBQADggEPADCCAQoCggEBAMOW+YF7TaC6VRokD6haQtw1tfWk34RT\r\nqWbJqXksAnpIbGlYYLwKHNSwwlP1YqLE5NWdbKA6vrmaG7q0/PIYDKZSZ3/SGR2r\r\n/pfcRC+YMBwmHPKdAWgnhyrZLwJmzIb62m4q+e+6ATU05KlywKDk4N575YyNXhCx\r\nD5QUUQZyKn/5R0CgP4bilvQp4Rbc95Nujq7Wpre26lACSGIaN854zUvM915dNJWo\r\noS2WqPOUKRzgI08teQyftOWK8IHI6QTE1unysIudis6QEBUPVe9jhOnpWwq94dy7\r\nMy54hJuUrA7lCbgrfJl0vPjbpOgBEf13H/uh10/BX1JtWuFlYsWOrW8CAwEAAaOC\r\nAZ0wggGZMB8GA1UdIwQYMBaAFJRrI7km6oK0U2CdiV33AsTZKV3pMB0GA1UdDgQW\r\nBBR1Od5uth6fu3QGrpq4xFfCScrVGTAOBgNVHQ8BAf8EBAMCBaAwDAYDVR0TAQH/\r\nBAIwADAdBgNVHSUEFjAUBggrBgEFBQcDAQYIKwYBBQUHAwIwGQYDVR0gBBIwEDAO\r\nBgwrBgEEAYG3PQUBAQAwQQYDVR0fBDowODA2oDSgMoYwaHR0cDovL2NybC5jcy5h\r\ndXNjZXJ0Lm9yZy5hdS9BdXNDRVJUU2VydmVyQ0EuY3JsMHcGCCsGAQUFBwEBBGsw\r\naTA8BggrBgEFBQcwAoYwaHR0cDovL2NydC5jcy5hdXNjZXJ0Lm9yZy5hdS9BdXND\r\nRVJUU2VydmVyQ0EuY3J0MCkGCCsGAQUFBzABhh1odHRwOi8vb2NzcC5jcy5hdXNj\r\nZXJ0Lm9yZy5hdTBDBgNVHREEPDA6ghl0ZXN0LWFhZi1sb2dpbi51dHMuZWR1LmF1\r\ngh13d3cudGVzdC1hYWYtbG9naW4udXRzLmVkdS5hdTANBgkqhkiG9w0BAQUFAAOC\r\nAQEAGwtyqqgLAQmdebtPDBE0Dxwo/aJ4/0CzC8QfkPESusaWavxhr6m/i4s4R3Uk\r\nzZgEvKyuK2TRQHnh8InK+izs9NyNum0xMW7kMpx9LUqWywwNjol1gJf6acpDq5zz\r\nEJBa6Ivesmc1r0rpGZLqDVgYKnIEs0CAVIMqXGetgjYBGdVpyg5PJBsMIdLOvn6c\r\nUmNnf+WmGrCYF9AGw/Zm8TtBotqDA7ckibhwWFQqWlyTXGY9+LECYrqIh0bDsapL\r\n4hKppZ6DFTqQq7nPud5tohvRxxmVYQ3b6Kzj7lQnbImy/LDf1xuKLAwIwxTMwOMi\r\n8TDMdKATVG93I5d6ZKVg6j/IiA==','58:4D:24:1A:88:6C:10:BF:EF:63:F4:F7:E7:32:14:DB:EA:03:89:A1'),(212,'sso','MIIGpzCCBY+gAwIBAgIQARvziJ3ERgiWa//q3CqBwTANBgkqhkiG9w0BAQUFADBc\nMQswCQYDVQQGEwJVUzEVMBMGA1UEChMMRGlnaUNlcnQgSW5jMRkwFwYDVQQLExB3\nd3cuZGlnaWNlcnQuY29tMRswGQYDVQQDExJEaWdpQ2VydCBHbG9iYWwgQ0EwHhcN\nMDkwNTA4MDAwMDAwWhcNMTAwNjExMjM1OTU5WjB7MQswCQYDVQQGEwJBVTEMMAoG\nA1UECBMDUUxEMREwDwYDVQQHEwhCcmlzYmFuZTEXMBUGA1UEChMORG90U2VjIFB0\neSBMdGQxFTATBgNVBAsTDENLTiBTZXJ2aWNlczEbMBkGA1UEAxMSaWRwLmNrbi5k\nb3RzZWMuY29tMIIBIjANBgkqhkiG9w0BAQEFAAOCAQ8AMIIBCgKCAQEAm+lDu/1z\nkg0Py+btZIjvivGJF3f60Pq/X6ButgKlExk+omCWo7MkFHTGU3nZIY9h1dQcLCTc\neUWaGfBHr+EW0pPQma+++py3gYv1nbEgpTkDYPnfUV0r6h0aq9EyhryrfElCdlj6\nWpsn9aYwzNrjXLhLewe4N/doZ2DjqMN/0WN7DoSPFc/kUIXZrSEotRC4pHmF0Bly\nPIIeyYiL9XKkCNa98SjEakOB4A5QmHcCvkvQWRWU+L6CmUkpwJ6uy6L7/WYDrfKV\ntBYCevDkguw7SX+8uN1GlpUa/DryRwVnbLxpT9kUNWQZJunRZZtVHs7QySyK4H/Q\nlQSK5yVTS3PRtwIDAQABo4IDRDCCA0AwHwYDVR0jBBgwFoAUp8cToHoBPJ3vgkiC\nSNVzUbYSViowHQYDVR0OBBYEFLMkxkHYqLqI8M8OURsOtFjlriF5MHYGCCsGAQUF\nBwEBBGowaDAkBggrBgEFBQcwAYYYaHR0cDovL29jc3AuZGlnaWNlcnQuY29tMEAG\nCCsGAQUFBzAChjRodHRwOi8vd3d3LmRpZ2ljZXJ0LmNvbS9DQUNlcnRzL0RpZ2lD\nZXJ0R2xvYmFsQ0EuY3J0MA4GA1UdDwEB/wQEAwIFoDAMBgNVHRMBAf8EAjAAMH8G\nA1UdHwR4MHYwOaA3oDWGM2h0dHA6Ly9jcmwzLmRpZ2ljZXJ0LmNvbS9EaWdpQ2Vy\ndEdsb2JhbENBLTIwMDlkLmNybDA5oDegNYYzaHR0cDovL2NybDQuZGlnaWNlcnQu\nY29tL0RpZ2lDZXJ0R2xvYmFsQ0EtMjAwOWQuY3JsMIIBxgYDVR0gBIIBvTCCAbkw\nggG1BgtghkgBhv1sAQMAATCCAaQwOgYIKwYBBQUHAgEWLmh0dHA6Ly93d3cuZGln\naWNlcnQuY29tL3NzbC1jcHMtcmVwb3NpdG9yeS5odG0wggFkBggrBgEFBQcCAjCC\nAVYeggFSAEEAbgB5ACAAdQBzAGUAIABvAGYAIAB0AGgAaQBzACAAQwBlAHIAdABp\nAGYAaQBjAGEAdABlACAAYwBvAG4AcwB0AGkAdAB1AHQAZQBzACAAYQBjAGMAZQBw\nAHQAYQBuAGMAZQAgAG8AZgAgAHQAaABlACAARABpAGcAaQBDAGUAcgB0ACAAQwBQ\nAC8AQwBQAFMAIABhAG4AZAAgAHQAaABlACAAUgBlAGwAeQBpAG4AZwAgAFAAYQBy\nAHQAeQAgAEEAZwByAGUAZQBtAGUAbgB0ACAAdwBoAGkAYwBoACAAbABpAG0AaQB0\nACAAbABpAGEAYgBpAGwAaQB0AHkAIABhAG4AZAAgAGEAcgBlACAAaQBuAGMAbwBy\nAHAAbwByAGEAdABlAGQAIABoAGUAcgBlAGkAbgAgAGIAeQAgAHIAZQBmAGUAcgBl\nAG4AYwBlAC4wHQYDVR0lBBYwFAYIKwYBBQUHAwEGCCsGAQUFBwMCMA0GCSqGSIb3\nDQEBBQUAA4IBAQBkV01j7AX9V9g5tM2fBxAR+rl+JQskp+k2TPWvXYK33axT+jpR\nqJPPq9BOrWz1zvpgRQdH9R0zP0VpH2Pn6BlFt5tWsMJHS84wPoI8UrrejPSLL1kS\ns+Ylga4Vlpioi3+enBcT9PmVm+qjdpTcTtyaetl+8tvn0mk7ThKwv6Zh8CIhb105\nkuTr3JT9sT9P1wlTglKCI5eUKx8van74CRRc/mdAO82Oz9Wv/wmzEH5GDQkkJqAS\nBL+dHhkMnc4j8lhsaefiyaabYSJmBIc+SqFWngb+D2VAdtgHliER2EnJdjy8/xgw\nCk6C1N4XsJj+FOUmPYM2fnSixU7CqsIeI42w','52:53:57:00:39:EB:81:98:56:C8:8A:35:7E:53:A6:C1:59:0A:2C:9A'),(212,'aa','MIIGpzCCBY+gAwIBAgIQARvziJ3ERgiWa//q3CqBwTANBgkqhkiG9w0BAQUFADBc\nMQswCQYDVQQGEwJVUzEVMBMGA1UEChMMRGlnaUNlcnQgSW5jMRkwFwYDVQQLExB3\nd3cuZGlnaWNlcnQuY29tMRswGQYDVQQDExJEaWdpQ2VydCBHbG9iYWwgQ0EwHhcN\nMDkwNTA4MDAwMDAwWhcNMTAwNjExMjM1OTU5WjB7MQswCQYDVQQGEwJBVTEMMAoG\nA1UECBMDUUxEMREwDwYDVQQHEwhCcmlzYmFuZTEXMBUGA1UEChMORG90U2VjIFB0\neSBMdGQxFTATBgNVBAsTDENLTiBTZXJ2aWNlczEbMBkGA1UEAxMSaWRwLmNrbi5k\nb3RzZWMuY29tMIIBIjANBgkqhkiG9w0BAQEFAAOCAQ8AMIIBCgKCAQEAm+lDu/1z\nkg0Py+btZIjvivGJF3f60Pq/X6ButgKlExk+omCWo7MkFHTGU3nZIY9h1dQcLCTc\neUWaGfBHr+EW0pPQma+++py3gYv1nbEgpTkDYPnfUV0r6h0aq9EyhryrfElCdlj6\nWpsn9aYwzNrjXLhLewe4N/doZ2DjqMN/0WN7DoSPFc/kUIXZrSEotRC4pHmF0Bly\nPIIeyYiL9XKkCNa98SjEakOB4A5QmHcCvkvQWRWU+L6CmUkpwJ6uy6L7/WYDrfKV\ntBYCevDkguw7SX+8uN1GlpUa/DryRwVnbLxpT9kUNWQZJunRZZtVHs7QySyK4H/Q\nlQSK5yVTS3PRtwIDAQABo4IDRDCCA0AwHwYDVR0jBBgwFoAUp8cToHoBPJ3vgkiC\nSNVzUbYSViowHQYDVR0OBBYEFLMkxkHYqLqI8M8OURsOtFjlriF5MHYGCCsGAQUF\nBwEBBGowaDAkBggrBgEFBQcwAYYYaHR0cDovL29jc3AuZGlnaWNlcnQuY29tMEAG\nCCsGAQUFBzAChjRodHRwOi8vd3d3LmRpZ2ljZXJ0LmNvbS9DQUNlcnRzL0RpZ2lD\nZXJ0R2xvYmFsQ0EuY3J0MA4GA1UdDwEB/wQEAwIFoDAMBgNVHRMBAf8EAjAAMH8G\nA1UdHwR4MHYwOaA3oDWGM2h0dHA6Ly9jcmwzLmRpZ2ljZXJ0LmNvbS9EaWdpQ2Vy\ndEdsb2JhbENBLTIwMDlkLmNybDA5oDegNYYzaHR0cDovL2NybDQuZGlnaWNlcnQu\nY29tL0RpZ2lDZXJ0R2xvYmFsQ0EtMjAwOWQuY3JsMIIBxgYDVR0gBIIBvTCCAbkw\nggG1BgtghkgBhv1sAQMAATCCAaQwOgYIKwYBBQUHAgEWLmh0dHA6Ly93d3cuZGln\naWNlcnQuY29tL3NzbC1jcHMtcmVwb3NpdG9yeS5odG0wggFkBggrBgEFBQcCAjCC\nAVYeggFSAEEAbgB5ACAAdQBzAGUAIABvAGYAIAB0AGgAaQBzACAAQwBlAHIAdABp\nAGYAaQBjAGEAdABlACAAYwBvAG4AcwB0AGkAdAB1AHQAZQBzACAAYQBjAGMAZQBw\nAHQAYQBuAGMAZQAgAG8AZgAgAHQAaABlACAARABpAGcAaQBDAGUAcgB0ACAAQwBQ\nAC8AQwBQAFMAIABhAG4AZAAgAHQAaABlACAAUgBlAGwAeQBpAG4AZwAgAFAAYQBy\nAHQAeQAgAEEAZwByAGUAZQBtAGUAbgB0ACAAdwBoAGkAYwBoACAAbABpAG0AaQB0\nACAAbABpAGEAYgBpAGwAaQB0AHkAIABhAG4AZAAgAGEAcgBlACAAaQBuAGMAbwBy\nAHAAbwByAGEAdABlAGQAIABoAGUAcgBlAGkAbgAgAGIAeQAgAHIAZQBmAGUAcgBl\nAG4AYwBlAC4wHQYDVR0lBBYwFAYIKwYBBQUHAwEGCCsGAQUFBwMCMA0GCSqGSIb3\nDQEBBQUAA4IBAQBkV01j7AX9V9g5tM2fBxAR+rl+JQskp+k2TPWvXYK33axT+jpR\nqJPPq9BOrWz1zvpgRQdH9R0zP0VpH2Pn6BlFt5tWsMJHS84wPoI8UrrejPSLL1kS\ns+Ylga4Vlpioi3+enBcT9PmVm+qjdpTcTtyaetl+8tvn0mk7ThKwv6Zh8CIhb105\nkuTr3JT9sT9P1wlTglKCI5eUKx8van74CRRc/mdAO82Oz9Wv/wmzEH5GDQkkJqAS\nBL+dHhkMnc4j8lhsaefiyaabYSJmBIc+SqFWngb+D2VAdtgHliER2EnJdjy8/xgw\nCk6C1N4XsJj+FOUmPYM2fnSixU7CqsIeI42w','52:53:57:00:39:EB:81:98:56:C8:8A:35:7E:53:A6:C1:59:0A:2C:9A'),(0,'issuingca','MIIE2DCCBEGgAwIBAgIEN0rSQzANBgkqhkiG9w0BAQUFADCBwzELMAkGA1UEBhMC\nVVMxFDASBgNVBAoTC0VudHJ1c3QubmV0MTswOQYDVQQLEzJ3d3cuZW50cnVzdC5u\nZXQvQ1BTIGluY29ycC4gYnkgcmVmLiAobGltaXRzIGxpYWIuKTElMCMGA1UECxMc\nKGMpIDE5OTkgRW50cnVzdC5uZXQgTGltaXRlZDE6MDgGA1UEAxMxRW50cnVzdC5u\nZXQgU2VjdXJlIFNlcnZlciBDZXJ0aWZpY2F0aW9uIEF1dGhvcml0eTAeFw05OTA1\nMjUxNjA5NDBaFw0xOTA1MjUxNjM5NDBaMIHDMQswCQYDVQQGEwJVUzEUMBIGA1UE\nChMLRW50cnVzdC5uZXQxOzA5BgNVBAsTMnd3dy5lbnRydXN0Lm5ldC9DUFMgaW5j\nb3JwLiBieSByZWYuIChsaW1pdHMgbGlhYi4pMSUwIwYDVQQLExwoYykgMTk5OSBF\nbnRydXN0Lm5ldCBMaW1pdGVkMTowOAYDVQQDEzFFbnRydXN0Lm5ldCBTZWN1cmUg\nU2VydmVyIENlcnRpZmljYXRpb24gQXV0aG9yaXR5MIGdMA0GCSqGSIb3DQEBAQUA\nA4GLADCBhwKBgQDNKIM0VBuJ8w+vN5Ex/68xYMmo6LIQaO2f55M28Qpku0f1BBc/\nI0dNxScZgSYMVHINiC3ZH5oSn7yzcdOAGT9HZnuMNSjSuQrfJNqc1lB5gXpa0zf3\nwkrYKZImZNHkmGw6AIr1NJtl+O3jEP/9uElY3KDegjlrgbEWGWG5VLbmQwIBA6OC\nAdcwggHTMBEGCWCGSAGG+EIBAQQEAwIABzCCARkGA1UdHwSCARAwggEMMIHeoIHb\noIHYpIHVMIHSMQswCQYDVQQGEwJVUzEUMBIGA1UEChMLRW50cnVzdC5uZXQxOzA5\nBgNVBAsTMnd3dy5lbnRydXN0Lm5ldC9DUFMgaW5jb3JwLiBieSByZWYuIChsaW1p\ndHMgbGlhYi4pMSUwIwYDVQQLExwoYykgMTk5OSBFbnRydXN0Lm5ldCBMaW1pdGVk\nMTowOAYDVQQDEzFFbnRydXN0Lm5ldCBTZWN1cmUgU2VydmVyIENlcnRpZmljYXRp\nb24gQXV0aG9yaXR5MQ0wCwYDVQQDEwRDUkwxMCmgJ6AlhiNodHRwOi8vd3d3LmVu\ndHJ1c3QubmV0L0NSTC9uZXQxLmNybDArBgNVHRAEJDAigA8xOTk5MDUyNTE2MDk0\nMFqBDzIwMTkwNTI1MTYwOTQwWjALBgNVHQ8EBAMCAQYwHwYDVR0jBBgwFoAU8Bdi\nE1U9s/8KAGv7UISX8+1i0BowHQYDVR0OBBYEFPAXYhNVPbP/CgBr+1CEl/PtYtAa\nMAwGA1UdEwQFMAMBAf8wGQYJKoZIhvZ9B0EABAwwChsEVjQuMAMCBJAwDQYJKoZI\nhvcNAQEFBQADgYEAkNwwAvpkdMKnCqV8IY00F6j7Rw7/JXyNEwr75Ji174z4xRAN\n95K+8cPV1ZVqBLssziY2ZcgxxufuP+NXdYR6Ee9GTxj005i7qIcyunL2POI9n9cd\n2cNgQ4xYDiKWL2KjLB+6rQXvqzJ4h6BUcxm1XAX5Uj5tLUUL9wqT6u0G+bI=','99:A6:9B:E6:1A:FE:88:6B:4D:2B:82:00:7C:B8:54:FC:31:7E:15:39'),(0,'issuingca','MIIGJDCCBY2gAwIBAgIEQoaroDANBgkqhkiG9w0BAQUFADCBwzELMAkGA1UEBhMC\nVVMxFDASBgNVBAoTC0VudHJ1c3QubmV0MTswOQYDVQQLEzJ3d3cuZW50cnVzdC5u\nZXQvQ1BTIGluY29ycC4gYnkgcmVmLiAobGltaXRzIGxpYWIuKTElMCMGA1UECxMc\nKGMpIDE5OTkgRW50cnVzdC5uZXQgTGltaXRlZDE6MDgGA1UEAxMxRW50cnVzdC5u\nZXQgU2VjdXJlIFNlcnZlciBDZXJ0aWZpY2F0aW9uIEF1dGhvcml0eTAeFw0wNjA3\nMTQxNzEwMjhaFw0xNDA3MTQxNzQwMjhaMFwxCzAJBgNVBAYTAlVTMRUwEwYDVQQK\nEwxEaWdpQ2VydCBJbmMxGTAXBgNVBAsTEHd3dy5kaWdpY2VydC5jb20xGzAZBgNV\nBAMTEkRpZ2lDZXJ0IEdsb2JhbCBDQTCCASIwDQYJKoZIhvcNAQEBBQADggEPADCC\nAQoCggEBAMQ8vMy66mLmnkIjr7SyEa5ijdmh04/MFHIZ7Zn2/d5du1nAsMKvaplS\nlVcLNf/hhvqvosPBBWUnIHYvClQlfOor3ZVBV5sPO89H6AEGjMVESPwHLvNygzBR\nlJ5pOoOph5AU2V7EoniPwT7UGWEOGufcGpUgQb5vF9q4HEHumLD61x01PxanBCgT\nXT0FdZouhp4ssBeHIFhX7+HqVWC4LHAhrCljDBD8YLz51Rw3ZNW0+x6rJjlGiKTL\nzTBnwCZ55cpo+SLX5dKxu0hMmwuYW0KS5dLtDkcw+t0nVmNqpQHHjq/wTjsbVRVE\n1T5NVx7hkeq4oI/OOmNflom6CD7+RLsCAwEAAaOCAwUwggMBMBIGA1UdEwEB/wQI\nMAYBAf8CAQAwggEyBgNVHSAEggEpMIIBJTCCASEGCSqGSIb2fQdLAjCCARIwJgYI\nKwYBBQUHAgEWGmh0dHA6Ly93d3cuZW50cnVzdC5uZXQvY3BzMIHnBggrBgEFBQcC\nAjCB2hqB10ZvciB1c2Ugc29sZWx5IHdpdGggU1NMIGFuZCBTL01JTUUgY2VydGlm\naWNhdGVzIGlzc3VlZCBieSBEaWdpY2VydCwgSW5jLiB0byBhdXRob3JpemVkIHN1\nYnNjcmliZXJzLg0KRE9FUyBOT1QgcmVwcmVzZW50IGFueSBlbmRvcnNlbWVudCBi\neSBFbnRydXN0IEluYy4gb3IgaXRzIGFmZmlsaWF0ZXMgYXMgdG8gdGhlIGlkZW50\naXR5IG9mIGFueSBjZXJ0aWZpY2F0ZSBob2xkZXIuMDEGA1UdJQQqMCgGCCsGAQUF\nBwMBBggrBgEFBQcDAgYIKwYBBQUHAwQGCCsGAQUFBwMJMIIBGAYDVR0fBIIBDzCC\nAQswKKAmoCSGImh0dHA6Ly9jcmwuZW50cnVzdC5uZXQvc2VydmVyMS5jcmwwgd6g\ngduggdikgdUwgdIxCzAJBgNVBAYTAlVTMRQwEgYDVQQKEwtFbnRydXN0Lm5ldDE7\nMDkGA1UECxMyd3d3LmVudHJ1c3QubmV0L0NQUyBpbmNvcnAuIGJ5IHJlZi4gKGxp\nbWl0cyBsaWFiLikxJTAjBgNVBAsTHChjKSAxOTk5IEVudHJ1c3QubmV0IExpbWl0\nZWQxOjA4BgNVBAMTMUVudHJ1c3QubmV0IFNlY3VyZSBTZXJ2ZXIgQ2VydGlmaWNh\ndGlvbiBBdXRob3JpdHkxDTALBgNVBAMTBENSTDEwCwYDVR0PBAQDAgEGMB8GA1Ud\nIwQYMBaAFPAXYhNVPbP/CgBr+1CEl/PtYtAaMB0GA1UdDgQWBBSnxxOgegE8ne+C\nSIJI1XNRthJWKjAZBgkqhkiG9n0HQQAEDDAKGwRWNy4xAwIAgTANBgkqhkiG9w0B\nAQUFAAOBgQBK8bPOaGnjWKNh7bYWyJOxGDA+4HLfTz3iTeG4/D/ByeNFqV2pwdqj\n5TbXjtYPrTavbLxE5ppGlKYRoNBS59pVsPYchftjUnu2mY8f4stHZKLrCGXmUdsc\nS21/U58eDTGT1DBdHm4BBydgXbvT9ONsHSAPdSozEKe3idepFxQyAw==','25:B7:8E:B9:36:A4:00:CE:34:13:1D:9A:6D:E8:BE:A0:4B:34:76:07'),(215,'aa','MIIDdDCCAlygAwIBAgIJAMY04rn+yxC4MA0GCSqGSIb3DQEBBQUAMCUxIzAhBgNV\nBAMTGmxvZ2luLWlkcC1kZXYudW5pc2EuZWR1LmF1MB4XDTEwMDMwMjAxMTE0MVoX\nDTIwMDIyODAxMTE0MVowJTEjMCEGA1UEAxMabG9naW4taWRwLWRldi51bmlzYS5l\nZHUuYXUwggEiMA0GCSqGSIb3DQEBAQUAA4IBDwAwggEKAoIBAQCvxE92WJdRwbhE\nSarat5tANcw7lUmsdhlF47pmioe7JEMIuGOZHfLSHkfamvLnupbfFaLxirwcuGib\n/6CjhOdKJVhzT0oVuT8XHsAt2CeOp3AiS0PyuJTw10bjHrBk3g6fZRKvF54WqYfy\njSerVV1qSYQCfOLKvKIPPPs7a9bLyD01poRW/4LRuMcIPwxI84yi/0tmKjMpzacG\nTF2ZoLY7NtvymguA5dpTq/AAnXfdS1/utPQJIJL8UwiHJMRPKBvTLxg33qWU3dPu\ncDUiFF5sMEFXoh9bs/oDtv6ALdhAVNm2WUs1B6c7VxLBWNj0H9Wgm38FLeHPHHfn\nriYbLTULAgMBAAGjgaYwgaMwgYEGA1UdEQR6MHiCGmxvZ2luLWlkcC1kZXYudW5p\nc2EuZWR1LmF1hjFodHRwczovL2xvZ2luLWlkcC1kZXYudW5pc2EuZWR1LmF1L2lk\ncC9zaGliYm9sZXRohidodHRwczovL3VuaXNhLmVkdS5hdS9pZHAtZGV2L3NoaWJi\nb2xldGgwHQYDVR0OBBYEFJogQ5rhm91LWYWf6t+PEk+e0cVmMA0GCSqGSIb3DQEB\nBQUAA4IBAQCUHruvqAp1VO6X5H/MykRmaBPGrnbMprnB7cjUb3A13nfE2TWFn/WC\nLu8BvBALr5/fm+jv2MU95mLdGieIDgHJva0w4j0Keut3GqWYKNSQYNX9aKscLKrB\nGJBepfrWevmJ9lOscJgRKs+H9GQTtzwaoBUKGH/7v7GAKdjNRA7Z/e+7Lf5epzCg\nQAAvunLWhxeT3oIAVSSO0o4CejQL5VwNMJnb3qKPE0lb1F4P/d7ETnBp+bgxvbw5\nSQ8vmYJaEWiS7w+yvZ4T/NQc2eCJzgUGhHSx5gjZJ7AlPx01MCIedpGw9ahTfkoo\nHwP4ICMapLXVx5mNC9+ci5Lw6Nz0UB+6','37:EF:FF:6F:CB:3D:00:76:59:17:79:81:09:6C:1B:A1:32:A2:40:63'),(215,'sso','MIIDdDCCAlygAwIBAgIJAMY04rn+yxC4MA0GCSqGSIb3DQEBBQUAMCUxIzAhBgNV\nBAMTGmxvZ2luLWlkcC1kZXYudW5pc2EuZWR1LmF1MB4XDTEwMDMwMjAxMTE0MVoX\nDTIwMDIyODAxMTE0MVowJTEjMCEGA1UEAxMabG9naW4taWRwLWRldi51bmlzYS5l\nZHUuYXUwggEiMA0GCSqGSIb3DQEBAQUAA4IBDwAwggEKAoIBAQCvxE92WJdRwbhE\nSarat5tANcw7lUmsdhlF47pmioe7JEMIuGOZHfLSHkfamvLnupbfFaLxirwcuGib\n/6CjhOdKJVhzT0oVuT8XHsAt2CeOp3AiS0PyuJTw10bjHrBk3g6fZRKvF54WqYfy\njSerVV1qSYQCfOLKvKIPPPs7a9bLyD01poRW/4LRuMcIPwxI84yi/0tmKjMpzacG\nTF2ZoLY7NtvymguA5dpTq/AAnXfdS1/utPQJIJL8UwiHJMRPKBvTLxg33qWU3dPu\ncDUiFF5sMEFXoh9bs/oDtv6ALdhAVNm2WUs1B6c7VxLBWNj0H9Wgm38FLeHPHHfn\nriYbLTULAgMBAAGjgaYwgaMwgYEGA1UdEQR6MHiCGmxvZ2luLWlkcC1kZXYudW5p\nc2EuZWR1LmF1hjFodHRwczovL2xvZ2luLWlkcC1kZXYudW5pc2EuZWR1LmF1L2lk\ncC9zaGliYm9sZXRohidodHRwczovL3VuaXNhLmVkdS5hdS9pZHAtZGV2L3NoaWJi\nb2xldGgwHQYDVR0OBBYEFJogQ5rhm91LWYWf6t+PEk+e0cVmMA0GCSqGSIb3DQEB\nBQUAA4IBAQCUHruvqAp1VO6X5H/MykRmaBPGrnbMprnB7cjUb3A13nfE2TWFn/WC\nLu8BvBALr5/fm+jv2MU95mLdGieIDgHJva0w4j0Keut3GqWYKNSQYNX9aKscLKrB\nGJBepfrWevmJ9lOscJgRKs+H9GQTtzwaoBUKGH/7v7GAKdjNRA7Z/e+7Lf5epzCg\nQAAvunLWhxeT3oIAVSSO0o4CejQL5VwNMJnb3qKPE0lb1F4P/d7ETnBp+bgxvbw5\nSQ8vmYJaEWiS7w+yvZ4T/NQc2eCJzgUGhHSx5gjZJ7AlPx01MCIedpGw9ahTfkoo\nHwP4ICMapLXVx5mNC9+ci5Lw6Nz0UB+6','37:EF:FF:6F:CB:3D:00:76:59:17:79:81:09:6C:1B:A1:32:A2:40:63'),(0,'issuingca','MIIE6TCCA9GgAwIBAgIQD0X0AesgqBmYLaiwRfo0MjANBgkqhkiG9w0BAQUFADCB\nkzELMAkGA1UEBhMCVVMxCzAJBgNVBAgTAlVUMRcwFQYDVQQHEw5TYWx0IExha2Ug\nQ2l0eTEeMBwGA1UEChMVVGhlIFVTRVJUUlVTVCBOZXR3b3JrMSEwHwYDVQQLExho\ndHRwOi8vd3d3LnVzZXJ0cnVzdC5jb20xGzAZBgNVBAMTElVUTiAtIERBVEFDb3Jw\nIFNHQzAeFw0wOTEwMDgwMDAwMDBaFw0yMDA1MzAxMDQ4MzhaMF4xCzAJBgNVBAYT\nAkFVMRAwDgYDVQQKEwdBdXNDRVJUMR0wGwYDVQQLExRDZXJ0aWZpY2F0ZSBTZXJ2\naWNlczEeMBwGA1UEAxMVQXVzQ0VSVCBTR0MgU2VydmVyIENBMIIBIjANBgkqhkiG\n9w0BAQEFAAOCAQ8AMIIBCgKCAQEA2bS92oiPMQXHTRQ/DEwIDHoN0hjT0PCPsojK\nM4ew+EIJ0DgvlxmSJMPhyZk8EabhLpz/jjy323+OjvGTvwX0igbAJdqFbebTmYB+\ntgeDYImFZjjQKhBsh622T+zIrseiqmWEXOkEq8m0Uuc2aARNIUO5AGuhqwV7ANY6\nx6tlAiGb6jkqRDDOvUET7aBFAqywjvvO7leT8DOtiVBgaKwHrfPrNa3SSkGiREIH\nL5NQiiMPqBxm7exVhqR4CgdkM6JaMd0+V8xgcVciy3KsNJGkgD1y+rMGMGl244Ky\nt8TPDpFAqxOL1X9eN9SUoKTWe1VPM12KkLIeIv8ztzP0Mg8otwIDAQABo4IBazCC\nAWcwHwYDVR0jBBgwFoAUUzLRs89/+uDxoF2FTpLSnkUdtE8wHQYDVR0OBBYEFBYP\nHJ1Pbkki3jPNMos0CnbbrQY1MA4GA1UdDwEB/wQEAwIBBjASBgNVHRMBAf8ECDAG\nAQH/AgEAMDQGA1UdJQQtMCsGCCsGAQUFBwMBBggrBgEFBQcDAgYKKwYBBAGCNwoD\nAwYJYIZIAYb4QgQBMBkGA1UdIAQSMBAwDgYMKwYBBAGBtz0FAQEAMD0GA1UdHwQ2\nMDQwMqAwoC6GLGh0dHA6Ly9jcmwudXNlcnRydXN0LmNvbS9VVE4tREFUQUNvcnBT\nR0MuY3JsMHEGCCsGAQUFBwEBBGUwYzA6BggrBgEFBQcwAoYuaHR0cDovL2NydC51\nc2VydHJ1c3QuY29tL1VUTkFkZFRydXN0U0dDX0NBLmNydDAlBggrBgEFBQcwAYYZ\naHR0cDovL29jc3AudXNlcnRydXN0LmNvbTANBgkqhkiG9w0BAQUFAAOCAQEABQPN\nbzuVoN6vzsjEJAbAhOX1smQY3lMzco1nNeiK5tVH373DXCYtZb1/MzUTrX0qYOWb\nVFixm5/eqUGBaN31TJje3Tk+qbtMrfaaYBFH3W1PzaW5mVqJ+D7OeleyzAmxzWdO\nBeuhybZUo3Ut5aOR0oKEzeCPXR7ZY7vw8iy7rXNj3xIYDzhe9NcI1pLEf5U1b9a/\nP81Xt5QUFjE2Gja+SSStwNTc4cAXpNAVZwZDFnhl/ybpclQwKC0o2NtcitFln5XJ\nlGoDi82m/ytVDnmLLLeAjwoRoy5cRJjvrc6Raodqs1tspauEjWrp0i9uV1MhzKeU\nOa6Ta6YZeFWhGxyJrg==','C1:66:97:49:3E:84:F9:50:8E:A9:58:A8:09:44:BC:8C:14:A4:A7:E4'),(221,'aa','MIIFRzCCBC+gAwIBAgIQUHWo7N4P1rfNPJw7E6szWDANBgkqhkiG9w0BAQUFADBe\r\nMQswCQYDVQQGEwJBVTEQMA4GA1UEChMHQXVzQ0VSVDEdMBsGA1UECxMUQ2VydGlm\r\naWNhdGUgU2VydmljZXMxHjAcBgNVBAMTFUF1c0NFUlQgU0dDIFNlcnZlciBDQTAe\r\nFw0xMDAzMDMwMDAwMDBaFw0xMzAzMDIyMzU5NTlaMIG/MQswCQYDVQQGEwJBVTEN\r\nMAsGA1UEERMENjAwOTEaMBgGA1UECBMRV2VzdGVybiBBdXN0cmFsaWExDjAMBgNV\r\nBAcTBVBlcnRoMRwwGgYDVQQJExMzNSBTdGlybGluZyBIaWdod2F5MSgwJgYDVQQK\r\nEx9Vbml2ZXJzaXR5IG9mIFdlc3Rlcm4gQXVzdHJhbGlhMQwwCgYDVQQLEwNJVFMx\r\nHzAdBgNVBAMTFmlkcC1kZXYuaXRzLnV3YS5lZHUuYXUwggEiMA0GCSqGSIb3DQEB\r\nAQUAA4IBDwAwggEKAoIBAQCVns0rPfYWXHm8oi1HMaGu41lUR+4jHiNO0umfaZE5\r\n0E4PyXRzddQJPRw8EhDvhSx4jv8O6XJLNzVMfFa41XDrLGhWN5T6fMYk/3zQ2YGI\r\nfXUps4uDpr3f3jovkwG1WdqM+euutF/NoR5bWoFtVi+QKGfaGbmXk3j/k1x0RTOP\r\nujZIYLzgzoIl9vKJIUOp89aczMEhjQddpAOYVeh8cLEWUcfeawJnF8uDJjadWjYZ\r\nIiHOEyl7karxoochnA2fg1BMggH0VSVpSUtBUdg/gT4qXpx+jRo3Ccmow+uwvyZA\r\nng9izIbdzNh69X0VSGO4LTUTkiMDszeKyISLEPQ1HYr9AgMBAAGjggGdMIIBmTAf\r\nBgNVHSMEGDAWgBQWDxydT25JIt4zzTKLNAp2260GNTAdBgNVHQ4EFgQUbJ13Mz8J\r\n5QGeOL4g6MYKqJZ2e0UwDgYDVR0PAQH/BAQDAgWgMAwGA1UdEwEB/wQCMAAwHQYD\r\nVR0lBBYwFAYIKwYBBQUHAwEGCCsGAQUFBwMCMBkGA1UdIAQSMBAwDgYMKwYBBAGB\r\ntz0FAQEAMEQGA1UdHwQ9MDswOaA3oDWGM2h0dHA6Ly9jcmwuY3MuYXVzY2VydC5v\r\ncmcuYXUvQXVzQ0VSVFNHQ1NlcnZlckNBLmNybDB6BggrBgEFBQcBAQRuMGwwPwYI\r\nKwYBBQUHMAKGM2h0dHA6Ly9jcnQuY3MuYXVzY2VydC5vcmcuYXUvQXVzQ0VSVFNH\r\nQ1NlcnZlckNBLmNydDApBggrBgEFBQcwAYYdaHR0cDovL29jc3AuY3MuYXVzY2Vy\r\ndC5vcmcuYXUwPQYDVR0RBDYwNIIWaWRwLWRldi5pdHMudXdhLmVkdS5hdYIad3d3\r\nLmlkcC1kZXYuaXRzLnV3YS5lZHUuYXUwDQYJKoZIhvcNAQEFBQADggEBAFiaIDci\r\nyXPU79u5oek1j19rG5l4x45O5rXKheTM3I1cwT8kRP9FQbhIzunz2L79jj4RvhbO\r\n2DFk6q+0xJhCS5IpUV2RYZv5V8f9rPFykCW9i6B5vnduBleeSsN8c7YLGlsggKI1\r\n90kPFZujPPb5e19SJSW1RNW2WtYF8YZOzArqA7b10Wmt0/aaHA4Jd9DtUvunP+QK\r\nzVcO59xFSwx9HV6y/jvp9fkJf/oETHjhhPCv8+c0u8tUHtqWgg/zBMI4b6v1sDgm\r\n89rAsyv8o2amgGe6lwwW3RYeBlx14D3DXTGLJKlrg+ubMuily3Q7GSgkgYux0kFt\r\neGIXr4bOH2QLF+c=','91:90:D6:E0:7A:A0:83:34:1B:48:6D:85:E0:7C:C6:F4:06:30:9C:F7'),(221,'sso','MIIFRzCCBC+gAwIBAgIQUHWo7N4P1rfNPJw7E6szWDANBgkqhkiG9w0BAQUFADBe\r\nMQswCQYDVQQGEwJBVTEQMA4GA1UEChMHQXVzQ0VSVDEdMBsGA1UECxMUQ2VydGlm\r\naWNhdGUgU2VydmljZXMxHjAcBgNVBAMTFUF1c0NFUlQgU0dDIFNlcnZlciBDQTAe\r\nFw0xMDAzMDMwMDAwMDBaFw0xMzAzMDIyMzU5NTlaMIG/MQswCQYDVQQGEwJBVTEN\r\nMAsGA1UEERMENjAwOTEaMBgGA1UECBMRV2VzdGVybiBBdXN0cmFsaWExDjAMBgNV\r\nBAcTBVBlcnRoMRwwGgYDVQQJExMzNSBTdGlybGluZyBIaWdod2F5MSgwJgYDVQQK\r\nEx9Vbml2ZXJzaXR5IG9mIFdlc3Rlcm4gQXVzdHJhbGlhMQwwCgYDVQQLEwNJVFMx\r\nHzAdBgNVBAMTFmlkcC1kZXYuaXRzLnV3YS5lZHUuYXUwggEiMA0GCSqGSIb3DQEB\r\nAQUAA4IBDwAwggEKAoIBAQCVns0rPfYWXHm8oi1HMaGu41lUR+4jHiNO0umfaZE5\r\n0E4PyXRzddQJPRw8EhDvhSx4jv8O6XJLNzVMfFa41XDrLGhWN5T6fMYk/3zQ2YGI\r\nfXUps4uDpr3f3jovkwG1WdqM+euutF/NoR5bWoFtVi+QKGfaGbmXk3j/k1x0RTOP\r\nujZIYLzgzoIl9vKJIUOp89aczMEhjQddpAOYVeh8cLEWUcfeawJnF8uDJjadWjYZ\r\nIiHOEyl7karxoochnA2fg1BMggH0VSVpSUtBUdg/gT4qXpx+jRo3Ccmow+uwvyZA\r\nng9izIbdzNh69X0VSGO4LTUTkiMDszeKyISLEPQ1HYr9AgMBAAGjggGdMIIBmTAf\r\nBgNVHSMEGDAWgBQWDxydT25JIt4zzTKLNAp2260GNTAdBgNVHQ4EFgQUbJ13Mz8J\r\n5QGeOL4g6MYKqJZ2e0UwDgYDVR0PAQH/BAQDAgWgMAwGA1UdEwEB/wQCMAAwHQYD\r\nVR0lBBYwFAYIKwYBBQUHAwEGCCsGAQUFBwMCMBkGA1UdIAQSMBAwDgYMKwYBBAGB\r\ntz0FAQEAMEQGA1UdHwQ9MDswOaA3oDWGM2h0dHA6Ly9jcmwuY3MuYXVzY2VydC5v\r\ncmcuYXUvQXVzQ0VSVFNHQ1NlcnZlckNBLmNybDB6BggrBgEFBQcBAQRuMGwwPwYI\r\nKwYBBQUHMAKGM2h0dHA6Ly9jcnQuY3MuYXVzY2VydC5vcmcuYXUvQXVzQ0VSVFNH\r\nQ1NlcnZlckNBLmNydDApBggrBgEFBQcwAYYdaHR0cDovL29jc3AuY3MuYXVzY2Vy\r\ndC5vcmcuYXUwPQYDVR0RBDYwNIIWaWRwLWRldi5pdHMudXdhLmVkdS5hdYIad3d3\r\nLmlkcC1kZXYuaXRzLnV3YS5lZHUuYXUwDQYJKoZIhvcNAQEFBQADggEBAFiaIDci\r\nyXPU79u5oek1j19rG5l4x45O5rXKheTM3I1cwT8kRP9FQbhIzunz2L79jj4RvhbO\r\n2DFk6q+0xJhCS5IpUV2RYZv5V8f9rPFykCW9i6B5vnduBleeSsN8c7YLGlsggKI1\r\n90kPFZujPPb5e19SJSW1RNW2WtYF8YZOzArqA7b10Wmt0/aaHA4Jd9DtUvunP+QK\r\nzVcO59xFSwx9HV6y/jvp9fkJf/oETHjhhPCv8+c0u8tUHtqWgg/zBMI4b6v1sDgm\r\n89rAsyv8o2amgGe6lwwW3RYeBlx14D3DXTGLJKlrg+ubMuily3Q7GSgkgYux0kFt\r\neGIXr4bOH2QLF+c=','91:90:D6:E0:7A:A0:83:34:1B:48:6D:85:E0:7C:C6:F4:06:30:9C:F7'),(227,'aa','MIIDODCCAiCgAwIBAgIVANI6z4eL0rLt7eslNaNjM8rsHEZxMA0GCSqGSIb3DQEB\r\nBQUAMB4xHDAaBgNVBAMTE2FhZmlkcDJ4LmFhZi5lZHUuYXUwHhcNMTAwMzIzMDQz\r\nNDEwWhcNMzAwMzIzMDQzNDEwWjAeMRwwGgYDVQQDExNhYWZpZHAyeC5hYWYuZWR1\r\nLmF1MIIBIjANBgkqhkiG9w0BAQEFAAOCAQ8AMIIBCgKCAQEAmhyARf0pD3k0cJ4j\r\n251xERNKJQic7n4WsJY1C5cpCR4z0Ru0AJ0Y0jQNifHlUtqLP0GItGtI5IqYQENl\r\nwtlRd0sTEFYiCj9AEJ2eU4TGYBTcWuwr6d60YtkxxnHh1iD1EME0UG79LgTCQ9Cd\r\nLjS6LD/rguW+a9WyRBjp+mE/lzNjEG7v5ScbIT3xTlT38k+tm2eZEUxBi1zdlCTv\r\nZWBNomsmiSDMrb8DWx5QE0Km2ad/3WhaTY8CvVUVIJ/xD96WrjuYm7MQYB3ME5hX\r\nVLS2Pkb2O8nA29kD1E9CLkpjDqvWfFyksPY979J7cABGs8u8z33+zkKwf8JLWY+D\r\nASXmmwIDAQABo20wazBKBgNVHREEQzBBghNhYWZpZHAyeC5hYWYuZWR1LmF1hipo\r\ndHRwczovL2FhZmlkcDJ4LmFhZi5lZHUuYXUvaWRwL3NoaWJib2xldGgwHQYDVR0O\r\nBBYEFKloNJpXDnl3zlxM9ckm7Iy75f8fMA0GCSqGSIb3DQEBBQUAA4IBAQAF6ci3\r\nLtYEqpIqMvhr5VIXiWMAMNis4hqiypCvqjnAel0QuLWp+nnxenkfNg0Fl192sFuP\r\nWReqzCr0UEizOtFwDnGj5AWsNCTC6FIRuMUQIechM5s3dccWoeJiCH9YS2/nwf/0\r\nzEOHJ++WAsLYqcWul5EmzWDyU2jQQXmJxav53xU/j+vSkt2G/F/SRPYAD0Z0Plfm\r\n6Sa7uX4L7jkGzX/bB3GRxHc2kDbkvuZue+qte9VnBcbiy5iKreX16LTObhN/qoUS\r\nF8RVdPTBN9gST+ad1EEbSxwA9agS/P+L0mr5HxoMdc9ypVtIlpUk4sdhJ4tetUB4\r\nI1L9nsic7d6rxXm1','96:DC:D9:20:47:37:CB:6E:B4:F2:16:69:FF:07:C7:3E:4E:C7:3C:42'),(227,'sso','MIIDODCCAiCgAwIBAgIVANI6z4eL0rLt7eslNaNjM8rsHEZxMA0GCSqGSIb3DQEB\r\nBQUAMB4xHDAaBgNVBAMTE2FhZmlkcDJ4LmFhZi5lZHUuYXUwHhcNMTAwMzIzMDQz\r\nNDEwWhcNMzAwMzIzMDQzNDEwWjAeMRwwGgYDVQQDExNhYWZpZHAyeC5hYWYuZWR1\r\nLmF1MIIBIjANBgkqhkiG9w0BAQEFAAOCAQ8AMIIBCgKCAQEAmhyARf0pD3k0cJ4j\r\n251xERNKJQic7n4WsJY1C5cpCR4z0Ru0AJ0Y0jQNifHlUtqLP0GItGtI5IqYQENl\r\nwtlRd0sTEFYiCj9AEJ2eU4TGYBTcWuwr6d60YtkxxnHh1iD1EME0UG79LgTCQ9Cd\r\nLjS6LD/rguW+a9WyRBjp+mE/lzNjEG7v5ScbIT3xTlT38k+tm2eZEUxBi1zdlCTv\r\nZWBNomsmiSDMrb8DWx5QE0Km2ad/3WhaTY8CvVUVIJ/xD96WrjuYm7MQYB3ME5hX\r\nVLS2Pkb2O8nA29kD1E9CLkpjDqvWfFyksPY979J7cABGs8u8z33+zkKwf8JLWY+D\r\nASXmmwIDAQABo20wazBKBgNVHREEQzBBghNhYWZpZHAyeC5hYWYuZWR1LmF1hipo\r\ndHRwczovL2FhZmlkcDJ4LmFhZi5lZHUuYXUvaWRwL3NoaWJib2xldGgwHQYDVR0O\r\nBBYEFKloNJpXDnl3zlxM9ckm7Iy75f8fMA0GCSqGSIb3DQEBBQUAA4IBAQAF6ci3\r\nLtYEqpIqMvhr5VIXiWMAMNis4hqiypCvqjnAel0QuLWp+nnxenkfNg0Fl192sFuP\r\nWReqzCr0UEizOtFwDnGj5AWsNCTC6FIRuMUQIechM5s3dccWoeJiCH9YS2/nwf/0\r\nzEOHJ++WAsLYqcWul5EmzWDyU2jQQXmJxav53xU/j+vSkt2G/F/SRPYAD0Z0Plfm\r\n6Sa7uX4L7jkGzX/bB3GRxHc2kDbkvuZue+qte9VnBcbiy5iKreX16LTObhN/qoUS\r\nF8RVdPTBN9gST+ad1EEbSxwA9agS/P+L0mr5HxoMdc9ypVtIlpUk4sdhJ4tetUB4\r\nI1L9nsic7d6rxXm1','96:DC:D9:20:47:37:CB:6E:B4:F2:16:69:FF:07:C7:3E:4E:C7:3C:42'),(230,'sso','MIIFJzCCBA+gAwIBAgIRAJuCtbgLQ96dWJbIjZr77G8wDQYJKoZIhvcNAQEFBQAw\r\nWjELMAkGA1UEBhMCQVUxEDAOBgNVBAoTB0F1c0NFUlQxHTAbBgNVBAsTFENlcnRp\r\nZmljYXRlIFNlcnZpY2VzMRowGAYDVQQDExFBdXNDRVJUIFNlcnZlciBDQTAeFw0x\r\nMDAzMjUwMDAwMDBaFw0xMTAzMjUyMzU5NTlaMIGqMQswCQYDVQQGEwJBVTENMAsG\r\nA1UEERMEMzIxNzERMA8GA1UECBMIVmljdG9yaWExEDAOBgNVBAcTB0dlZWxvbmcx\r\nHDAaBgNVBAkTEzEgR2hlcmluZ2hhcCBTdHJlZXQxGjAYBgNVBAoTEURlYWtpbiBV\r\nbml2ZXJzaXR5MQ0wCwYDVQQLEwRJVFNEMR4wHAYDVQQDExVpZHAtZGV2LmRlYWtp\r\nbi5lZHUuYXUwggEiMA0GCSqGSIb3DQEBAQUAA4IBDwAwggEKAoIBAQCehDriFoqg\r\nJ/DfQgS7o8887FxPlQW0QphGnv5/PK5MnVDXngzt9OkIxhwGxBPag5aor3OgwxFm\r\nWxrqMuXdaPb6YVaLwjgJ4cSZRc3scz8FOuT4QjSo/7Bajz9ds0FoTmQ5glTnlsN1\r\nv6W5xcivHj+1HsI2m7Fn6ANpVLz6wbZCtdq1LNs+gK+6RRgHPHe6qtqD10IWv08R\r\nrHvraw1i1j7kgZhiKWLgjrxFLK4+qqgN3kY5pfSrD+HSOxHtiR9/FSv9fjS2bvNT\r\nloMKy4yMD7UTnNejYGM6h5WK5oyRgWd79PnxlpWwhXIA2Z0A2SNKT1n8zGo0AeJe\r\nDW/e5jLqsZYlAgMBAAGjggGVMIIBkTAfBgNVHSMEGDAWgBSUayO5JuqCtFNgnYld\r\n9wLE2Sld6TAdBgNVHQ4EFgQUmieFdhFr8hqx10GUqXivupsry6AwDgYDVR0PAQH/\r\nBAQDAgWgMAwGA1UdEwEB/wQCMAAwHQYDVR0lBBYwFAYIKwYBBQUHAwEGCCsGAQUF\r\nBwMCMBkGA1UdIAQSMBAwDgYMKwYBBAGBtz0FAQEAMEEGA1UdHwQ6MDgwNqA0oDKG\r\nMGh0dHA6Ly9jcmwuY3MuYXVzY2VydC5vcmcuYXUvQXVzQ0VSVFNlcnZlckNBLmNy\r\nbDB3BggrBgEFBQcBAQRrMGkwPAYIKwYBBQUHMAKGMGh0dHA6Ly9jcnQuY3MuYXVz\r\nY2VydC5vcmcuYXUvQXVzQ0VSVFNlcnZlckNBLmNydDApBggrBgEFBQcwAYYdaHR0\r\ncDovL29jc3AuY3MuYXVzY2VydC5vcmcuYXUwOwYDVR0RBDQwMoIVaWRwLWRldi5k\r\nZWFraW4uZWR1LmF1ghl3d3cuaWRwLWRldi5kZWFraW4uZWR1LmF1MA0GCSqGSIb3\r\nDQEBBQUAA4IBAQB2ggsEoFr2LaO544/+6RBPwk5NwGaLEQAl93ofcD99C7niZhwX\r\n3h1eAog6i5UtrzHqAquVeJ23zg1pKkQtRuccKbxsvPXz2aZeNYCWbiIvU085QkLf\r\nq2JHtAWYmoKT3ZDtDG1Fu+s2foB7MvhLwSmO6U2Di/GtXTGwASAXezXnwtF2lmrD\r\nLGTZbWkC+apZsdr+1thlko7ps066PAO2hjEzdV9/98BNCO+Bhuas7axe/yEVk+hA\r\nW10zaVfpet31WWSnUoL2k+U2VWO/msAT+ulOe3NvQEEyrFNxoAl5wyj1+qxBVRgc\r\nISO8yo9GxhSF3mSKelA2rzYQSBD01QKkLW/4','09:87:BA:EC:7D:C9:74:95:13:4C:41:EE:91:4A:32:33:4C:9D:00:D2'),(230,'aa','MIIFJzCCBA+gAwIBAgIRAJuCtbgLQ96dWJbIjZr77G8wDQYJKoZIhvcNAQEFBQAw\r\nWjELMAkGA1UEBhMCQVUxEDAOBgNVBAoTB0F1c0NFUlQxHTAbBgNVBAsTFENlcnRp\r\nZmljYXRlIFNlcnZpY2VzMRowGAYDVQQDExFBdXNDRVJUIFNlcnZlciBDQTAeFw0x\r\nMDAzMjUwMDAwMDBaFw0xMTAzMjUyMzU5NTlaMIGqMQswCQYDVQQGEwJBVTENMAsG\r\nA1UEERMEMzIxNzERMA8GA1UECBMIVmljdG9yaWExEDAOBgNVBAcTB0dlZWxvbmcx\r\nHDAaBgNVBAkTEzEgR2hlcmluZ2hhcCBTdHJlZXQxGjAYBgNVBAoTEURlYWtpbiBV\r\nbml2ZXJzaXR5MQ0wCwYDVQQLEwRJVFNEMR4wHAYDVQQDExVpZHAtZGV2LmRlYWtp\r\nbi5lZHUuYXUwggEiMA0GCSqGSIb3DQEBAQUAA4IBDwAwggEKAoIBAQCehDriFoqg\r\nJ/DfQgS7o8887FxPlQW0QphGnv5/PK5MnVDXngzt9OkIxhwGxBPag5aor3OgwxFm\r\nWxrqMuXdaPb6YVaLwjgJ4cSZRc3scz8FOuT4QjSo/7Bajz9ds0FoTmQ5glTnlsN1\r\nv6W5xcivHj+1HsI2m7Fn6ANpVLz6wbZCtdq1LNs+gK+6RRgHPHe6qtqD10IWv08R\r\nrHvraw1i1j7kgZhiKWLgjrxFLK4+qqgN3kY5pfSrD+HSOxHtiR9/FSv9fjS2bvNT\r\nloMKy4yMD7UTnNejYGM6h5WK5oyRgWd79PnxlpWwhXIA2Z0A2SNKT1n8zGo0AeJe\r\nDW/e5jLqsZYlAgMBAAGjggGVMIIBkTAfBgNVHSMEGDAWgBSUayO5JuqCtFNgnYld\r\n9wLE2Sld6TAdBgNVHQ4EFgQUmieFdhFr8hqx10GUqXivupsry6AwDgYDVR0PAQH/\r\nBAQDAgWgMAwGA1UdEwEB/wQCMAAwHQYDVR0lBBYwFAYIKwYBBQUHAwEGCCsGAQUF\r\nBwMCMBkGA1UdIAQSMBAwDgYMKwYBBAGBtz0FAQEAMEEGA1UdHwQ6MDgwNqA0oDKG\r\nMGh0dHA6Ly9jcmwuY3MuYXVzY2VydC5vcmcuYXUvQXVzQ0VSVFNlcnZlckNBLmNy\r\nbDB3BggrBgEFBQcBAQRrMGkwPAYIKwYBBQUHMAKGMGh0dHA6Ly9jcnQuY3MuYXVz\r\nY2VydC5vcmcuYXUvQXVzQ0VSVFNlcnZlckNBLmNydDApBggrBgEFBQcwAYYdaHR0\r\ncDovL29jc3AuY3MuYXVzY2VydC5vcmcuYXUwOwYDVR0RBDQwMoIVaWRwLWRldi5k\r\nZWFraW4uZWR1LmF1ghl3d3cuaWRwLWRldi5kZWFraW4uZWR1LmF1MA0GCSqGSIb3\r\nDQEBBQUAA4IBAQB2ggsEoFr2LaO544/+6RBPwk5NwGaLEQAl93ofcD99C7niZhwX\r\n3h1eAog6i5UtrzHqAquVeJ23zg1pKkQtRuccKbxsvPXz2aZeNYCWbiIvU085QkLf\r\nq2JHtAWYmoKT3ZDtDG1Fu+s2foB7MvhLwSmO6U2Di/GtXTGwASAXezXnwtF2lmrD\r\nLGTZbWkC+apZsdr+1thlko7ps066PAO2hjEzdV9/98BNCO+Bhuas7axe/yEVk+hA\r\nW10zaVfpet31WWSnUoL2k+U2VWO/msAT+ulOe3NvQEEyrFNxoAl5wyj1+qxBVRgc\r\nISO8yo9GxhSF3mSKelA2rzYQSBD01QKkLW/4','09:87:BA:EC:7D:C9:74:95:13:4C:41:EE:91:4A:32:33:4C:9D:00:D2'),(719,'resource','MIIDqjCCAxOgAwIBAgICBBIwDQYJKoZIhvcNAQEFBQAwgbIxCzAJBgNVBAYTAkFV\nMQwwCgYDVQQIEwNOU1cxDzANBgNVBAcTBlN5ZG5leTEdMBsGA1UEChMUTWFjcXVh\ncmllIFVuaXZlcnNpdHkxDTALBgNVBAsTBE1BTVMxKzApBgNVBAMTIk1BTVMgVGVz\ndGJlZCBGZWRlcmF0aW9uIExldmVsIDEgQ0ExKTAnBgkqhkiG9w0BCQEWGnN5c2Fk\nbWluQGZlZGVyYXRpb24ub3JnLmF1MB4XDTA5MDUyNzA0MTczMFoXDTE5MDUyNTA0\nMTczMFowgYAxCzAJBgNVBAYTAk5aMRUwEwYDVQQHEwxDaHJpc3RjaHVyY2gxITAf\nBgNVBAoTGFVuaXZlcnNpdHkgb2YgQ2FudGVyYnVyeTEVMBMGA1UECxMMSUNUIFNl\ncnZpY2VzMSAwHgYDVQQDExduZzJkZXYuY2FudGVyYnVyeS5hYy5uejCCASIwDQYJ\nKoZIhvcNAQEBBQADggEPADCCAQoCggEBAK7yzcjrv4iWo4wA4szrRg31JBV6Rq8I\nwnKGCDXjRMmT5xfr3CGSlSIoqq9YXoa8wWxmZrB6ra7R96XWxd9HwT2s5lVGjNYB\nREf3KdF9calkwp//IL0WHimkuKjCfBOkHK8gwlZhMYs2zdVeR3Nk0WuqzSRlesf6\nnz0hLIP1OmNdONsTyGpBVNdKkrdkEvEasnaja8B9oWMvAfUqFL+FP+3G1TBOPIEj\nNJQHLtSVOTIQ51TWYtu29PGwAdpFo8rB2Fpz/Koan7tCaegXGwTkiPAanQjCpVVV\nUIzI/6gPMAsB/FLhJlKwTQA3OoC+6MyhFwYfClDr8mMk7CQ3LJh81uUCAwEAAaN7\nMHkwCQYDVR0TBAIwADAsBglghkgBhvhCAQ0EHxYdT3BlblNTTCBHZW5lcmF0ZWQg\nQ2VydGlmaWNhdGUwHQYDVR0OBBYEFNxygbRUbSB2jCotxTrW66p5gXBgMB8GA1Ud\nIwQYMBaAFA3Qfu0aiD26jPVpp2M11QnRqp0BMA0GCSqGSIb3DQEBBQUAA4GBAJeP\nX+wEYtmQ3ElCokCefNEJt2AWGUL6b1+dfrQIIa/hAtarCMcGABZR8/aG6MloyAPP\nA+8O2V7WtI3cwiUjHoXL9Y7b0CHXMyBr0/sHOGWkSgmEdwytOXxcgTVKXm9SisQG\njJMJ/NaPpWJfNsL3nVFro0ncjjkYj9PxeX2qWS+u','31:4C:38:1C:D2:27:22:55:44:5A:7C:77:F0:DC:E2:52:32:BA:97:89'),(719,'resource','MIIEATCCA2qgAwIBAgIJAPlMXabkiQ1hMA0GCSqGSIb3DQEBBAUAMIGyMQswCQYD\nVQQGEwJBVTEMMAoGA1UECBMDTlNXMQ8wDQYDVQQHEwZTeWRuZXkxHTAbBgNVBAoT\nFE1hY3F1YXJpZSBVbml2ZXJzaXR5MQ0wCwYDVQQLEwRNQU1TMSswKQYDVQQDEyJN\nQU1TIFRlc3RiZWQgRmVkZXJhdGlvbiBMZXZlbCAxIENBMSkwJwYJKoZIhvcNAQkB\nFhpzeXNhZG1pbkBmZWRlcmF0aW9uLm9yZy5hdTAeFw0wNjA1MjMwNTEyNDlaFw0x\nNjA1MjAwNTEyNDlaMIGyMQswCQYDVQQGEwJBVTEMMAoGA1UECBMDTlNXMQ8wDQYD\nVQQHEwZTeWRuZXkxHTAbBgNVBAoTFE1hY3F1YXJpZSBVbml2ZXJzaXR5MQ0wCwYD\nVQQLEwRNQU1TMSswKQYDVQQDEyJNQU1TIFRlc3RiZWQgRmVkZXJhdGlvbiBMZXZl\nbCAxIENBMSkwJwYJKoZIhvcNAQkBFhpzeXNhZG1pbkBmZWRlcmF0aW9uLm9yZy5h\ndTCBnzANBgkqhkiG9w0BAQEFAAOBjQAwgYkCgYEA3o8ShVwejUwYPs5nefpkcPw5\n9VnIBzQAwrLMOx9TokkURQLVjXJsk8YhSObOKfQSQ3cY13xFXvkyvIwOS7CPxHRw\nCry7MiJ8Cn9QJqDwwHv6Jj7UxeDeL0kzEdaDaF+0doqWXCllxGLQ+2CveJVL5NqF\nqvGgSF29V1rXQhLmK6kCAwEAAaOCARswggEXMB0GA1UdDgQWBBQN0H7tGog9uoz1\naadjNdUJ0aqdATCB5wYDVR0jBIHfMIHcgBQN0H7tGog9uoz1aadjNdUJ0aqdAaGB\nuKSBtTCBsjELMAkGA1UEBhMCQVUxDDAKBgNVBAgTA05TVzEPMA0GA1UEBxMGU3lk\nbmV5MR0wGwYDVQQKExRNYWNxdWFyaWUgVW5pdmVyc2l0eTENMAsGA1UECxMETUFN\nUzErMCkGA1UEAxMiTUFNUyBUZXN0YmVkIEZlZGVyYXRpb24gTGV2ZWwgMSBDQTEp\nMCcGCSqGSIb3DQEJARYac3lzYWRtaW5AZmVkZXJhdGlvbi5vcmcuYXWCCQD5TF2m\n5IkNYTAMBgNVHRMEBTADAQH/MA0GCSqGSIb3DQEBBAUAA4GBAF67YbAvDtSXtzLR\ne9O3+udXXDaVXod+djL8wcWxurJ33PZOHuOSr2AACCV/GFm7+u0Z/2EWCaRHKz2R\npbHeJ1HTTdCnXk9j02/QeHCs5ARzXecaEFGXXf1KCXntTm/mYal1NH7W5jdTECBt\nLguQvT5cn8Hd7INAzwPRKPzUtWMy','41:A4:F0:CB:26:81:EF:38:61:EA:53:54:63:29:CB:38:FE:9F:E4:43'),(743,'resource','MIIDPDCCAiSgAwIBAgIJAJ/cYcVcsytBMA0GCSqGSIb3DQEBBQUAMCMxITAfBgNV\nBAMTGHNoaWJ0ZXN0LmluZm9ybWl0LmNvbS5hdTAeFw0xMDA0MTYwNTA5NDNaFw0x\nMzA0MTUwNTA5NDNaMCMxITAfBgNVBAMTGHNoaWJ0ZXN0LmluZm9ybWl0LmNvbS5h\ndTCCASIwDQYJKoZIhvcNAQEBBQADggEPADCCAQoCggEBAM4AokNBFlOqTT6ouYt7\nncEeUaLLKiGRFjpV9nrdkgSXWWkyaOyrcl0vmtXQEQyE4bDzU6v2PGLn0kgwuCig\n2OCMB09XmvnoScrYA8vKVkTwg30QVNWJrB6dkGAwKSKiQKAmoV0fy8+V2Eg4yKzy\nX7AcpiUroDDbC5oveQfeZczp8WY6+q4oCuYS/D3mJ+131ROZusvfuKHwm+yVAhCQ\n1FC8VlYPXfwLXlJHpIW2JfxaXG0Sm5UVML5vrF269spzyzPnjdhQtiHbjchs1QBb\nv6Y2P7JxBFYpD2licqtiFB8Ykh2ddRC0vwZo5l+L2y1c/JqisWiH7tW0s+rPmIVL\naGUCAwEAAaNzMHEwUAYDVR0RBEkwR4IYc2hpYnRlc3QuaW5mb3JtaXQuY29tLmF1\nhitodHRwczovL3NoaWJ0ZXN0LmluZm9ybWl0LmNvbS5hdS9zaGliYm9sZXRoMB0G\nA1UdDgQWBBQVRS6FHWVUwRrJEZLZRs5bES7EcTANBgkqhkiG9w0BAQUFAAOCAQEA\nrytShJlj0tzwPzXEKhQBA3nT8g0PxzwOHBaeRUHe3zOdyEzJfFh2f4Ua/0sUjIh2\n0kAmFSIsUxMTTwPp+GLVLc/3o6DqoTtCd49SfSU8VJJfjxieAGQCjVx9kRoQ+KKD\n9eB3ym+CFaIZKpXg4DY6LzZwqOQNW4puE+tjc7jK4MOnHh4ji8hLIax1ebLk5deF\nWQzd4f6Dun4uoC/K27wEYb4V5YJ2snOkNU5QK5hZIZDMJd+unWcgmSX8cOvIt5uv\nkKvGHpaAGp/dCUxw9gejxFA6Fu3H21hCkAyorPpUcnSaa/32DIW3qAUh1af3Zfb2\nw4TYPsUpR5fSwDoJ1pYYKQ==','F3:3C:AA:DC:DF:48:A4:79:A2:04:4E:7F:08:D5:A7:2B:9F:C0:6F:4A'),(749,'resource','MIIDSDCCAjCgAwIBAgIJAJAf0TMwhbXpMA0GCSqGSIb3DQEBBQUAMCcxJTAjBgNV\nBAMTHGl0dXN3LXdhcHNwMS5tbC51bmlzYS5lZHUuYXUwHhcNMTAwNDI5MDQ1MzMw\nWhcNMjAwNDI2MDQ1MzMwWjAnMSUwIwYDVQQDExxpdHVzdy13YXBzcDEubWwudW5p\nc2EuZWR1LmF1MIIBIjANBgkqhkiG9w0BAQEFAAOCAQ8AMIIBCgKCAQEAlTB512sr\nJeCMbsFiJqNx9YlS2rjqIk/1CQ56gOa7cHhyxwWkYFBx7xnAaaKKoT7nlTIb5j3/\nN4NjZ3BI8jun/nqE2NCJyBYpUwXXKcblCnoTYkDe27TpP+K/yfroQTdDE6Pucb/2\nL4Dvio3XTTYC44dEadhpEphuyINgrUgY4/KbNeBBwKjHk0cJ2bKPHfnk3Bj8/J2K\ny5QjvzUQRJNTxfpTCVlgwZurxAGi5oQRfdRZhuRSOSGEUA3MOi9BV+P+uUmUoLn+\n9dIl0uYPws6TjlJ9u1fDJkic3L9MAgDbWVs9Rxo4Qp57tqOPeSVSXW7d0oXc59zz\nPZDBpyJpR8WY0wIDAQABo3cwdTBUBgNVHREETTBLghxpdHVzdy13YXBzcDEubWwu\ndW5pc2EuZWR1LmF1hitodHRwczovL2FwcC1zcC10ZXN0LnVuaXNhLmVkdS5hdS9z\naGliYm9sZXRoMB0GA1UdDgQWBBQZAFtxicJJOdGTF0lO/0r2wpYZuDANBgkqhkiG\n9w0BAQUFAAOCAQEANCbWI1bu6z1Iis4WsdGe9ookb9597zoFC5wIie1CMGkjDdL/\nRtmJ0V+Za3iZORFNvWqlNrrsMxjYMAUmbZtnKKUfo2XfSlQ7XeWGJyntYtHpEmh3\na1khQg9hWB/Qvdw2xlOLPqvQuaau+oUk+o3DDKW5ptm11frNc2DB3Ckkq3gRG5tS\nEGWhahbMmKVBtQvazXho3KYDuzlxxKUNl+bYDjb2W1fUlue3j30CpqVDEDgOfuPm\nTPJaN9eFgGId6aitp2LkrWYVXMXFkNqj8vwjdv9YplwvuiwTihylHRtPKu9YjylI\nSYc8RqbUj0s+pINo8AWMOPCaX0aiC0xP7499tA==','1B:78:C6:4B:A3:C4:DA:E0:59:86:A9:70:1E:B8:F3:CA:29:DD:20:C4'),(791,'resource','MIIDHDCCAgSgAwIBAgIJAMzhI8PKMCBEMA0GCSqGSIb3DQEBBQUAMBsxGTAXBgNV\nBAMTEHNzMi52ZXJzaS5lZHUuYXUwHhcNMTAwNTA1MDUwMjIxWhcNMTMwNTA0MDUw\nMjIxWjAbMRkwFwYDVQQDExBzczIudmVyc2kuZWR1LmF1MIIBIjANBgkqhkiG9w0B\nAQEFAAOCAQ8AMIIBCgKCAQEA0478d2CsDEj3b/XK1Y1CD3M9/lFXRTmyW0gPRdOy\neFpqhjFRJRALCeV/yZ98tTezOtOgJCt4vDzBbj+POxfNicqWYlhtjgjuP9rs7Dq6\nbtxQEwZgwtfoj5bWA4H1L5pGs6a6yfJ1aJh16HRiQCMjT48bFMu01+ZKGzngEV6Q\nq0zgQYI0G3l1+HltyujYw+8aAEG4hsAjQt/qE43V1pl+P5TRwaAsueDs9csY7qE5\nnHzEbH8c+KlIk4qPDvuPV5SB1Gqgu/MNcnQwPuihqFxCWjEATZxv6/qIuw5lZB7k\n1Y0mhATLBG6DPHTFVDdaCxqmXHtFXYw7uJ+Y0PnxnziVnQIDAQABo2MwYTBABgNV\nHREEOTA3ghBzczIudmVyc2kuZWR1LmF1hiNodHRwczovL3NzMi52ZXJzaS5lZHUu\nYXUvc2hpYmJvbGV0aDAdBgNVHQ4EFgQUlnlyrrrMyeptgeS9bze021SQzAMwDQYJ\nKoZIhvcNAQEFBQADggEBALN9bYvV33VYVLQUfFXq7UpDEt71+51tVwMMjGItYPEH\ni5QZbrFqXojiFbaOT/p7yYfyGAB4Tnkx+5UlU19qccPYqd7OFkhnKmRSK2aUzgUO\nWcNqQfZEJc0mQjfbvWG93apW1YhYue4kM2S5QDho1MWp8NVa6oKns61fvzaCsgZG\nj8roTzNT5sKpUMIAFh2MNVziv8HRYVy/Bf7aUiIAAgOPlpBq9YJO2yDAVHxeqw1+\nnBw77Uguu166BK4f9T0qLqX2u37rRyo5enqmHYPuTGoCa4G9qm9VBvSFxlKQUXwv\nG++/tH1GH84uAG1bxWOX+aMBNVBNam8WEl6mmUkNf94=','EE:BE:AB:6B:2E:60:44:96:18:FC:DD:12:68:4D:40:74:4C:A7:99:36'),(755,'resource','MIIDIDCCAgigAwIBAgIJAM1wMFq6BvHDMA0GCSqGSIb3DQEBBQUAMBwxGjAYBgNV\nBAMTEWF1dGgwMi5hYzMuZWR1LmF1MB4XDTEwMDUwNjAwMjIxOVoXDTIwMDUwMzAw\nMjIxOVowHDEaMBgGA1UEAxMRYXV0aDAyLmFjMy5lZHUuYXUwggEiMA0GCSqGSIb3\nDQEBAQUAA4IBDwAwggEKAoIBAQC3WFjFjflDaL0Trqzxp7Tq18YBwI2ensY0Zh6B\n8GoZ8Dud94Bx5+XrVl6j3+o4hLedHui2+cT4rwu+oSERtc72IWdq3Jr+RN3x7D6q\nyD7VoPCgT8aj00gwSL+UO6VYS66bdJhznDS87nlELMt+1Cm8vU4XkI30sWjdlyr9\nmu790Y54DP2CFPqAuO+v5LKy4ACmkgdzWHT7XMLY/a3HKBvSwJuc0g31DeDoPqXl\npMzcpNbIuNU9yAlGSZFxrtMOJNWqPAZe9qllKkMfcpG/CzmtJSKoU5uzyhtcVwiL\nZ2INYNtsXLtkyuDOGpFT7Z7aqTmvbyt2OvTPG/l/cH4UvTbBAgMBAAGjZTBjMEIG\nA1UdEQQ7MDmCEWF1dGgwMi5hYzMuZWR1LmF1hiRodHRwczovL2F1dGgwMi5hYzMu\nZWR1LmF1L3NoaWJib2xldGgwHQYDVR0OBBYEFA+BefKi5doeTOyhXTqjUtNys2c5\nMA0GCSqGSIb3DQEBBQUAA4IBAQC1hXGk+A3/vknQOFL7Wed777IPektBi3eL6Eyr\n5+hocZTb0kcRsnzmsRBwoMbWJ+dz1ns0QmqWwoCdHhL9I9nVW3ARCbpliiIAb7eS\nMce1jJxWwVvoXG0nbY3yqNyRP3vEwZbEUec+SNdrhvhbvVXWf3HdyALL8LmYbrEB\nVIDu3m5D2zwd0aOXfv0JaLD5/VvxmXITxYtyrn1DkgQDq0i3cbLqoHCNaLPCozPr\nmh8A6ynLnfEjz2NUDHKvtc4dfW+WTq/xd6aPGO3KgYOpd5TA7cD/M26zF79NsECT\ngjIjOx5e13b4DK1pNdzdIh4E1knebqlvDSkoeb8LFLeUSt/M','5D:3C:0D:D3:46:60:52:E9:72:BE:29:B7:9C:D1:DD:25:6C:6F:D8:69'),(758,'resource','MIIDJDCCAgygAwIBAgIJAPaH9sFsy4CSMA0GCSqGSIb3DQEBBQUAMB0xGzAZBgNV\nBAMTEnZpdHJvLnZlcnNpLmVkdS5hdTAeFw0xMDA1MDYwNDQ2MTVaFw0xMzA1MDUw\nNDQ2MTVaMB0xGzAZBgNVBAMTEnZpdHJvLnZlcnNpLmVkdS5hdTCCASIwDQYJKoZI\nhvcNAQEBBQADggEPADCCAQoCggEBAN7umzOEAAh7nx5DJJfnIm/nFRQD8y6bsxmG\nfvZY4MJedGb+csQ5Vk9YN8BZF2CmtknXuXpWyErdYKvdJ65W/23rqtn2eKmCyoC5\nSsBd/CoWhLrrM4Qh4m8wN11olCLNE6GZisLJc0Goc4rPKiChs9gUCqm7JyeOOb2r\npG7mHhGsm4l1JI2wt2VWpM6k8kZw/SyAVUemz7uNc5PUjNVGmeLv/cjBXjULcO3C\nQIuGHqC9sZIWQbGltWYumYtq6jBh9cf23zJdFV1iZOF75C+EBnOG2+KMRmIgXNmn\niRVSN6YA6qnnwArsrdSItmrd7wZWFNAh6QW7IGvR6jgZbd+R+VsCAwEAAaNnMGUw\nRAYDVR0RBD0wO4ISdml0cm8udmVyc2kuZWR1LmF1hiVodHRwczovL3ZpdHJvLnZl\ncnNpLmVkdS5hdS9zaGliYm9sZXRoMB0GA1UdDgQWBBRl5+HCrM+WWEZYnp94pJFN\nAXkvtjANBgkqhkiG9w0BAQUFAAOCAQEACo6EiOQtVWn+prRolWJ9YW2DZPF5YD4d\n9g/7ZcCCkh6kGE8hizV/iN2n/iNWjGW9P7uYihdSZpVtAEqvARmxAAD3/qadTNtW\nfyxN7l226Ioacl96Ui9NG3D1tP6NOeHqgt0d8TQJqbJug29c9M+l2GK0fhHQb+eE\nmXjaCjz2tjyIgNosKBj1QRTRzvYctmeHpZvZBpvBT/ZJBYId7K2TD0MFe5W7Uqo1\nKw11CqRsDkmw1pPaAJFtQHwio0JHzZKt5zvubvJX7s0iO/0bmNHQ4G2YOPqbKOdI\nJlsAnGx7jsT7cgBY6f5TIskP5Txb5kvJqocyXBMoTdor/hKR4ZWuuw==','DF:5E:BF:87:3C:48:76:AD:9A:C1:0E:36:6E:A8:F7:6D:90:97:05:21'),(233,'aa','MIIDNDCCAhygAwIBAgIJAOO7Cu7fUKiWMA0GCSqGSIb3DQEBBQUAMCAxHjAcBgNV\nBAMTFXN0YXJmbG93ZXIucXV0LmVkdS5hdTAeFw0xMDA1MTAwMzE5NDBaFw0xMzA1\nMDkwMzE5NDBaMCAxHjAcBgNVBAMTFXN0YXJmbG93ZXIucXV0LmVkdS5hdTCCASIw\nDQYJKoZIhvcNAQEBBQADggEPADCCAQoCggEBAN7aZahRpP3dp4FowBx0Peby7auX\n/+HrPJkLgxORv5qf5RxBingiuWCwqHrOkLUDR7FEpfMfUMtYMxkJftFgw3o3y2Qr\nVbvw425UBd3aVaYJ6yhdybs+QNMH7IPSYU8UvVsVHzzo9QDTz9T+6TDqGWgtod4p\nSmzCGwEvRCOcS89kRxGxN/BVPTPqyZuAbxj927+3DbTBDS/bhzZ6SptI96fg7umj\nXyfNVrwS6+YBR7hNNJJo/oeiQag0/h1gyBqjr5ic1iWy0KjuV+61UNipRppLr8/s\nYm3cugXfkKrAK+56vCNjxXTyDnQjXbTICwJ1MjJm8VH29h3gRk4wwr/WSvUCAwEA\nAaNxMG8wTgYDVR0RBEcwRYIVc3RhcmZsb3dlci5xdXQuZWR1LmF1hixodHRwczov\nL3N0YXJmbG93ZXIucXV0LmVkdS5hdS9zaW1wbGVzYW1sL2lkcDAdBgNVHQ4EFgQU\nBX3rEye8KsqX6vDd4iCMHQgQvaUwDQYJKoZIhvcNAQEFBQADggEBALh6aTGBmEK2\ncIZIZndPW+pJYokXdh2z2un5b0dkFnsRYWal+TEmqZU+pECVf3Amb8qJESCHLqfr\nwOuY1yay4exq1pwwycvqKpeRGYGhbPHl6RZRZd2HoZEUn0Q8D/jnQuszPANw4bgc\nuzSZY/0V8nZE816fyDHQad3JIkajd6qJNBPkfWvYFTico4Op30cUy7Wtu4oB7Nqm\n5bRqCQXMQsyjdaYBUCQCliiZle6+ie0O+UjrUSqq6/ZMb+Fv3TEtBZySlGXR1zUw\nCjWwb2fJxIoPq5OLgZr+ISdYAbMWjFuerQrxJBFrDjMxYK9kerP8sW8C6EVgUJHX\nav+XIJONrqY=','6D:ED:36:5E:2C:E3:AA:6E:BC:2F:FA:38:FA:C6:82:3D:5B:4E:DE:50'),(233,'sso','MIIDNDCCAhygAwIBAgIJAOO7Cu7fUKiWMA0GCSqGSIb3DQEBBQUAMCAxHjAcBgNV\nBAMTFXN0YXJmbG93ZXIucXV0LmVkdS5hdTAeFw0xMDA1MTAwMzE5NDBaFw0xMzA1\nMDkwMzE5NDBaMCAxHjAcBgNVBAMTFXN0YXJmbG93ZXIucXV0LmVkdS5hdTCCASIw\nDQYJKoZIhvcNAQEBBQADggEPADCCAQoCggEBAN7aZahRpP3dp4FowBx0Peby7auX\n/+HrPJkLgxORv5qf5RxBingiuWCwqHrOkLUDR7FEpfMfUMtYMxkJftFgw3o3y2Qr\nVbvw425UBd3aVaYJ6yhdybs+QNMH7IPSYU8UvVsVHzzo9QDTz9T+6TDqGWgtod4p\nSmzCGwEvRCOcS89kRxGxN/BVPTPqyZuAbxj927+3DbTBDS/bhzZ6SptI96fg7umj\nXyfNVrwS6+YBR7hNNJJo/oeiQag0/h1gyBqjr5ic1iWy0KjuV+61UNipRppLr8/s\nYm3cugXfkKrAK+56vCNjxXTyDnQjXbTICwJ1MjJm8VH29h3gRk4wwr/WSvUCAwEA\nAaNxMG8wTgYDVR0RBEcwRYIVc3RhcmZsb3dlci5xdXQuZWR1LmF1hixodHRwczov\nL3N0YXJmbG93ZXIucXV0LmVkdS5hdS9zaW1wbGVzYW1sL2lkcDAdBgNVHQ4EFgQU\nBX3rEye8KsqX6vDd4iCMHQgQvaUwDQYJKoZIhvcNAQEFBQADggEBALh6aTGBmEK2\ncIZIZndPW+pJYokXdh2z2un5b0dkFnsRYWal+TEmqZU+pECVf3Amb8qJESCHLqfr\nwOuY1yay4exq1pwwycvqKpeRGYGhbPHl6RZRZd2HoZEUn0Q8D/jnQuszPANw4bgc\nuzSZY/0V8nZE816fyDHQad3JIkajd6qJNBPkfWvYFTico4Op30cUy7Wtu4oB7Nqm\n5bRqCQXMQsyjdaYBUCQCliiZle6+ie0O+UjrUSqq6/ZMb+Fv3TEtBZySlGXR1zUw\nCjWwb2fJxIoPq5OLgZr+ISdYAbMWjFuerQrxJBFrDjMxYK9kerP8sW8C6EVgUJHX\nav+XIJONrqY=','6D:ED:36:5E:2C:E3:AA:6E:BC:2F:FA:38:FA:C6:82:3D:5B:4E:DE:50'),(740,'resource','MIIDSDCCAjCgAwIBAgIJALl7Ip7NoYwuMA0GCSqGSIb3DQEBBQUAMCYxJDAiBgNV\nBAMTG3JlYWRpbmdsaXN0cy5saWIubW9uYXNoLmVkdTAeFw0xMDA1MDcwODU0MjBa\nFw0xMTA1MDcwODU0MjBaMCYxJDAiBgNVBAMTG3JlYWRpbmdsaXN0cy5saWIubW9u\nYXNoLmVkdTCCASIwDQYJKoZIhvcNAQEBBQADggEPADCCAQoCggEBAMlg76R5ixsU\n81OgjiF4fXb/5PWc44TwLsJhFYsplop1p+dSQTYeUTYkNK8inUGyJqadRU8w2p0n\n6+74k77g7TjsE5+6BRuHgwOOfSaNxxm+Opr38ROrQ7fy9i+xYLiaLyoMIg9S+fxm\nV0st3Sd9Ct3TzaoBWFXdP0k4SrxLlwb4+zLLhNmlBKhNHYa7iN8bAEXQ7lmIVZU6\nfVtZUTiclmkJi7iFGrL2r+K3+ZxL7R+pvcmFdAoCoY7A/4+p/DYGQcdI5j6nV1aB\nCgnKGiT88AqgmR5jGl/1Jlxt5+05yIlc6s5bWEHtwyVHtYBo94vPEO5OSi/cb7nK\nZABFHN41daMCAwEAAaN5MHcwVgYDVR0RBE8wTYIbcmVhZGluZ2xpc3RzLmxpYi5t\nb25hc2guZWR1hi5odHRwczovL3JlYWRpbmdsaXN0cy5saWIubW9uYXNoLmVkdS9z\naGliYm9sZXRoMB0GA1UdDgQWBBSBdDa1aGNbyx381T9135Ank1YmnjANBgkqhkiG\n9w0BAQUFAAOCAQEAFZS/rA4oPNfA8KXbbT3TPdN55nW0BRMVcnLCaQh4MLlyRcpr\nVwdADs9NwOikrnejHsbokzm4w36bw4EpWmpC02pzczw8NXP6H7yQf9sikx8dDNOu\nr0gkmqiMTrDYFxh0mfkX9a8qMo20WRcdr4mHozTbWQ5BPqCEtjmBZYrzDAHfh5GJ\nhkflxg4fFYQ8YZP3JF0RRRf0BHfHF8JRO+aOzAKoxAinrpLnsTiUEjj/GDWgweZ/\nkLe6v4GHFwSv8CRPW3s14VTTGlgQLF7AsfI/pXJD+GjwY4x1/kks+J3SV36anl2D\nUF+Mkb1EeM3wRl1vVlxLyadCo2ByHmt/sh5R2A==','08:47:3C:45:66:BE:8E:09:87:2E:DB:E1:A1:CB:34:C4:88:85:86:C2'),(761,'resource','MIIEaTCCA1GgAwIBAgIRAJWodRv0wQ1r0LBtit4bdAYwDQYJKoZIhvcNAQEFBQAw\nNjELMAkGA1UEBhMCTkwxDzANBgNVBAoTBlRFUkVOQTEWMBQGA1UEAxMNVEVSRU5B\nIFNTTCBDQTAeFw0wOTEyMTcwMDAwMDBaFw0xMjEyMTYyMzU5NTlaMEQxCzAJBgNV\nBAYTAkNaMRswGQYDVQQKExJNYXNhcnlrIFVuaXZlcnNpdHkxGDAWBgNVBAMTD2F0\nbGFzZXMubXVuaS5jejCCASIwDQYJKoZIhvcNAQEBBQADggEPADCCAQoCggEBALv0\nwLkG+KB7so18gsPG13xP6JsN+wXmV2PIgPjVdiIU3ab1d44o3zvTQbfML1jLanTi\nfpgTp4GBc7Sk+Ut5r8fmO4b2oWWPmVvRVTQTAefxOJ8EcaLkP2KIKgoA4PrxBU0R\nummyB9ory7iG3zyUwXv6UE8B43V9xT9r11JTMVu747jWspq6tsfYsmjYDWGnJPjU\nULPZoh3t26PlM5IK/AIMr+zs5HQJu/XFE2fOjZVBRkWmmzmWVSndZx9QKqOcTypd\n1M+5I6btXrtMlRX3e/YyQ0WiHK/6Y80N8bgujoyt7EM+Gr4vAvTO0OVYNto8aW1m\nJxwP5bv80KLhTKSF4+ECAwEAAaOCAWIwggFeMB8GA1UdIwQYMBaAFAy9k2gM896r\no0lrKzdXR+qQ47ntMB0GA1UdDgQWBBSAvdbx2HeGy16j42B6grP/zb/G9TAOBgNV\nHQ8BAf8EBAMCBaAwDAYDVR0TAQH/BAIwADAdBgNVHSUEFjAUBggrBgEFBQcDAQYI\nKwYBBQUHAwIwGAYDVR0gBBEwDzANBgsrBgEEAbIxAQICHTA6BgNVHR8EMzAxMC+g\nLaArhilodHRwOi8vY3JsLnRjcy50ZXJlbmEub3JnL1RFUkVOQVNTTENBLmNybDBt\nBggrBgEFBQcBAQRhMF8wNQYIKwYBBQUHMAKGKWh0dHA6Ly9jcnQudGNzLnRlcmVu\nYS5vcmcvVEVSRU5BU1NMQ0EuY3J0MCYGCCsGAQUFBzABhhpodHRwOi8vb2NzcC50\nY3MudGVyZW5hLm9yZzAaBgNVHREEEzARgg9hdGxhc2VzLm11bmkuY3owDQYJKoZI\nhvcNAQEFBQADggEBAA6at/39C8yYR/XlQ2BLya6my2j9xkGylg+8T7rT1ZL2Ckda\nl6YaZjckWUh/vdSa6M02XVNq9lljb+i97F2CbSUV1HZNy+f2NwUXiUieZQtdpFIv\nrshymOmUFcqcuyk1e68krGW2L1pthnFD/jHC+6RKvJakn5ggP/3hLYUwaeOYo0mS\nnel/jb1K+g2X0QkeKTx6Cs/Jpl1jRpzkC7C3gQHmbHufFudaLqP8JjkMaQBivnlC\nVoXIJzftiwHK2SXx7rH6CNrbfxGeL1C0Rg2RA3jDNRlFI2Y+lIMxiHKNjRIa/JGX\nQzh9bTGuFgSX09pFNRoQ77C3Fq3WH3ychuHUyeo=','F3:53:4E:19:30:0C:10:17:7A:5A:1F:04:98:D7:03:05:A0:AF:05:AA'),(767,'resource','MIIDNjCCAh6gAwIBAgIJAMq4eKkZHjbYMA0GCSqGSIb3DQEBBQUAMCExHzAdBgNV\nBAMTFnNoYXJlZC1odHRwLXByb2Qtc2hpYjEwHhcNMTAwNTIxMDE1MTEyWhcNMjAw\nNTE4MDE1MTEyWjAhMR8wHQYDVQQDExZzaGFyZWQtaHR0cC1wcm9kLXNoaWIxMIIB\nIjANBgkqhkiG9w0BAQEFAAOCAQ8AMIIBCgKCAQEAvm6gaUJ2H35O1nG72R1ucjG5\nWKHPFcROwuTJL28mzdf1x1/PRRGdq6NGGdwqvu/wzuu3ljBGbEYZm3lRsQITtmRt\nIagj/YFxmAeEDxoeJvvIqHImZCpcGlWgsX38hqeTlhPDMYjujRnKVFvITCALzgmU\nbufu5kBd9v7XIFH/ISs0t2H/+/0Hoc6r/L08Nl6SRKLk721SAnQp6cZCVahG+CEv\n0g42yRom1JizmtFo6Q9KEXCj/gT2uxVpFFU7lMSJT1pAhp8L8WN1UmBZC3d3qGm9\nXA10QnjMqmSs26jw6XCRVn5RQVc5MXI3dkbWMODqNMDWYJdQ2uevOJNBTYn2UQID\nAQABo3EwbzBOBgNVHREERzBFghZzaGFyZWQtaHR0cC1wcm9kLXNoaWIxhitodHRw\nczovL2FhZm1vb2RsZS5uZXRzcG90LmNvbS5hdS9zaGliYm9sZXRoMB0GA1UdDgQW\nBBQvPE3F0rmVqErcsetVp0OF+EOTwzANBgkqhkiG9w0BAQUFAAOCAQEAP4d7BBbV\nB1aKqOCaGMQWsmwhPgE/gy87IRyIUE7cercQGwEP75zB4cj6MEIO383qI6kKWhqR\nx7DxYN5r33eiZrTUhWn66eZUiyLkvm/CqhHeKt6NLmss7DOs+zE0ERdRPwEEyagg\nqScaRS/Cp/4UsUOqfUUvSkd1gDPzugoYBwMZtrgAXU2ymYZwa0jhP572AxMuY984\nS8jTWBzwVowhBCl4IKRPn/c6tYlYdge6J5hrNsBzOlID9Vfdjg92RrimnFrbIdr/\njdCQ6CVo/MfwrapXyp1go4tiSUr36f4H33HEoq8tujNjmvGIiFAaPcXD4JKwq+Zp\n/2mUcR3EzT9jbw==','E0:C1:33:E5:CE:86:BE:6D:5E:70:3A:50:89:86:4F:86:A9:C5:6B:61'),(764,'resource','MIIDpjCCAo6gAwIBAgIJAPfEeqPlNerYMA0GCSqGSIb3DQEBBQUAMCQxIjAgBgNV\nBAMTGWVwcHdpa2kucGgudW5pbWVsYi5lZHUuYXUwHhcNMTAwNTI0MDY1MzAwWhcN\nMTAwNjIzMDY1MzAwWjAkMSIwIAYDVQQDExllcHB3aWtpLnBoLnVuaW1lbGIuZWR1\nLmF1MIIBIjANBgkqhkiG9w0BAQEFAAOCAQ8AMIIBCgKCAQEA04lJDjalkf3QqSLT\nuNEyQAUJmAtX9YW9tZQscoNnw44iohNV469eUWveiHBTm9g3g/bsUSgDvBv4w4Rq\ny546QhGk5ddrWdOyokFBnECLHfGS763Cl8lCidVyY8Mxy6y65S7ingZnPDzXbFpj\nWU4Q5PBBVwXGnOCI8Q8+I5iQu79QgwrDUc/ESp6ME+qaeuhgZESOe0Qdwm9iYvFh\nwd7AL9vJZKOM941fg0Yvdsqj3qejQ0jdcCIrQO/PHM5zRTmDeDYs13w48HyDwfVL\nrP7xLhwujsua4bLlHctQwH8mZMktyxFWDqGrJ+9mUO5NYUpRnLswb0kysGuIWa4b\n8ygtgQIDAQABo4HaMIHXMFIGA1UdEQRLMEmCGWVwcHdpa2kucGgudW5pbWVsYi5l\nZHUuYXWGLGh0dHBzOi8vZXBwd2lraS5waC51bmltZWxiLmVkdS5hdS9zaGliYm9s\nZXRoMB0GA1UdDgQWBBSjUb7SLx4gvOb4f30jojDWmz9C8jBUBgNVHSMETTBLgBSj\nUb7SLx4gvOb4f30jojDWmz9C8qEopCYwJDEiMCAGA1UEAxMZZXBwd2lraS5waC51\nbmltZWxiLmVkdS5hdYIJAPfEeqPlNerYMAwGA1UdEwQFMAMBAf8wDQYJKoZIhvcN\nAQEFBQADggEBAEjgvoUJ6eYJWWLx8YBaEKCKvtLtQqN027jprn+1IYCg+ujGf9bj\nzTRC/Gk6DX7abylFv+2Cb/fCFA4wLTOk7Dq09/mPBqjaRdBN1PehD4TTtrQXB5+m\nomeyou0Hk6dx5NmzbeAwyHdB6qEK1IcksELgsrBte0AdiunT+U8anjvK/ybNoU5s\nEl+V95TUCNNFnbXwYlonoqJKyO2lFZ/gV2wEjq0M+0c8IkoZTl34p+/XY6GScs99\nakaljUFUFqAARw4vgdoJ8sFG3N0S14dO04Z2hAgjab5J+Y+9On5W4xhdW0gxiOHI\nufZqx29IjbW2IDmH4osk2igsaUZJYjGKvg0=','3C:4B:B7:30:37:36:5B:BA:A6:B3:06:8D:92:FB:86:F2:3F:0F:7A:C0'),(746,'resource','MIIDYjCCAkqgAwIBAgIBADANBgkqhkiG9w0BAQUFADAuMSwwKgYDVQQDEyN3LWNh\naC03OTAtMDEuaW5mb3RlY2gubW9uYXNoLmVkdS5hdTAeFw0xMDA1MDMwMzM4NDZa\nFw0yMDA0MzAwMzM4NDZaMC4xLDAqBgNVBAMTI3ctY2FoLTc5MC0wMS5pbmZvdGVj\naC5tb25hc2guZWR1LmF1MIIBIjANBgkqhkiG9w0BAQEFAAOCAQ8AMIIBCgKCAQEA\n6A7uiP2B67mpSew26ZrIiOqwN1v1amFcS9e2weqoY+bEngFJiRhfwoRImSwQqLL+\nK/GIhefQEOIVoVJpjL/x/sW+gf5nJJh7Naf3aqFQWHTwfI6xdz87QNkTU4OVvXgt\nv3i2MwMjRCDuwbE3gvYYjCFWsyVM3GBqpkHns3PhzJMcZI1CVYcRT4g+lRgKtLPK\nkRK5kn5pDgDTJegROoAsTjphnnzn0RUrY0+X/ygIMRdinVwai4fko/KonIwlmanE\n2c8oB3tvGKv2KlyhixkT6nL1VDKqbzAYtMQVk98A8aDQQYGgE3PWpA+yGXYFhDk5\nqPHMYJy/o83vevs0xJ+7OwIDAQABo4GKMIGHMGYGA1UdEQRfMF2CI3ctY2FoLTc5\nMC0wMS5pbmZvdGVjaC5tb25hc2guZWR1LmF1hjZodHRwczovL3ctY2FoLTc5MC0w\nMS5pbmZvdGVjaC5tb25hc2guZWR1LmF1L3NoaWJib2xldGgwHQYDVR0OBBYEFBgY\nvLQuA6hEdSxCu1Y5P7uIu1kiMA0GCSqGSIb3DQEBBQUAA4IBAQCjjPXdcypdzGQf\newj1QyjXLNQMzjJAzuAAgE5wWueOXoG4MpQrstg7DBALowI79TKEgQZK1KY+PxvJ\nkTIvW92By8K8IkYW6rw0MBShe+wIcaDaufBjwcjOY3n6Pireg5oDvzNS4YJVOUq0\n4WVmCceMyk/PHGx+H5ZN6b3+SHaaNi1EQEYecHFw7iVjgjHGfShVuwm76OUcwRZV\nYEPGPLTGSErzCvi6m74HxW2UzPrSBKuczbo8VR0KR0ArGnSMh9eJUSXdxawgAZF4\nE9qFFNZ+KoAc6PEyv+lUCBqkeCn88Z00Dr1N7Q64Z4+zwbQkUEATZ+ubqSCL31bx\nfJylGaYd','25:D7:9D:97:7D:CC:B6:29:0D:E9:9F:31:DD:6F:82:2F:7B:16:AD:E1'),(236,'aa','MIIFIjCCBAqgAwIBAgIRALDficO6UuyALfHot8ogi0swDQYJKoZIhvcNAQEFBQAw\nWjELMAkGA1UEBhMCQVUxEDAOBgNVBAoTB0F1c0NFUlQxHTAbBgNVBAsTFENlcnRp\nZmljYXRlIFNlcnZpY2VzMRowGAYDVQQDExFBdXNDRVJUIFNlcnZlciBDQTAeFw0x\nMDA1MjQwMDAwMDBaFw0xMzA1MjMyMzU5NTlaMIGbMQswCQYDVQQGEwJBVTEYMBYG\nA1UECBMPU291dGggQXVzdHJhbGlhMREwDwYDVQQHEwhBZGVsYWlkZTEcMBoGA1UE\nChMTQWRlbGFpZGUgVW5pdmVyc2l0eTEcMBoGA1UECxMTVGVjaG5vbG9neSBTZXJ2\naWNlczEjMCEGA1UEAxMaYXUtaWRwLWRldi5hZGVsYWlkZS5lZHUuYXUwggEiMA0G\nCSqGSIb3DQEBAQUAA4IBDwAwggEKAoIBAQCxfNzTFwK7cS3/dQTlLBYvS2IXmVLM\nTYaUufaFvr1/WMddC1lObZ7LxIJMnxADYNl5q3gRlUMWCShVVSlYarxYaIZwES4R\nPe3Oggq2kXCBK4yKgvtooX0A87QyQXXz+iItN8lnLMoMYgwiFovT9vDMKlnTIpg+\nH3yGINOmXun/kmxFDEkA99X2uZ9gTun434C09Csj2vETWZtRbevgfjhVEd01F3JB\ni19G+OrDedsaSdzg7GeDloLkHnLHzfMLV3Qk804adiHFi3Qp15cbpvHyUguoqcl+\nAOcjEJSKWC440IT0jh0iKHP4RBVcUBVCvdXaFpb2BcxqKz4UE3+oKFv5AgMBAAGj\nggGfMIIBmzAfBgNVHSMEGDAWgBSUayO5JuqCtFNgnYld9wLE2Sld6TAdBgNVHQ4E\nFgQUDs1yEEPlyJ6K++nfamJitXSbs8QwDgYDVR0PAQH/BAQDAgWgMAwGA1UdEwEB\n/wQCMAAwHQYDVR0lBBYwFAYIKwYBBQUHAwEGCCsGAQUFBwMCMBkGA1UdIAQSMBAw\nDgYMKwYBBAGBtz0FAQEAMEEGA1UdHwQ6MDgwNqA0oDKGMGh0dHA6Ly9jcmwuY3Mu\nYXVzY2VydC5vcmcuYXUvQXVzQ0VSVFNlcnZlckNBLmNybDB3BggrBgEFBQcBAQRr\nMGkwPAYIKwYBBQUHMAKGMGh0dHA6Ly9jcnQuY3MuYXVzY2VydC5vcmcuYXUvQXVz\nQ0VSVFNlcnZlckNBLmNydDApBggrBgEFBQcwAYYdaHR0cDovL29jc3AuY3MuYXVz\nY2VydC5vcmcuYXUwRQYDVR0RBD4wPIIaYXUtaWRwLWRldi5hZGVsYWlkZS5lZHUu\nYXWCHnd3dy5hdS1pZHAtZGV2LmFkZWxhaWRlLmVkdS5hdTANBgkqhkiG9w0BAQUF\nAAOCAQEAlT6/2kn/4WTV4ZM1Npfnf1vNO+MOUMIqmadng1IgJ+wpf2PqkruqCBAr\nCIE1wQ5Leqe/TWwN2R9NvX8uXt6oKopfX5Ekj8DucEvSSGZF/sWRSfAlDFH2r6qW\nOwNdF3XqomfSTB1KsLzLizyyDrH6OE/XBb99tFvreBwtkdf23hN5AT15Zjdt393z\nIJmB4QeaNAW4a6hAHqfjl4rxkWTWRqeNkzSnPygCeaF1GzwkkytsQIgU7Qm/lNkX\nzchDBBqWp1AgdpSrbbj+Ayih2Bwkd9mkqIm2p5M/09o+MsND8WqsUxdx3rnIeogv\niFGoHJF/XU/ST/uzNO0lxcKNkRwP4w==','B5:BE:B2:6B:4B:77:04:9B:2D:E8:C7:4D:B4:D3:DC:80:AD:8C:56:CF'),(236,'sso','MIIFIjCCBAqgAwIBAgIRALDficO6UuyALfHot8ogi0swDQYJKoZIhvcNAQEFBQAw\nWjELMAkGA1UEBhMCQVUxEDAOBgNVBAoTB0F1c0NFUlQxHTAbBgNVBAsTFENlcnRp\nZmljYXRlIFNlcnZpY2VzMRowGAYDVQQDExFBdXNDRVJUIFNlcnZlciBDQTAeFw0x\nMDA1MjQwMDAwMDBaFw0xMzA1MjMyMzU5NTlaMIGbMQswCQYDVQQGEwJBVTEYMBYG\nA1UECBMPU291dGggQXVzdHJhbGlhMREwDwYDVQQHEwhBZGVsYWlkZTEcMBoGA1UE\nChMTQWRlbGFpZGUgVW5pdmVyc2l0eTEcMBoGA1UECxMTVGVjaG5vbG9neSBTZXJ2\naWNlczEjMCEGA1UEAxMaYXUtaWRwLWRldi5hZGVsYWlkZS5lZHUuYXUwggEiMA0G\nCSqGSIb3DQEBAQUAA4IBDwAwggEKAoIBAQCxfNzTFwK7cS3/dQTlLBYvS2IXmVLM\nTYaUufaFvr1/WMddC1lObZ7LxIJMnxADYNl5q3gRlUMWCShVVSlYarxYaIZwES4R\nPe3Oggq2kXCBK4yKgvtooX0A87QyQXXz+iItN8lnLMoMYgwiFovT9vDMKlnTIpg+\nH3yGINOmXun/kmxFDEkA99X2uZ9gTun434C09Csj2vETWZtRbevgfjhVEd01F3JB\ni19G+OrDedsaSdzg7GeDloLkHnLHzfMLV3Qk804adiHFi3Qp15cbpvHyUguoqcl+\nAOcjEJSKWC440IT0jh0iKHP4RBVcUBVCvdXaFpb2BcxqKz4UE3+oKFv5AgMBAAGj\nggGfMIIBmzAfBgNVHSMEGDAWgBSUayO5JuqCtFNgnYld9wLE2Sld6TAdBgNVHQ4E\nFgQUDs1yEEPlyJ6K++nfamJitXSbs8QwDgYDVR0PAQH/BAQDAgWgMAwGA1UdEwEB\n/wQCMAAwHQYDVR0lBBYwFAYIKwYBBQUHAwEGCCsGAQUFBwMCMBkGA1UdIAQSMBAw\nDgYMKwYBBAGBtz0FAQEAMEEGA1UdHwQ6MDgwNqA0oDKGMGh0dHA6Ly9jcmwuY3Mu\nYXVzY2VydC5vcmcuYXUvQXVzQ0VSVFNlcnZlckNBLmNybDB3BggrBgEFBQcBAQRr\nMGkwPAYIKwYBBQUHMAKGMGh0dHA6Ly9jcnQuY3MuYXVzY2VydC5vcmcuYXUvQXVz\nQ0VSVFNlcnZlckNBLmNydDApBggrBgEFBQcwAYYdaHR0cDovL29jc3AuY3MuYXVz\nY2VydC5vcmcuYXUwRQYDVR0RBD4wPIIaYXUtaWRwLWRldi5hZGVsYWlkZS5lZHUu\nYXWCHnd3dy5hdS1pZHAtZGV2LmFkZWxhaWRlLmVkdS5hdTANBgkqhkiG9w0BAQUF\nAAOCAQEAlT6/2kn/4WTV4ZM1Npfnf1vNO+MOUMIqmadng1IgJ+wpf2PqkruqCBAr\nCIE1wQ5Leqe/TWwN2R9NvX8uXt6oKopfX5Ekj8DucEvSSGZF/sWRSfAlDFH2r6qW\nOwNdF3XqomfSTB1KsLzLizyyDrH6OE/XBb99tFvreBwtkdf23hN5AT15Zjdt393z\nIJmB4QeaNAW4a6hAHqfjl4rxkWTWRqeNkzSnPygCeaF1GzwkkytsQIgU7Qm/lNkX\nzchDBBqWp1AgdpSrbbj+Ayih2Bwkd9mkqIm2p5M/09o+MsND8WqsUxdx3rnIeogv\niFGoHJF/XU/ST/uzNO0lxcKNkRwP4w==','B5:BE:B2:6B:4B:77:04:9B:2D:E8:C7:4D:B4:D3:DC:80:AD:8C:56:CF'),(770,'resource','MIIDQTCCAimgAwIBAgIJAKP0VRqbgdbBMA0GCSqGSIb3DQEBBQUAMCUxIzAhBgNV\nBAMTGml0dWR3LXdhcDEubWwudW5pc2EuZWR1LmF1MB4XDTEwMDYwMTA1MzczNFoX\nDTIwMDUyOTA1MzczNFowJTEjMCEGA1UEAxMaaXR1ZHctd2FwMS5tbC51bmlzYS5l\nZHUuYXUwggEiMA0GCSqGSIb3DQEBAQUAA4IBDwAwggEKAoIBAQDAva7r3bZsN2Ra\nDIfP/4DebWzvgC9Xd/Sq/6YrxxwyS/6ZuP0IZzkiSUBiftYIm5HlulvP8iZ74Ab+\nFKsyIYNVlHoiMz0HPrwB9ftdm9WYuFMStOzmOvP9MogIc+eempKB7Vw4TvkiF20f\nTNds9sfDoTeNd2UBRZ8YHcTUjoPia9b9AEJrCy5lsKNqRj2kBu60l/sj31Ksq8Qi\nPVJUHumaS1j1QmL81bGcAhv4WFwFmUGle6gjareGpbay5Vf9Yf2P0kxq2Mq1PSu9\n83w2SaxsIsNFPvkbLJP2j4JVf89Y2UStEH6MAW8CBPhDJD1Zcs4r3eOws6q7R5WU\nL9a2m1kJAgMBAAGjdDByMFEGA1UdEQRKMEiCGml0dWR3LXdhcDEubWwudW5pc2Eu\nZWR1LmF1hipodHRwczovL2FwcC1zcC1kZXYudW5pc2EuZWR1LmF1L3NoaWJib2xl\ndGgwHQYDVR0OBBYEFJLYHt1cRcIk5IRtG8F8yi8b+jY3MA0GCSqGSIb3DQEBBQUA\nA4IBAQBYoPYV140vohCvROOxRbA2yLdAfUQ/HJiT7BlTnDcWYsjCYe1u3wSv7V+q\ncAhTExsmJ9mdgOGytSSsYNjw5dX0kWc+rfC7d3RR928YhY7W4rh7hNMMlHqKGsA5\nLbOyzxZsA7IxcaIt3rkw760MuPcbUMBlKrzStHkiqj4GHo45EoO2Pwcegj5IGtRr\nPmyX68Hz1CJt3Zo/PbEHN7cKCF6hP3QQj8dH4fYRO4xel1sC5jf/EcHA+GxEItDX\nwjSdDUIuj0b05nWUrHzqMp6FBLL1h9otWXjH3WlK8zZcGq0+tAO42iyOT70nO6jt\nQ21EYzMeypr9zgD+wdTZVD9MSyZJ','35:8F:67:78:D1:F2:17:18:4D:F7:FE:82:34:15:C9:53:12:B9:10:BD'),(773,'resource','MIIDSDCCAjCgAwIBAgIJAIYXmMdRs6ddMA0GCSqGSIb3DQEBBQUAMCYxJDAiBgNV\nBAMTG21vdmV0b21vb2RsZS5uZXRzcG90LmNvbS5hdTAeFw0xMDA2MDIwMDI3MDla\nFw0xMzA2MDEwMDI3MDlaMCYxJDAiBgNVBAMTG21vdmV0b21vb2RsZS5uZXRzcG90\nLmNvbS5hdTCCASIwDQYJKoZIhvcNAQEBBQADggEPADCCAQoCggEBAK7DIw9kVTew\n74DE7vEgpEMiB9TZ71+sa183zgha2yi1yZ6OKEV61OpFdQ6cXK7QwEEQUuBsv++2\nz32VqzoLqXThce/QrbRD+wUoUuGojxtJyUePtUK39/lYfupBODYTNebyhPoUjcPC\n0Cm1buSJLB86ryVozGU3UKtjPvRKOt+7l7+Tc67k9OjjRxb+NnGzpT4zWEGZUogU\nYg/LygSTWbResQtENKbjqfUL58cOoY46rzao8s3ZaLjJCOTtWVRDmuyX1N3GVn1U\nh9Epz8J5r8KTyneGQjj1dBFuwJoN+xB+Eo7Dxmrt+28v+Za5/LRnMCXRnnLBzJ7K\nDX6FwjxetI0CAwEAAaN5MHcwVgYDVR0RBE8wTYIbbW92ZXRvbW9vZGxlLm5ldHNw\nb3QuY29tLmF1hi5odHRwczovL21vdmV0b21vb2RsZS5uZXRzcG90LmNvbS5hdS9z\naGliYm9sZXRoMB0GA1UdDgQWBBQhXmL1NwmGD6eigDCe+/g2x6s0NTANBgkqhkiG\n9w0BAQUFAAOCAQEApyZeHnrTvj3SsSYU8AwYDMOt9Mrr39NQZfxF+tb2KOWym0vX\n4jP3OqA9vw73BRJAE7zMhJ7yq+9Yk4r/2npmyxeeIM76TfkRH8vXkSjEJtFODGk/\n7CNylnIl1SGCQNdZQXo3a0JwY96n5vqTtKQgxZA6d4JptGU3nNcPB2lN0KVd0iHz\nqAgz6gmTTcRLt3bgGu0nMMxfNUVEOsU7j8nPoQZ1Ljiw/aOKxfd4Sp2OuFbJvmmh\nbSRXmLnPSfgmRUHN9H4h0cSz0hSoWwI5KIF5yExPkBajp85iPG5K0wPBEwT5qp4b\nuRA175U7t18zisi5GY2CJsxpfWsDuCw8g22UbA==','60:00:F8:7C:EE:36:85:1D:CF:4F:F4:00:8B:B4:62:4F:68:6B:2D:84'),(776,'resource','MIIDMDCCAhigAwIBAgIJANED25b8JdqwMA0GCSqGSIb3DQEBBQUAMCAxHjAcBgNV\nBAMTFXBvZGQtYWFmLm1ldGFkYXRhLm5ldDAeFw0xMDA2MDkwMjQ3NTFaFw0xMzA2\nMDgwMjQ3NTFaMCAxHjAcBgNVBAMTFXBvZGQtYWFmLm1ldGFkYXRhLm5ldDCCASIw\nDQYJKoZIhvcNAQEBBQADggEPADCCAQoCggEBALs+5BXcFGWdndFFZCY6Wb0vJEqH\n6InKZESkcySKVkqsoPRdml5UN2pJI7Uszle32IdOuNSh73cn0ghPE5SwIbmih4uY\nLh2IQX8vHaOB7CxkLyBWstDWo02fnO0ch7yYImv0OF4gWwXAR7KACCBTUBRWZb6w\nLLyYgyFTYSLCHkmL8BVjZrpyCQwMfjavJw2NYI6/yVMTxJxNAaIT7UFcUye1zchv\n4J3LkvXzm6q+NnJVhSxLMiI5eWGtgAWoT1bbto6E22u/CbNKNcEnvj5T+zOpEqzJ\naPpzs3aQfirs3XbipcNKMcpfkPvJtdc0P11hj3tLA4hpa1SvNpuPi7GiVg0CAwEA\nAaNtMGswSgYDVR0RBEMwQYIVcG9kZC1hYWYubWV0YWRhdGEubmV0hihodHRwczov\nL3BvZGQtYWFmLm1ldGFkYXRhLm5ldC9zaGliYm9sZXRoMB0GA1UdDgQWBBQAVrus\nawtjiHMT+lJ6dSt3s2+Q8zANBgkqhkiG9w0BAQUFAAOCAQEAKI8xbyZRdARjaugI\nISHgx2lek/FyAwEnW1UXOO4MGWlaIpxv5bU7ZUil4lUZJD03nmvKuq2VCHgJUyJ1\nSjMehbltOPyE+BYeWdpNugSYZEYvlxRRlV0La7DdIAHP5w1QaYBubc/lfqfB0pk5\nae3Xpi9i8PNKdVj+k1NaKVROVpeX9hDmgfWCtXgm8lG4Ncm6Ba4abcJjvXLMOX3i\nhOjhrgXAa3kS00SH8m//ETQWk671nte773CIulUYRCZhNGt9UO8opeIJGZzaCTZi\n5Jb/HPZZ29TxXvUy+LXfOJ8EKnZkMp2rLmrHT8uuHjEv6esmsuxISry6ubJumQ5O\n2RB6eA==','EF:17:F5:8C:5D:21:07:AA:28:17:AE:EA:D4:31:FC:49:99:9F:0B:35'),(785,'resource','MIIDPzCCAiegAwIBAgIJAKVFlrr+6E4LMA0GCSqGSIb3DQEBBQUAMCQxIjAgBgNV\nBAMTGWlkbWRldi5hcHAudW5pbWVsYi5lZHUuYXUwHhcNMTAwNzIyMjIxOTQ3WhcN\nMTMwNzIxMjIxOTQ3WjAkMSIwIAYDVQQDExlpZG1kZXYuYXBwLnVuaW1lbGIuZWR1\nLmF1MIIBIjANBgkqhkiG9w0BAQEFAAOCAQ8AMIIBCgKCAQEAvRueew7f/FPjAFL5\ntqnmGEzD5CXyDB4Wg1+794FSAyhgYxHmXjWnj+LnPxgAOrvs1c56r5CbqVBLcB5X\n+oSyI3ndH+KOEia34URGn8XV7lHhyvWrPxMVd9j7AER3yUsDJAnDtaFgsk3hco0c\nXTCU//ecwfdR0F8WgN7XoSxmslD4FM0EWZNnzjBksTGWBV8hfOHVRlYdv8p7WmS2\nS46xPOlbuGSROD8sa0eBp+xmpv3xjYqOyHds1OHIlxFFhXKDhs6y4K5oIpZn29J1\nMDc1a8c8DV32mBJLK37mp8HaXpnaQQNATfq6n9bHDUR9uf/d4WwthFYZfxB75/lm\ngO6GDwIDAQABo3QwcjBRBgNVHREESjBIghlpZG1kZXYuYXBwLnVuaW1lbGIuZWR1\nLmF1hitodHRwczovL2lkbWRldi5hcHAudW5pbWVsYi5lZHUuYXUvc3NvL2FhZnNw\nMB0GA1UdDgQWBBQN32xRA1umoWQtMvPysFhIJTcTBDANBgkqhkiG9w0BAQUFAAOC\nAQEAHwiXnU0qarlJ8CqAU7fP25jWC061hZQbkQruoUVU00/+5r53kPcs5GZpUNah\nsEDflhBYmjdQKTJBKVcwiyLD7hLtN1SL+zyx3KtI3w0+JXJN1l+Ai5l9ReLoXz8F\nwCAze4Lo/0Yp3lx/J5QXLY5ioxgnRG8a0J7w197XRp5KYb5xMexx4CB8zyFAXM+i\na7zUFwKs3l7w35p9lzSaZhOTZSkXsQelNhIFAwRvcw9LGVMhiRNnWlh7BxBfoQkn\npl5IGeiBAQXBlRk+jD1B+kYYgUsxU1rqt+TD/t+Ylf6iZwkOJWmgiS3Hakp5Zc9s\nRDjqh/iGKoh1HKUz2XwY1GRqDg==','C6:EB:F6:18:6F:98:17:63:68:9E:41:31:19:A2:CE:F0:07:FF:A3:A1'),(242,'sso','MIIDajCCAlKgAwIBAgIJAOSsYCHytwmJMA0GCSqGSIb3DQEBBQUAMCIxIDAeBgNV\r\nBAMTF3NoaWJhYS1kZXYudW5pc2EuZWR1LmF1MB4XDTEwMDUxMzAxMjYxMVoXDTIw\r\nMDUxMDAxMjYxMVowIjEgMB4GA1UEAxMXc2hpYmFhLWRldi51bmlzYS5lZHUuYXUw\r\nggEiMA0GCSqGSIb3DQEBAQUAA4IBDwAwggEKAoIBAQDMQR3EXGVeWm5MJr/z4JO1\r\nV6PRbpquKe5WprnG+rUW0QZe65Itv1h2dMzxPg4FPcm5qNwk5k68NCAjyM+sgMqP\r\n3hHhDbZRm5B5M52vMExAw+VQLPfRUbK/+5Qtytm/n4XGDaNJnJDnZlghLvDH2gfJ\r\nBKTgf9IfW9ou5apzG3TfIbL6WjsiIWmL38vyHmySqLwVt0a1pqKRIAP1ZU46Gqee\r\nRUzDHnwFLiSLJfluhkXSa5RNtvBv7fAalHDLSvaQti3p0K9rlThAXIQc8WcZ0nm0\r\nSxSti7+FwSEbyRJYomYQqr4+Pf1xcroPhJWS2ZQmtKAS0djIqPpyvuYhlMJQM5nf\r\nAgMBAAGjgaIwgZ8wfgYDVR0RBHcwdYIXc2hpYmFhLWRldi51bmlzYS5lZHUuYXWG\r\nLmh0dHBzOi8vc2hpYmFhLWRldi51bmlzYS5lZHUuYXUvaWRwL3NoaWJib2xldGiG\r\nKmh0dHBzOi8vdW5pc2EuZWR1LmF1L3NoaWJhYS1kZXYvc2hpYmJvbGV0aDAdBgNV\r\nHQ4EFgQUDQ2nWtCUrO+jS10i5tHya8jU7SswDQYJKoZIhvcNAQEFBQADggEBAMLl\r\n49Yfdwrxa9hQwaIQIztNlckxPUJ2I6B6fSDVlrBhGB5K9QlJJNsaA+1CIT2dFjdo\r\noDoRMw2gjtvof0eXMKqhYzw+sgvxyg+vHy62oTjWJnIwKmX2/Ey5g1UYyAtSNNK0\r\nZ5ReavYPtbanO3l9lkIkv9c/n6NoiQlmvrwkDllhpEp7bWYLpNbawt5EiOzRJj3m\r\nAUss/P+3ElDO6FkomxbRaWP7yvcR2likPTesI8yqFqm2teRv+/k5obpVW6hjKklk\r\ne84/xV3apVq6MlygcNXs3yQKGVifJp5N9AZ6CaZgHT/54GSsahxXXzqDguI/e1af\r\nWJZvX9T6XS85hqm4M9o=','15:F8:31:87:3B:31:85:CD:E7:24:DF:84:71:A7:78:BD:E0:31:D4:39'),(242,'aa','MIIDajCCAlKgAwIBAgIJAOSsYCHytwmJMA0GCSqGSIb3DQEBBQUAMCIxIDAeBgNV\r\nBAMTF3NoaWJhYS1kZXYudW5pc2EuZWR1LmF1MB4XDTEwMDUxMzAxMjYxMVoXDTIw\r\nMDUxMDAxMjYxMVowIjEgMB4GA1UEAxMXc2hpYmFhLWRldi51bmlzYS5lZHUuYXUw\r\nggEiMA0GCSqGSIb3DQEBAQUAA4IBDwAwggEKAoIBAQDMQR3EXGVeWm5MJr/z4JO1\r\nV6PRbpquKe5WprnG+rUW0QZe65Itv1h2dMzxPg4FPcm5qNwk5k68NCAjyM+sgMqP\r\n3hHhDbZRm5B5M52vMExAw+VQLPfRUbK/+5Qtytm/n4XGDaNJnJDnZlghLvDH2gfJ\r\nBKTgf9IfW9ou5apzG3TfIbL6WjsiIWmL38vyHmySqLwVt0a1pqKRIAP1ZU46Gqee\r\nRUzDHnwFLiSLJfluhkXSa5RNtvBv7fAalHDLSvaQti3p0K9rlThAXIQc8WcZ0nm0\r\nSxSti7+FwSEbyRJYomYQqr4+Pf1xcroPhJWS2ZQmtKAS0djIqPpyvuYhlMJQM5nf\r\nAgMBAAGjgaIwgZ8wfgYDVR0RBHcwdYIXc2hpYmFhLWRldi51bmlzYS5lZHUuYXWG\r\nLmh0dHBzOi8vc2hpYmFhLWRldi51bmlzYS5lZHUuYXUvaWRwL3NoaWJib2xldGiG\r\nKmh0dHBzOi8vdW5pc2EuZWR1LmF1L3NoaWJhYS1kZXYvc2hpYmJvbGV0aDAdBgNV\r\nHQ4EFgQUDQ2nWtCUrO+jS10i5tHya8jU7SswDQYJKoZIhvcNAQEFBQADggEBAMLl\r\n49Yfdwrxa9hQwaIQIztNlckxPUJ2I6B6fSDVlrBhGB5K9QlJJNsaA+1CIT2dFjdo\r\noDoRMw2gjtvof0eXMKqhYzw+sgvxyg+vHy62oTjWJnIwKmX2/Ey5g1UYyAtSNNK0\r\nZ5ReavYPtbanO3l9lkIkv9c/n6NoiQlmvrwkDllhpEp7bWYLpNbawt5EiOzRJj3m\r\nAUss/P+3ElDO6FkomxbRaWP7yvcR2likPTesI8yqFqm2teRv+/k5obpVW6hjKklk\r\ne84/xV3apVq6MlygcNXs3yQKGVifJp5N9AZ6CaZgHT/54GSsahxXXzqDguI/e1af\r\nWJZvX9T6XS85hqm4M9o=','15:F8:31:87:3B:31:85:CD:E7:24:DF:84:71:A7:78:BD:E0:31:D4:39'),(0,'issuingca','MIIGVTCCBT2gAwIBAgIQCFH5WYFBRcq94CTiEsnCDjANBgkqhkiG9w0BAQUFADBs\nMQswCQYDVQQGEwJVUzEVMBMGA1UEChMMRGlnaUNlcnQgSW5jMRkwFwYDVQQLExB3\nd3cuZGlnaWNlcnQuY29tMSswKQYDVQQDEyJEaWdpQ2VydCBIaWdoIEFzc3VyYW5j\nZSBFViBSb290IENBMB4XDTA3MDQwMzAwMDAwMFoXDTIyMDQwMzAwMDAwMFowZjEL\nMAkGA1UEBhMCVVMxFTATBgNVBAoTDERpZ2lDZXJ0IEluYzEZMBcGA1UECxMQd3d3\nLmRpZ2ljZXJ0LmNvbTElMCMGA1UEAxMcRGlnaUNlcnQgSGlnaCBBc3N1cmFuY2Ug\nQ0EtMzCCASIwDQYJKoZIhvcNAQEBBQADggEPADCCAQoCggEBAL9hCikQH17+NDdR\nCPge+yLtYb4LDXBMUGMmdRW5QYiXtvCgFbsIYOBC6AUpEIc2iihlqO8xB3RtNpcv\nKEZmBMcqeSZ6mdWOw21PoF6tvD2Rwll7XjZswFPPAAgyPhBkWBATaccM7pxCUQD5\nBUTuJM56H+2MEb0SqPMV9Bx6MWkBG6fmXcCabH4JnudSREoQOiPkm7YDr6ictFuf\n1EutkozOtREqqjcYjbTCuNhcBoz4/yO9NV7UfD5+gw6RlgWYw7If48hl66l7XaAs\nzPw82W3tzPpLQ4zJ1LilYRyyQLYoEt+5+F/+07LJ7z20Hkt8HEyZNp496+ynaF4d\n32duXvsCAwEAAaOCAvcwggLzMA4GA1UdDwEB/wQEAwIBhjCCAcYGA1UdIASCAb0w\nggG5MIIBtQYLYIZIAYb9bAEDAAIwggGkMDoGCCsGAQUFBwIBFi5odHRwOi8vd3d3\nLmRpZ2ljZXJ0LmNvbS9zc2wtY3BzLXJlcG9zaXRvcnkuaHRtMIIBZAYIKwYBBQUH\nAgIwggFWHoIBUgBBAG4AeQAgAHUAcwBlACAAbwBmACAAdABoAGkAcwAgAEMAZQBy\nAHQAaQBmAGkAYwBhAHQAZQAgAGMAbwBuAHMAdABpAHQAdQB0AGUAcwAgAGEAYwBj\nAGUAcAB0AGEAbgBjAGUAIABvAGYAIAB0AGgAZQAgAEQAaQBnAGkAQwBlAHIAdAAg\nAEMAUAAvAEMAUABTACAAYQBuAGQAIAB0AGgAZQAgAFIAZQBsAHkAaQBuAGcAIABQ\nAGEAcgB0AHkAIABBAGcAcgBlAGUAbQBlAG4AdAAgAHcAaABpAGMAaAAgAGwAaQBt\nAGkAdAAgAGwAaQBhAGIAaQBsAGkAdAB5ACAAYQBuAGQAIABhAHIAZQAgAGkAbgBj\nAG8AcgBwAG8AcgBhAHQAZQBkACAAaABlAHIAZQBpAG4AIABiAHkAIAByAGUAZgBl\nAHIAZQBuAGMAZQAuMA8GA1UdEwEB/wQFMAMBAf8wNAYIKwYBBQUHAQEEKDAmMCQG\nCCsGAQUFBzABhhhodHRwOi8vb2NzcC5kaWdpY2VydC5jb20wgY8GA1UdHwSBhzCB\nhDBAoD6gPIY6aHR0cDovL2NybDMuZGlnaWNlcnQuY29tL0RpZ2lDZXJ0SGlnaEFz\nc3VyYW5jZUVWUm9vdENBLmNybDBAoD6gPIY6aHR0cDovL2NybDQuZGlnaWNlcnQu\nY29tL0RpZ2lDZXJ0SGlnaEFzc3VyYW5jZUVWUm9vdENBLmNybDAfBgNVHSMEGDAW\ngBSxPsNpA/i/RwHUmCYaCALvY2QrwzAdBgNVHQ4EFgQUUOpzidsp+xCPnuUBINTe\neZlIg/cwDQYJKoZIhvcNAQEFBQADggEBAF1PhPGoiNOjsrycbeUpSXfh59bcqdg1\nrslx3OXb3J0kIZCmz7cBHJvUV5eR13UWpRLXuT0uiT05aYrWNTf58SHEW0CtWakv\nXzoAKUMncQPkvTAyVab+hA4LmzgZLEN8rEO/dTHlIxxFVbdpCJG1z9fVsV7un5Tk\n1nq5GMO41lJjHBC6iy9tXcwFOPRWBW3vnuzoYTYMFEuFFFoMg08iXFnLjIpx2vrF\nEIRYzwfu45DC9fkpx1ojcflZtGQriLCnNseaIGHr+k61rmsb5OPs4tk8QUmoIKRU\n9ZKNu8BVIASm2LAXFszj0Mi0PeXZhMbT9m5teMl5Q+h6N/9cNUm/ocU=','A2:E3:2A:1A:2E:9F:AB:6E:AD:6B:05:F6:4E:A0:64:13:39:E1:00:11'),(0,'issuingca','MIIEQjCCA6ugAwIBAgIEQodApTANBgkqhkiG9w0BAQUFADCBwzELMAkGA1UEBhMC\nVVMxFDASBgNVBAoTC0VudHJ1c3QubmV0MTswOQYDVQQLEzJ3d3cuZW50cnVzdC5u\nZXQvQ1BTIGluY29ycC4gYnkgcmVmLiAobGltaXRzIGxpYWIuKTElMCMGA1UECxMc\nKGMpIDE5OTkgRW50cnVzdC5uZXQgTGltaXRlZDE6MDgGA1UEAxMxRW50cnVzdC5u\nZXQgU2VjdXJlIFNlcnZlciBDZXJ0aWZpY2F0aW9uIEF1dGhvcml0eTAeFw0wNjEw\nMDEwNTAwMDBaFw0xNDA3MjYxODE1MTVaMGwxCzAJBgNVBAYTAlVTMRUwEwYDVQQK\nEwxEaWdpQ2VydCBJbmMxGTAXBgNVBAsTEHd3dy5kaWdpY2VydC5jb20xKzApBgNV\nBAMTIkRpZ2lDZXJ0IEhpZ2ggQXNzdXJhbmNlIEVWIFJvb3QgQ0EwggEiMA0GCSqG\nSIb3DQEBAQUAA4IBDwAwggEKAoIBAQDGzOVz5vvUu+UtLTKm3+WBP8nNJUm2cSrD\n1ZQ0Z6IKHLBfaaZAscS3so/QmKSpQVk609yU1jzbdDikSsxNJYL3SqVTEjju80lt\ncZF+Y7arpl/DpIT4T2JRvvjF7Ns4kuMG5QiRDMQoQVX7y1qJFX5x6DW/TXIJPb46\nOFBbdzEbjbPHJEWap6xtABRaBLe6E+tRCphBQSJOZWGHgUFQpnlcid4ZSlfVLuZd\nHFMsfpjNGgYWpGhz0DQEE1yhcdNafFXbXmThN4cwVgTlEbQpgBLxeTmIogIRfCdm\nt4i3ePLKCqg4qwpkwr9mXZWEwaElHoddGlALIBLMQbtuC1E4uEvLAgMBAAGjggET\nMIIBDzASBgNVHRMBAf8ECDAGAQH/AgEBMCcGA1UdJQQgMB4GCCsGAQUFBwMBBggr\nBgEFBQcDAgYIKwYBBQUHAwQwMwYIKwYBBQUHAQEEJzAlMCMGCCsGAQUFBzABhhdo\ndHRwOi8vb2NzcC5lbnRydXN0Lm5ldDAzBgNVHR8ELDAqMCigJqAkhiJodHRwOi8v\nY3JsLmVudHJ1c3QubmV0L3NlcnZlcjEuY3JsMB0GA1UdDgQWBBSxPsNpA/i/RwHU\nmCYaCALvY2QrwzALBgNVHQ8EBAMCAQYwHwYDVR0jBBgwFoAU8BdiE1U9s/8KAGv7\nUISX8+1i0BowGQYJKoZIhvZ9B0EABAwwChsEVjcuMQMCAIEwDQYJKoZIhvcNAQEF\nBQADgYEASA4rbyBiTCiToyQ9WKshz4D4mpeQaiLtWnxHNpnneYR1qySPkgrVYQSu\nw2pcsszZ5ESHb9uPOGL3RDadurxuB8TUjegf0Qtgo7WczmO+7Wfc+Lrebskly1u1\nnXZwC99CcvhPQRFkpdLq/NWvEfQVOGecIKhLd1qRMkIy54Wz3zY=','91:8D:A5:E4:99:C1:5F:7C:62:75:B1:24:FE:DE:53:35:7C:34:BD:36'),(245,'sso','MIIDPTCCAiWgAwIBAgIJAJrGXj2a8pYgMA0GCSqGSIb3DQEBBQUAMCQxIjAgBgNV\nBAMTGWlkbWRldi5hcHAudW5pbWVsYi5lZHUuYXUwHhcNMTAwNzA2MDEzMDQ4WhcN\nMTMwNzA1MDEzMDQ4WjAkMSIwIAYDVQQDExlpZG1kZXYuYXBwLnVuaW1lbGIuZWR1\nLmF1MIIBIjANBgkqhkiG9w0BAQEFAAOCAQ8AMIIBCgKCAQEA6QgDKjfT6oohyWso\nQV10LBLPC4MK8wQe9BywC98z0er6vR1NFZW3GWExbi5tSpua12OmLOvWr5a+w8Vy\n5ArAZatipLYcri57xH+j3jHm0hBwt0e8BuGydOicuUIFs+eW6SRd1qUuFQ0pLNtp\n775Klk3P6RtaCCMWvRr61mJklWeqPIgSrKP5QWhJ8khyKPcASsRvyRzgxnro4OGe\nVRhMhi8IoiM1A8t1RjuaQFfndLDJGk4AOZn+9Uu2a+Fg0Ln9J+GFdQLlbMxdgO5g\nxxOgHmeKExvVbaebFGmzM6tA99KVrAZpEZm9dlOWw5bT1KKOjOQhIOvi9e7c6S6y\naORaAwIDAQABo3IwcDBPBgNVHREESDBGghlpZG1kZXYuYXBwLnVuaW1lbGIuZWR1\nLmF1hilodHRwczovL2lkbWRldi5hcHAudW5pbWVsYi5lZHUuYXUvc3NvL2FhZjAd\nBgNVHQ4EFgQUU6ph1FT9p0EaoYcwfrC42Gzd6oIwDQYJKoZIhvcNAQEFBQADggEB\nAMrRCUtJ+gORiuU+SpYoZEVsNBsqQ/EIT8ILyPHd5FsoYHYmevyvtUmxXmGiV+hG\nH/LBd6TOKyy+Kyqi++4QTRExM9bhmJ6jC3Lgap0une+wFj0wYIfhk9ppbHLALoGN\nzZ0gof3yHV1vE7L9Qh9xYOETHf6Wz4dDQznwmmhzcC58JsUoOvQquRmSULvcrXed\nPmUOeGgtt3Eg57qMUywtN6B9vkg4UDsVtQb6L9nNCOxGTcDF4IXsMu1zXwUS8ArL\nm2jwK/eZ8Zh48FJu4oLmq/WSRWIlZOIgVJsezpYOOvsOOfp5727Rm7fycmGlVxz+\nfFH7qWHd9jR4lqCnMBwgEXA=','4E:96:C4:1A:5E:7B:0F:7A:85:8E:33:AD:C9:24:20:B7:3E:68:B3:65'),(245,'aa','MIIGSDCCBTCgAwIBAgIQAfWOGGMdRtuAS4fHbtcW1zANBgkqhkiG9w0BAQUFADBm\nMQswCQYDVQQGEwJVUzEVMBMGA1UEChMMRGlnaUNlcnQgSW5jMRkwFwYDVQQLExB3\nd3cuZGlnaWNlcnQuY29tMSUwIwYDVQQDExxEaWdpQ2VydCBIaWdoIEFzc3VyYW5j\nZSBDQS0zMB4XDTEwMDcwNjAwMDAwMFoXDTExMDcxMzIzNTk1OVowgaYxCzAJBgNV\nBAYTAkFVMREwDwYDVQQIEwhWaWN0b3JpYTESMBAGA1UEBxMJUGFya3ZpbGxlMSQw\nIgYDVQQKExtUaGUgVW5pdmVyc2l0eSBvZiBNZWxib3VybmUxJjAkBgNVBAsTHURh\ndGFiYXNlIEFkbWluaXN0cmF0aW9uIEdyb3VwMSIwIAYDVQQDExlpZG1kZXYuYXBw\nLnVuaW1lbGIuZWR1LmF1MIGfMA0GCSqGSIb3DQEBAQUAA4GNADCBiQKBgQCpzrKN\nVF3yfhz1LSZH7G0wNeoNZ0RdPGYoSeb2XO8+FEsWgNznl/pEreFeKJLu4YzXdH5X\n9riVSL7a6/cYChPmTm/MC2fAoHgp0qfS936nfMLgOY8cprolaw3aAr6h/b30QYzh\n4AXEWEX3oBrt7C/Ni2apRW7goX+yEJhMYZzbBQIDAQABo4IDMzCCAy8wHwYDVR0j\nBBgwFoAUUOpzidsp+xCPnuUBINTeeZlIg/cwHQYDVR0OBBYEFOTag7XRyan0LgtM\nFOP+fz6/KCfkMH8GCCsGAQUFBwEBBHMwcTAkBggrBgEFBQcwAYYYaHR0cDovL29j\nc3AuZGlnaWNlcnQuY29tMEkGCCsGAQUFBzAChj1odHRwOi8vd3d3LmRpZ2ljZXJ0\nLmNvbS9DQUNlcnRzL0RpZ2lDZXJ0SGlnaEFzc3VyYW5jZUNBLTMuY3J0MA4GA1Ud\nDwEB/wQEAwIFoDAMBgNVHRMBAf8EAjAAMGUGA1UdHwReMFwwLKAqoCiGJmh0dHA6\nLy9jcmwzLmRpZ2ljZXJ0LmNvbS9jYTMtMjAxMGUuY3JsMCygKqAohiZodHRwOi8v\nY3JsNC5kaWdpY2VydC5jb20vY2EzLTIwMTBlLmNybDCCAcYGA1UdIASCAb0wggG5\nMIIBtQYLYIZIAYb9bAEDAAEwggGkMDoGCCsGAQUFBwIBFi5odHRwOi8vd3d3LmRp\nZ2ljZXJ0LmNvbS9zc2wtY3BzLXJlcG9zaXRvcnkuaHRtMIIBZAYIKwYBBQUHAgIw\nggFWHoIBUgBBAG4AeQAgAHUAcwBlACAAbwBmACAAdABoAGkAcwAgAEMAZQByAHQA\naQBmAGkAYwBhAHQAZQAgAGMAbwBuAHMAdABpAHQAdQB0AGUAcwAgAGEAYwBjAGUA\ncAB0AGEAbgBjAGUAIABvAGYAIAB0AGgAZQAgAEQAaQBnAGkAQwBlAHIAdAAgAEMA\nUAAvAEMAUABTACAAYQBuAGQAIAB0AGgAZQAgAFIAZQBsAHkAaQBuAGcAIABQAGEA\ncgB0AHkAIABBAGcAcgBlAGUAbQBlAG4AdAAgAHcAaABpAGMAaAAgAGwAaQBtAGkA\ndAAgAGwAaQBhAGIAaQBsAGkAdAB5ACAAYQBuAGQAIABhAHIAZQAgAGkAbgBjAG8A\ncgBwAG8AcgBhAHQAZQBkACAAaABlAHIAZQBpAG4AIABiAHkAIAByAGUAZgBlAHIA\nZQBuAGMAZQAuMB0GA1UdJQQWMBQGCCsGAQUFBwMBBggrBgEFBQcDAjANBgkqhkiG\n9w0BAQUFAAOCAQEAf2bYTu2n8JU8pQs/FFjhwEr694UAAtmrq3o5C3hhseKdixB8\nCXbDyCzEXRecWaYZXNJO7U83yJJAZcZVXfYZF84Dt/2AsY3aBh/GhoeJ5DghJGLR\n26o2NOSsLtjeplsuDVno2bbZXKcuYcKwrL/T64RpxiGbEcElpPmfPl62KR4i5NY/\neuBkAbSIX6fv2AmhmsSzXdj0jGkmpFjwI6Ym8PMfnJWHB6cxYIxEysu4vzgyGmTy\n35swaBKsAJ+UPrZh98qtfn6TEUsZ6aBuTELIrarRBllncfj9X57vLRAIhihI5o4r\nFJtY2b8lvDzHtn6dRsapiZEw79HnooKDZPxeRw==','6C:5F:22:6A:60:D9:16:9B:85:98:BC:34:6F:9C:CA:62:C4:0F:B6:FD'),(779,'resource','MIIDEzCCAfugAwIBAgIJAP2A/6b0jfkxMA0GCSqGSIb3DQEBBQUAMBUxEzARBgNV\nBAMTCnBvcnRhbHRlc3QwHhcNMTAwNzA1MDc0OTM0WhcNMjAwNzAyMDc0OTM0WjAV\nMRMwEQYDVQQDEwpwb3J0YWx0ZXN0MIIBIjANBgkqhkiG9w0BAQEFAAOCAQ8AMIIB\nCgKCAQEAskRu1fyzFJDXjgc/xp/oA4FjKQQOLmxor/w1cJgv/bkn8OiM9wcNgSUP\noesYtfT/cnwYEm6kPz/N2u6hQGsNId2J+L3tAM1Q/U+wtKQNId2sjFz43UPn+GAf\notcebODeCC1pM2EaYDWZpvHT1SIlFRusLb5Vz8tETwe3deqqN1a91WLlU4jFcUXt\nX0LVVcnaoX8t5Mx5RewvMW8SOE4fUCYGpkBRvjLUj6lOPZykz54B7mInW2QPEM0q\nKfBdd4nZPBbQzQJV1YTFNp3sFJZbXvm37ORcafOfxExdu1TcOUDd17u7Am6xE4Vb\naW/7+3afWtrcZr9FUj9Koqip3E6uDQIDAQABo2YwZDBDBgNVHREEPDA6ggpwb3J0\nYWx0ZXN0hixodHRwczovL3BvcnRhbHRlc3Quc2YudXRhcy5lZHUuYXUvc2hpYmJv\nbGV0aDAdBgNVHQ4EFgQUlV+zY0UIPT3Mrccna9TmKApfn9swDQYJKoZIhvcNAQEF\nBQADggEBAIkoRf+P3GRAhH2d3MAbCBe8BLS/3bym86tiaiCror7uGPg52giDjZPd\nSE4+4fG7v8ErQeqt+FneUEERx4ZY6p4jMyzYkzEPfNNkWlpo+yMHzKhP3DSTich+\ns9fMit42tHJS8DiAKinvTi1lTMAPM9IOnnW2PLiXTvEJx2fwAINXuNtWr/YpyZTQ\nlUZHBn52AG7m8MeOtKvJRmtn0du42uDDFDWxSMpm/DYnt35JMSfFPdN0onB5Qe2u\n9XIkl2rU/tbgNQTSjjUY6d6xZLXqAgw1+rKIQXOMeGWEJCFCzAuVpBac3vXH87KF\nlpRvtb+FfM4las7fHCondgTXwfo/e8g=','03:95:0B:7A:56:66:34:17:75:0D:25:B9:D4:54:C9:83:F7:68:C5:F6'),(248,'sso','MIIDYTCCAkmgAwIBAgIVAN4rsI9HcsazAvTS11grWcEQwYLEMA0GCSqGSIb3DQEB\r\nBQUAMCgxJjAkBgNVBAMTHXNzcWlkcC5zbWFydHNlcnZlci5xbGQuZ292LmF1MB4X\r\nDTEwMDcyMTAxMzI1MloXDTMwMDcyMTAxMzI1MlowKDEmMCQGA1UEAxMdc3NxaWRw\r\nLnNtYXJ0c2VydmVyLnFsZC5nb3YuYXUwggEiMA0GCSqGSIb3DQEBAQUAA4IBDwAw\r\nggEKAoIBAQCHAnT4Ugmur1VL1W2NoRfvoKnk0dAj8ptdV8h6YdkalQHOyv2WI69Y\r\nOe7rcj2Y5g6y6KK8jpVLfXex7AaaTKlT2yXinS4bIc3y/Zbog8bsWwg0p8jSdx3S\r\nyIZri76Fz33CL56P5NkXz+46mMhyN2hOG1dfDG4DVU08ieNzR1bA+qUiuvOJRVOu\r\n3+UvMfCZJThti91CJANJFXRJ5F9qNVPY0FuCm2iLsL/dLUKJmR3Uzf6fUYncM0v2\r\nz+TCeupPQVNb2L8pz3t5RXOlyuZl34r2e5jt13Tyo4wu9q51S+qSnYeiqexA3Ek1\r\nV1dHflziN4XeI5ng0cD1W1qsLWbp267TAgMBAAGjgYEwfzBeBgNVHREEVzBVgh1z\r\nc3FpZHAuc21hcnRzZXJ2ZXIucWxkLmdvdi5hdYY0aHR0cHM6Ly9zc3FpZHAuc21h\r\ncnRzZXJ2ZXIucWxkLmdvdi5hdS9pZHAvc2hpYmJvbGV0aDAdBgNVHQ4EFgQULLHY\r\nZDMXB0bR0T2pGqZZvulbYiAwDQYJKoZIhvcNAQEFBQADggEBAEwpnSztDE3lxHhI\r\nvaDVR8R385XsK1HCvKCI7VIuv4PvzCv8IH+2qnmZzkMI45uVxijI0eI34lypgAAl\r\nqOg54FGgZ6PtdvPkgElqo++Zvm95JDJEq5jqygrCc34NvjEe2M1wfCpz6ENc+/2E\r\nFWxsdV4yB2O41/Pr3Dl4GiZ8bPrbkoUBBfga2pBr01ZGYSWGpZc8Ty4vwUf9YYc+\r\nQh3HWfcFfhmR287IsIs2qeZMMBT6ECTshEZ2g3tzOx+kFM0Y/zBfu5g6gog0WsIF\r\nOIku5I9Tlg4mzR+SAOecpa6YMmyv5eTEJFX0ktQcn5ieenf8NOKkGp8kg1LPneQy\r\n3Omzk0w=','33:9D:1B:79:F4:F7:68:65:A0:B8:01:B8:B6:42:4C:7E:48:1F:40:C6'),(248,'aa','MIIDYTCCAkmgAwIBAgIVAN4rsI9HcsazAvTS11grWcEQwYLEMA0GCSqGSIb3DQEB\r\nBQUAMCgxJjAkBgNVBAMTHXNzcWlkcC5zbWFydHNlcnZlci5xbGQuZ292LmF1MB4X\r\nDTEwMDcyMTAxMzI1MloXDTMwMDcyMTAxMzI1MlowKDEmMCQGA1UEAxMdc3NxaWRw\r\nLnNtYXJ0c2VydmVyLnFsZC5nb3YuYXUwggEiMA0GCSqGSIb3DQEBAQUAA4IBDwAw\r\nggEKAoIBAQCHAnT4Ugmur1VL1W2NoRfvoKnk0dAj8ptdV8h6YdkalQHOyv2WI69Y\r\nOe7rcj2Y5g6y6KK8jpVLfXex7AaaTKlT2yXinS4bIc3y/Zbog8bsWwg0p8jSdx3S\r\nyIZri76Fz33CL56P5NkXz+46mMhyN2hOG1dfDG4DVU08ieNzR1bA+qUiuvOJRVOu\r\n3+UvMfCZJThti91CJANJFXRJ5F9qNVPY0FuCm2iLsL/dLUKJmR3Uzf6fUYncM0v2\r\nz+TCeupPQVNb2L8pz3t5RXOlyuZl34r2e5jt13Tyo4wu9q51S+qSnYeiqexA3Ek1\r\nV1dHflziN4XeI5ng0cD1W1qsLWbp267TAgMBAAGjgYEwfzBeBgNVHREEVzBVgh1z\r\nc3FpZHAuc21hcnRzZXJ2ZXIucWxkLmdvdi5hdYY0aHR0cHM6Ly9zc3FpZHAuc21h\r\ncnRzZXJ2ZXIucWxkLmdvdi5hdS9pZHAvc2hpYmJvbGV0aDAdBgNVHQ4EFgQULLHY\r\nZDMXB0bR0T2pGqZZvulbYiAwDQYJKoZIhvcNAQEFBQADggEBAEwpnSztDE3lxHhI\r\nvaDVR8R385XsK1HCvKCI7VIuv4PvzCv8IH+2qnmZzkMI45uVxijI0eI34lypgAAl\r\nqOg54FGgZ6PtdvPkgElqo++Zvm95JDJEq5jqygrCc34NvjEe2M1wfCpz6ENc+/2E\r\nFWxsdV4yB2O41/Pr3Dl4GiZ8bPrbkoUBBfga2pBr01ZGYSWGpZc8Ty4vwUf9YYc+\r\nQh3HWfcFfhmR287IsIs2qeZMMBT6ECTshEZ2g3tzOx+kFM0Y/zBfu5g6gog0WsIF\r\nOIku5I9Tlg4mzR+SAOecpa6YMmyv5eTEJFX0ktQcn5ieenf8NOKkGp8kg1LPneQy\r\n3Omzk0w=','33:9D:1B:79:F4:F7:68:65:A0:B8:01:B8:B6:42:4C:7E:48:1F:40:C6'),(788,'resource','MIIDMDCCAhigAwIBAgIJAJ/OPNQlgNnTMA0GCSqGSIb3DQEBBQUAMCAxHjAcBgNV\nBAMTFWRldi50ZWxlc2NvcGUtbmV0LmNvbTAeFw0xMDA3MTkxMTU5NTZaFw0yMDA3\nMTYxMTU5NTZaMCAxHjAcBgNVBAMTFWRldi50ZWxlc2NvcGUtbmV0LmNvbTCCASIw\nDQYJKoZIhvcNAQEBBQADggEPADCCAQoCggEBAMkc4blyClYaifMDq+juh8RYzc7G\nOoxtojc//qgLi/DbCjjAPwVni79Vj9coK9DWmbv4mrk6vsQ7M3P+MSrnsJJyG5rO\nounrbVemWr1+4kxQ3/CCTmuGgpauLtLD9Dyci6pXU/9GggOx1UQLezljZXRaFwJB\nrT/GnbSot7y9gbUWlgPCo3VbaCUiJ/WbSEERFx5L4MH2oclUviEbwhmfA8UXEQ3Q\no7b6i4CEBWlIB2OuGkc5/AUCd9V30LzhLqXsIXkk0j3Am69e0Jao5Td9xbUYKPHu\nWPLiJQP54EzJ/PjK6xkMBRRGsF7tGuG4me6bMlFzmigsjV4guuc+GRlplV8CAwEA\nAaNtMGswSgYDVR0RBEMwQYIVZGV2LnRlbGVzY29wZS1uZXQuY29thihodHRwczov\nL2Rldi50ZWxlc2NvcGUtbmV0LmNvbS9zaGliYm9sZXRoMB0GA1UdDgQWBBSwIROM\n0Em4Bipt9Vm0RaMzA2003zANBgkqhkiG9w0BAQUFAAOCAQEAuvEQEPbHT9hwyyA4\npRzYR1htsG7utMoMoouQv8u4sm2xViIe4e3rdooQ+4WeRRy//oEsl8yfQpLKCbkg\nH63ki6zF+asi3r97LjW1cLN+FHriJSf/H+cClHYCNseUOiAQUNdAqTIi17/nbYK1\nOrbR7lxPQS/aBv8mmnVMHtfly+j2Q4/WCAdRj5g6la7SYlQgZKGMU0E7IujK6LsC\nuKpqULEEOCNVksSlam9A27CbP5ogD+QigzXswA0M/+GB/RdqRCy83sDIq2W6l1W0\njgNrAP8MrdAXSr2IRqFbUnEkuzD5FrXSpxF4AMDrywaPhWv+0mEiSgbeoa/iBKlb\nXBvadw==','C2:FA:1F:CC:76:7B:62:5C:5C:51:EF:C5:7A:D1:85:99:88:83:15:F0'),(782,'resource','MIIDPDCCAiSgAwIBAgIJAI3l6abwyddsMA0GCSqGSIb3DQEBBQUAMCMxITAfBgNV\nBAMTGGFhZm1haGFyYS5uZXRzcG90LmNvbS5hdTAeFw0xMDA3MDgwMTA3NTFaFw0x\nMzA3MDcwMTA3NTFaMCMxITAfBgNVBAMTGGFhZm1haGFyYS5uZXRzcG90LmNvbS5h\ndTCCASIwDQYJKoZIhvcNAQEBBQADggEPADCCAQoCggEBALSRmyfAQtNhVaz1k96g\nCabYKFJvYS+Zosq5PvpGwLIkE+21ZMUepMM4GzPlpXDn6TxRTKuZjVXRnaImWIHi\nYP+bv77eYweFbDPY+pMUAaWSxvykpCcIx15q5LxbR+eIMA44WKuhqH7QZ0ioHk90\nRh33R8gPtm1sjsGFT2kRZFSvxCugOEM+u6zEn5kFpDF9lcSCDAi4PLa+elDBnKYV\n0NS91qvslouWYvIRjnVx70k8aWvEG5yXO0dS7BeTproQiQyz0m8QPnLVHweLcJiS\n6TFCJ/GNcqt0G69qOW2IUmTESf2lsOw19W3Wgv3FQrLL8jzanNIwaOOuepRJL43r\nL80CAwEAAaNzMHEwUAYDVR0RBEkwR4IYYWFmbWFoYXJhLm5ldHNwb3QuY29tLmF1\nhitodHRwczovL2FhZm1haGFyYS5uZXRzcG90LmNvbS5hdS9zaGliYm9sZXRoMB0G\nA1UdDgQWBBQEf9MmSACZLT3htw1YQ8R3YL0+kzANBgkqhkiG9w0BAQUFAAOCAQEA\nF8hI4/aJOZude49eKR4DeDsxAr2XUzGS0ZJnr1ULRVJJUlUpiqIOePdEV+UH4PoI\nkkjravlZZ9YiZWy1BM+AupFGoet3YJImTpz6ew8FP0OpXtLv1DlRbJnbdu6dRYjw\n9qCA7J9NI8xf6sd9YqMISNRvkaO4TECeX/XBHWxEi3dkh10F1k+6Kmek70zbRsHb\nJF40ao06D0+UUTjUQE6xFPQBF0bkW1v7VkUZKCq5iym7p989wmV0GWnLLNoRkgv8\ndzSBdy+rnPx9RSpTtxmv+wAb0UCgV/1h/YTkEDTpRfgGaPIOAyrKMk7ZhWZbJxjg\nq2Ye90rzqIqlc4aBhX0LGQ==','53:1F:06:F3:ED:AB:BC:01:71:66:C0:65:FB:18:C1:AE:9E:D4:6A:94'),(251,'aa','MIIDQDCCAiigAwIBAgIJAOh6KiPwthdwMA0GCSqGSIb3DQEBBQUAMCMxITAfBgNV\nBAMTGHNzMmlkcC10ZXN0LnZlcnNpLmVkdS5hdTAeFw0xMDA3MjcwMjQ0NThaFw0x\nMzA3MjYwMjQ0NThaMCMxITAfBgNVBAMTGHNzMmlkcC10ZXN0LnZlcnNpLmVkdS5h\ndTCCASIwDQYJKoZIhvcNAQEBBQADggEPADCCAQoCggEBALuZgiKlcNdEzH3VjDrB\nHJ7dPfDgPzJ0gmJ8rsMUQKehI6rgjh2dauwg+xohlaZL23sUbyzm6cHFe1c+2nCV\neZMOzhXeVFSTrclE/hc+yz1wuWMMKJXgrsGCYxvAzLPtcgEDYSMYjBnP4m7Qo/rG\n4puYmOOvk696MGGZ2onEckYxDhCwY2vYXvl2JbBh+OdDcpqw58/Mnaqgdmbsh2Ky\nlAX0IcrDlGAoDuJNp3krH6JeQ6HaAlGeVYYFCqhHNHI/8+3E2UxsT3vStxwOELaP\nfJzFnGU1jmufl0kjnIoHDEkiAbe8ZhjwtqpSQW09LtYTz/y41h5347Fr58DoaYmp\nkPMCAwEAAaN3MHUwVAYDVR0RBE0wS4IYc3MyaWRwLXRlc3QudmVyc2kuZWR1LmF1\nhi9odHRwczovL3NzMmlkcC10ZXN0LnZlcnNpLmVkdS5hdS9zaW1wbGVzYW1sL2lk\ncDAdBgNVHQ4EFgQU7MyNrmHyk7F2FFGT9gRAd4cQUJMwDQYJKoZIhvcNAQEFBQAD\nggEBAHRXzLWn+RwkMPlZO5tHJTGWl4Mq8hsI02RYBsAtguMZl9DfwgvShdh7gdEV\nuzS5YpaykKw6+fiIh5AEpwExtiC7wAMcV66IMMjpAUI5Xn964MYY29if15iS+O7b\nfc4lo0ZIxABi8H3njpTnZLw+DhX7RxYoZZd9AzUK94Swukxz/O2g7CnmsTsR2lDx\nXmjlVCTTnszVy4ueSLkr4MWaBQF7lrSk9BgswEKW53mYh1VknWc+ZQSThs0GsqJz\n4fL7nQDyic993dQI3CAZXnL7ZwavtzkV9xaGcu/7S9OZPhmrMQm5ejbhXBsH6uyx\nQI5Hce6dc/D6bEVgCrCxcig4o1Q=','D4:A3:0F:43:39:61:37:B2:C6:34:56:3B:72:68:7F:23:5A:62:7C:B7'),(251,'sso','MIIDQDCCAiigAwIBAgIJAOh6KiPwthdwMA0GCSqGSIb3DQEBBQUAMCMxITAfBgNV\nBAMTGHNzMmlkcC10ZXN0LnZlcnNpLmVkdS5hdTAeFw0xMDA3MjcwMjQ0NThaFw0x\nMzA3MjYwMjQ0NThaMCMxITAfBgNVBAMTGHNzMmlkcC10ZXN0LnZlcnNpLmVkdS5h\ndTCCASIwDQYJKoZIhvcNAQEBBQADggEPADCCAQoCggEBALuZgiKlcNdEzH3VjDrB\nHJ7dPfDgPzJ0gmJ8rsMUQKehI6rgjh2dauwg+xohlaZL23sUbyzm6cHFe1c+2nCV\neZMOzhXeVFSTrclE/hc+yz1wuWMMKJXgrsGCYxvAzLPtcgEDYSMYjBnP4m7Qo/rG\n4puYmOOvk696MGGZ2onEckYxDhCwY2vYXvl2JbBh+OdDcpqw58/Mnaqgdmbsh2Ky\nlAX0IcrDlGAoDuJNp3krH6JeQ6HaAlGeVYYFCqhHNHI/8+3E2UxsT3vStxwOELaP\nfJzFnGU1jmufl0kjnIoHDEkiAbe8ZhjwtqpSQW09LtYTz/y41h5347Fr58DoaYmp\nkPMCAwEAAaN3MHUwVAYDVR0RBE0wS4IYc3MyaWRwLXRlc3QudmVyc2kuZWR1LmF1\nhi9odHRwczovL3NzMmlkcC10ZXN0LnZlcnNpLmVkdS5hdS9zaW1wbGVzYW1sL2lk\ncDAdBgNVHQ4EFgQU7MyNrmHyk7F2FFGT9gRAd4cQUJMwDQYJKoZIhvcNAQEFBQAD\nggEBAHRXzLWn+RwkMPlZO5tHJTGWl4Mq8hsI02RYBsAtguMZl9DfwgvShdh7gdEV\nuzS5YpaykKw6+fiIh5AEpwExtiC7wAMcV66IMMjpAUI5Xn964MYY29if15iS+O7b\nfc4lo0ZIxABi8H3njpTnZLw+DhX7RxYoZZd9AzUK94Swukxz/O2g7CnmsTsR2lDx\nXmjlVCTTnszVy4ueSLkr4MWaBQF7lrSk9BgswEKW53mYh1VknWc+ZQSThs0GsqJz\n4fL7nQDyic993dQI3CAZXnL7ZwavtzkV9xaGcu/7S9OZPhmrMQm5ejbhXBsH6uyx\nQI5Hce6dc/D6bEVgCrCxcig4o1Q=','D4:A3:0F:43:39:61:37:B2:C6:34:56:3B:72:68:7F:23:5A:62:7C:B7'),(818,'resource','MIIDKDCCAhCgAwIBAgIJAJkiPzPykIDIMA0GCSqGSIb3DQEBBQUAMB4xHDAaBgNV\nBAMTE2dtdC50ZXN0LmFhZi5lZHUuYXUwHhcNMTAwOTMwMDYyOTA5WhcNMTMwOTI5\nMDYyOTA5WjAeMRwwGgYDVQQDExNnbXQudGVzdC5hYWYuZWR1LmF1MIIBIjANBgkq\nhkiG9w0BAQEFAAOCAQ8AMIIBCgKCAQEAxWBUjPehkj41v1mituuJ5v6p3jGdeAs7\ntai8MgcX3uFUidA6ZltWDq8wWyQxg7BTIKTf8CYeDB5U22GsRL5QysZCtltNxft2\nZxIxVKVqtkBxYrP3Rvf+ngiy/5FqkD1GrbTb6UC9NgnnHlm8hj5dQGY2+IfMZ2Em\nbR3YQsZuARjnvaEtfK0OPAzrU0CwSQUBN+RrAjGQ/pjd6DoHkExTaP3h+g+96wyH\nO6NKwZ2mIaq3TxI4Uey22ZAyK3xXx3u3DTlOWljhojewycEvGmUdZWwvQdiMj0fZ\nLtSGqR+wMUiTmqBV9Kc4I/aP8uvZMj6Ea9NuQ8YKAUz4h+A9m4w8PwIDAQABo2kw\nZzBGBgNVHREEPzA9ghNnbXQudGVzdC5hYWYuZWR1LmF1hiZodHRwczovL2dtdC50\nZXN0LmFhZi5lZHUuYXUvc2hpYmJvbGV0aDAdBgNVHQ4EFgQUCdCxtE7fB18pQslI\n8+r6C7UrROMwDQYJKoZIhvcNAQEFBQADggEBAG4ibgXzS/cbFxMZhQbms6g0jwPG\noaML/XTdoLT77KtIdScUbVKelcC26cMNUZ3+t/ZvHozjgZHDNnuS8pi4dlXZwNEf\nCDNqXKMXYVVypvFidO6/Ff5H6GLCqs4qiU/HurgX+7lW59fsER2dYRh25J96XNxD\nRzdkw3JGfkMrI3mTHPKWu0pVq4PwheQXy+E2Fat1A+8Qu4oF+4NhfwOrNfIjBeN1\nnfBNbXm43k5bTDKWIfsrr0g0fwMNbJNYNqgZ6+1SKAWWS/Vmrs/uJ/nZjvZEbtrv\nXyaRFSLQucDaHC7DDs6+mf1vC2wEtoyRpfh6ZZT7z/LYWWYQvRa57uqZ6UQ=','31:13:AD:27:E8:AB:3A:CD:4D:27:A7:C6:CA:97:A4:69:71:55:70:83'),(794,'resource','MIIDKDCCAhCgAwIBAgIJAKkYai1hRQo0MA0GCSqGSIb3DQEBBQUAMB4xHDAaBgNV\nBAMTE2FyY3MtZGV2LmFudS5lZHUuYXUwHhcNMTAwODAyMDU0MjE0WhcNMjAwNzMw\nMDU0MjE0WjAeMRwwGgYDVQQDExNhcmNzLWRldi5hbnUuZWR1LmF1MIIBIjANBgkq\nhkiG9w0BAQEFAAOCAQ8AMIIBCgKCAQEAxLYZAraYk1JhH7Lj3xpMclsQr7023PER\nhvJc3Q1R1Q7aLKQmnGWnj0l6yUoZFcwf1hwNZ7iDXeUcCBNOPS4QHGt5W6ojkFKM\n79NldfqPHcrt0UyJNYxLq7TiM/x0Fq2VGLFmM/uFoBvzCU8p/KAG4foAozxggc7J\nmH6MmygumSq+mvo/7RcrGCxgyPbE7s1J2nLwsoX819kR5g2J3dV1JPITwWVrSe2c\ny0iNOeb3Cyhvq+wo3Ct4+ThikGgFfc8OIkMftULbD71K1WLZelLmxssLTRGNghO8\nzAGxplRDD14GV2pczSFxOrcdeAYbq9NTmJ9cM1M2rk22i7WPpDpPowIDAQABo2kw\nZzBGBgNVHREEPzA9ghNhcmNzLWRldi5hbnUuZWR1LmF1hiZodHRwczovL2FyY3Mt\nZGV2LmFudS5lZHUuYXUvc2hpYmJvbGV0aDAdBgNVHQ4EFgQU6IIxq1O3oMAMSex/\nrqBU0AWv26AwDQYJKoZIhvcNAQEFBQADggEBAFS4vBaY5a+xtFFjOT+ap98hWFK0\nw2c4hhl0G9aWtMQiZGr/rVxp7eqkynCqhgmPTp95FJajcOPQ0+GFRw0V86+AlQU3\ntgwyWXBO1L9I4KHiOdjUGqXoHcgApNRXgBPLADoeD72jGIGO303LYFDMLtKkXaBV\nDEPxI0kf4p5KQLsEbe66KJTXYG+QVo6YHARSqrk42t1Z3LLXR+apZQPgUO6xY3vg\n5tfbS4XEuiJd/CnWyrP2xVl+UTk9VnpsJKj2COdPPMBAVn1SoAGhP+YJJZ1ulKky\nb2+BNK5a3WxzeVsQ028p2LTjJJKSFt90tkXWZSQiv2FdbOQZp/d+b1/8pAQ=','F5:66:CA:59:DF:47:FF:80:7C:75:03:48:EF:17:2E:E7:FA:02:39:23'),(257,'sso','MIIDRzCCAi+gAwIBAgIUKKuse21SkID5J1fwrBnm2Gq9JwowDQYJKoZIhvcNAQEF\r\nBQAwIjEgMB4GA1UEAxMXYWFmLXRlc3QubGF0cm9iZS5lZHUuYXUwHhcNMTAwODA0\r\nMDIxNjU5WhcNMzAwODA0MDIxNjU5WjAiMSAwHgYDVQQDExdhYWYtdGVzdC5sYXRy\r\nb2JlLmVkdS5hdTCCASIwDQYJKoZIhvcNAQEBBQADggEPADCCAQoCggEBANyfH6E1\r\nFcJ41udZ6uYJK6hRQhOy/efn8fA9KBzXInAkBuzfC3HR59htlSpWMQe4FU0otqa5\r\ndvAme5votRWANXTgSSJ16i0+XxGTjUSh7R6RP+QNFKuhk3nirfG7nzllopuNmvjB\r\n2vjtwiCEO1eugsv3NoA3CH26Qs8tTFgr0LAgzXllXThsg4Vd2neZ479e7HMNMilg\r\n+mevjWiuK3Muig/ctKL210qiN1A+XFC7tkLEPMuzARrIJtX9PJFAWImPZkf/S/Sf\r\nNov7xz85KYl29ohSlixh86JM9M5o+UvP4k5kvEPmDoKgwJxVaMzw1R+PGllF1XsL\r\noJbt29qNBuq8gJMCAwEAAaN1MHMwUgYDVR0RBEswSYIXYWFmLXRlc3QubGF0cm9i\r\nZS5lZHUuYXWGLmh0dHBzOi8vYWFmLXRlc3QubGF0cm9iZS5lZHUuYXUvaWRwL3No\r\naWJib2xldGgwHQYDVR0OBBYEFK/EIpdwEffcHHutXORPGk8Yt8EvMA0GCSqGSIb3\r\nDQEBBQUAA4IBAQA8eahZkBLtjVdxTQQCCFpADT9wzOn0b9KloBvL05mFe5Ppry8F\r\nUfqIf+N8AKMh3At+Dwlw5xjLyxWXxchRq04tMVYnCoXwU8B6NtUnL+T+GNJrLK4d\r\nM5/LD51Ahz0zUG9w7IWuITu5hBJv4Yt48CeF+4ozxNtUg47pDxE10PY6bjCY/diJ\r\nbatXRHALIKt1UvRBTeWWtYyCeeFZiywJz58BoWy6Q18Z6AnXk1PuErPOjzxlj9Ka\r\nX1Nm1EcGHmXzp646XlJBdqRw1hBha5Bu/09fg14oU1odOo5VCzjQ36pWP1eZTtQ9\r\ni6Ml6G4s6us7yBXaJat/6XSnXz6Gi42L0Apq','4D:A8:39:BC:45:CA:DC:12:71:A2:5D:5D:29:B1:33:E8:ED:35:F5:B5'),(257,'aa','MIIDRzCCAi+gAwIBAgIUKKuse21SkID5J1fwrBnm2Gq9JwowDQYJKoZIhvcNAQEF\r\nBQAwIjEgMB4GA1UEAxMXYWFmLXRlc3QubGF0cm9iZS5lZHUuYXUwHhcNMTAwODA0\r\nMDIxNjU5WhcNMzAwODA0MDIxNjU5WjAiMSAwHgYDVQQDExdhYWYtdGVzdC5sYXRy\r\nb2JlLmVkdS5hdTCCASIwDQYJKoZIhvcNAQEBBQADggEPADCCAQoCggEBANyfH6E1\r\nFcJ41udZ6uYJK6hRQhOy/efn8fA9KBzXInAkBuzfC3HR59htlSpWMQe4FU0otqa5\r\ndvAme5votRWANXTgSSJ16i0+XxGTjUSh7R6RP+QNFKuhk3nirfG7nzllopuNmvjB\r\n2vjtwiCEO1eugsv3NoA3CH26Qs8tTFgr0LAgzXllXThsg4Vd2neZ479e7HMNMilg\r\n+mevjWiuK3Muig/ctKL210qiN1A+XFC7tkLEPMuzARrIJtX9PJFAWImPZkf/S/Sf\r\nNov7xz85KYl29ohSlixh86JM9M5o+UvP4k5kvEPmDoKgwJxVaMzw1R+PGllF1XsL\r\noJbt29qNBuq8gJMCAwEAAaN1MHMwUgYDVR0RBEswSYIXYWFmLXRlc3QubGF0cm9i\r\nZS5lZHUuYXWGLmh0dHBzOi8vYWFmLXRlc3QubGF0cm9iZS5lZHUuYXUvaWRwL3No\r\naWJib2xldGgwHQYDVR0OBBYEFK/EIpdwEffcHHutXORPGk8Yt8EvMA0GCSqGSIb3\r\nDQEBBQUAA4IBAQA8eahZkBLtjVdxTQQCCFpADT9wzOn0b9KloBvL05mFe5Ppry8F\r\nUfqIf+N8AKMh3At+Dwlw5xjLyxWXxchRq04tMVYnCoXwU8B6NtUnL+T+GNJrLK4d\r\nM5/LD51Ahz0zUG9w7IWuITu5hBJv4Yt48CeF+4ozxNtUg47pDxE10PY6bjCY/diJ\r\nbatXRHALIKt1UvRBTeWWtYyCeeFZiywJz58BoWy6Q18Z6AnXk1PuErPOjzxlj9Ka\r\nX1Nm1EcGHmXzp646XlJBdqRw1hBha5Bu/09fg14oU1odOo5VCzjQ36pWP1eZTtQ9\r\ni6Ml6G4s6us7yBXaJat/6XSnXz6Gi42L0Apq','4D:A8:39:BC:45:CA:DC:12:71:A2:5D:5D:29:B1:33:E8:ED:35:F5:B5'),(260,'aa','MIIDNzCCAh+gAwIBAgIUYljw9oIjYA/eGkXP0UzXq62SLYgwDQYJKoZIhvcNAQEF\r\nBQAwHjEcMBoGA1UEAxMTYXJjcy1kZXYuYW51LmVkdS5hdTAeFw0xMDA4MDUwMDM5\r\nNDRaFw0zMDA4MDUwMDM5NDRaMB4xHDAaBgNVBAMTE2FyY3MtZGV2LmFudS5lZHUu\r\nYXUwggEiMA0GCSqGSIb3DQEBAQUAA4IBDwAwggEKAoIBAQDRHynWif6HeaG315Xf\r\n8+p1UoOXxJqMvNcBo2vrZkyQhFTf/u1xwfxzXybjoskptf9cE1t9QAjEofsXPhY/\r\nt8Ks/NJOh/kR5A6qApQ/PJb1ezBPCf1IqIHh4MW6vXsE+cTh7pUBnI1d+VwEWF68\r\namRX/sfkpjp3X36ZZMn9umeRZl7ji9cbmQxiZRsmwIhCecrVoyldOPmR/+zWaC6N\r\n+p6I77BWDUeEc0Hm9B8SmGnCKjOSkoURvRvQpNLy/KvmdeTTXSphP6aJog6JKxk0\r\nkiw5NqPmrdD0f9OuYLfJn1Nwo4upWGYXkyEODYpwFn4yBwaIImiU5leN0y6SJr5u\r\nLry5AgMBAAGjbTBrMEoGA1UdEQRDMEGCE2FyY3MtZGV2LmFudS5lZHUuYXWGKmh0\r\ndHBzOi8vYXJjcy1kZXYuYW51LmVkdS5hdS9pZHAvc2hpYmJvbGV0aDAdBgNVHQ4E\r\nFgQUX0qe5tlcnnGKd75nu+vtsaBToCAwDQYJKoZIhvcNAQEFBQADggEBAGxgi9ny\r\n47iP+Yde4QuNujB5SyUkfz2vhLrAnQbx8IWzWBzEf7hnyb4FUzmB5xlSiP51BFtA\r\ne6LGWhEAOVO+yZDCwJDMIzxSgtfOMAblBN7eDDvm/j1yvAO/nHO4Adkqh1gulIYN\r\n2ZiMPnjYfzFBdp3So7Gz0jnd5jY09piUuZBpL+gYK/5QbJ1t3WvsEXlav2jy84S+\r\neEWFclGo2zBMR2sS0CtR/NnVwdKDdkXw21z+BaLKc4QDb20I2l6MHaL3TD6Zft7+\r\nqyOWJ7zrCgaUToZF8n72+aQw8MKjOaT6BqFhhVArwGvYj3W8TsI/pv6359K//2hY\r\n+0FVoo33flPK4NY=','ED:BA:BE:13:AA:FB:00:92:78:66:71:4D:BD:0D:41:3A:6A:11:51:73'),(800,'resource','MIIDNDCCAhygAwIBAgIJAO3LaZaUi4ZsMA0GCSqGSIb3DQEBBQUAMCExHzAdBgNV\nBAMTFm5ld3Zoby50ZXN0LmFhZi5lZHUuYXUwHhcNMTAwODE5MDA1MDA0WhcNMTIw\nODE4MDA1MDA0WjAhMR8wHQYDVQQDExZuZXd2aG8udGVzdC5hYWYuZWR1LmF1MIIB\nIjANBgkqhkiG9w0BAQEFAAOCAQ8AMIIBCgKCAQEA9OzHvQXf1WIbpvX4Uryzfe17\nG6qEVR2B68bk37U8JAcflAMA9626BsSqulrWEZ5p/cejBD17oAsURv/V/e7j4ApZ\nad4MHDUNn4rtElLFTRjZ99qChRgF6m3hQmrn2IW1bN5azBgrayFeUMmMoQMG+7Ol\nChezWoDqI3sECgkcOnlgcr0+NbrGSGXee4FKKiL5NpwYSX7uzsK5eyG+hqme6Lp+\nmjvwUNGnK4+6Cl4EfHG/gJbtruayPhb2Jn7M6mJOLsw0WaSfuAhS8I/rR/Am8wV4\n+Vmk5VbCsSXKtJbiWoTH2XlVk9pZHrTADyQIr2ngyjvQ5nZC4F8dKj7IlIQMlQID\nAQABo28wbTBMBgNVHREERTBDghZuZXd2aG8udGVzdC5hYWYuZWR1LmF1hilodHRw\nczovL25ld3Zoby50ZXN0LmFhZi5lZHUuYXUvc2hpYmJvbGV0aDAdBgNVHQ4EFgQU\nCX+KmdfKis4WvHwqt0wNnPurZQkwDQYJKoZIhvcNAQEFBQADggEBAGemxEVIaN1d\n9wpbbMrU1FQSsDm/mA89iouzFFYKP7zHVQiOVyzrNVGIvIT6OerK+gC/0nVGM0kt\n+XO+FBTIRau9LXs/7z6iFKlwFdluyP+J7EuGpk76ndf4+Fj5Av65GUI6cj37Bctc\ni301SlTFEeIsFrHEYYb+fzFtoMcK/5Fq4/UveyWFsYf+JpRuiWP0kGQ0a061MVH2\nrMzC+Kp6P3veJnuWyqR8ercnzCIRKTnjkJo8NgpM9pOjTdUWXO78Q3D3OiYaAJtq\n6qjPtYPMa7WGQpmnOpmHH9EQVPXWiAo6adXYorMnkaOw7kTq7txna1GMKr6SxXqe\nvhayhqTJWTk=','82:BC:A7:8F:90:B4:24:49:C8:68:25:86:25:EC:CB:B8:00:CB:B7:E2'),(803,'resource','MIIDKDCCAhCgAwIBAgIJAI1dfkRaImllMA0GCSqGSIb3DQEBBQUAMB4xHDAaBgNV\nBAMTE3d3dy50ZXN0LmFhZi5lZHUuYXUwHhcNMTAwODMxMDYxNDA5WhcNMTIwODMw\nMDYxNDA5WjAeMRwwGgYDVQQDExN3d3cudGVzdC5hYWYuZWR1LmF1MIIBIjANBgkq\nhkiG9w0BAQEFAAOCAQ8AMIIBCgKCAQEA2/6SoEW0PA/iJ0yMk33RYwxEF2dUv2LI\nv4SV5YidaYmLmyaoHau91dfxZ+Bi/d9M5t+9nzYmpmvFOc+A7Q1sugZD2mI8DMX5\ndlcGL42DnB9dXJmKTsyJhjlR0a4VcbU/47LUpnO01HfQqmE9ilS+XdnYe8TqITSt\n/3mtL42y1wILXqT6iTPB+OrqgOpW1mDLI0SIm57wOhzjUt+L2Bpa2L6vzoyBdDHA\n3ImFdVu9kGYDm3UsV4cKYeDgt9OsBiRPIYnF87bOx2HVLTAN2qHaOP9oHP76fj40\nkuuXOKETd5W7H5//x463eLKkfzwAfYuPCKfGou2dPbRyxqUtp6al6wIDAQABo2kw\nZzBGBgNVHREEPzA9ghN3d3cudGVzdC5hYWYuZWR1LmF1hiZodHRwczovL3d3dy50\nZXN0LmFhZi5lZHUuYXUvc2hpYmJvbGV0aDAdBgNVHQ4EFgQUKp11poc0B2kwSigZ\n+EfVZW5aQ9kwDQYJKoZIhvcNAQEFBQADggEBAAM2E9P8zaXtWl+k6Rt5vSO6Z3/M\nYherpr9PYVSeWfXpncbOdJmrEz6JGg3XjNCi5QQVETDFrFBWYmruJAYP+eiLkuVR\njcxwsj96gtbGC42t9kkKeV2N0VzRwzay0qJu4LaCpZIbhQnwFAYCmZMeIFDe1v6+\nRNiyF6JkwhUv+uRXF0X3fvwnAylKyk/GGGJfNxi56rn7Zj/y4eDtli/IML63LFws\n05r2pBgwLhxO2BQmQaOyIettZv5aM/1/quMOVe6HNoMn/7DjVL3rg3xDhP6S4j09\n7BUahYrMzuKbN/Eg5N660ctapfXE5iSql8REWE3phQCi8Zv1aVwUWGS6o+I=','39:91:C7:B5:86:BC:C5:E9:9E:34:58:AF:06:1C:0C:6C:59:60:FB:40'),(806,'resource','MIIDODCCAiCgAwIBAgIJAOcytdbiy0CwMA0GCSqGSIb3DQEBBQUAMCIxIDAeBgNV\nBAMTF21vbml0b3IudGVzdC5hYWYuZWR1LmF1MB4XDTEwMDgzMTA2MjMxNFoXDTEy\nMDgzMDA2MjMxNFowIjEgMB4GA1UEAxMXbW9uaXRvci50ZXN0LmFhZi5lZHUuYXUw\nggEiMA0GCSqGSIb3DQEBAQUAA4IBDwAwggEKAoIBAQDP7McnYRADFrOH+MeoxHe7\nRQlJOw9InveamKUPrKhs/e/oILVxO21oK5okMzzVyQT048oDs79CJyjIBxy1GrxT\nkwxnZykRqEtEWbLCGEk2EnORTxLDMMI2IOxfdl7+LbjWRC9HIB0qMbTcCqSy7qnp\nYwCf46Z4UCBfVdmL/u/PjOqflURBvQ3NVf0VLzyyrqTpdnVIqKt3TbHdwzRqqxB7\n3W6GrTQ4NR/BDHPni4I4Eds7ntK2mDop+onKC4rfAB8dzBqBC4M9UTjhTuSUMaV2\nNCi1U2sAcBglPqO/EvWFNXH7msVn5qe+jvEUoF9PgHGSfy7Ry+LJBJZ4/mzQxvt3\nAgMBAAGjcTBvME4GA1UdEQRHMEWCF21vbml0b3IudGVzdC5hYWYuZWR1LmF1hipo\ndHRwczovL21vbml0b3IudGVzdC5hYWYuZWR1LmF1L3NoaWJib2xldGgwHQYDVR0O\nBBYEFJQEszy4prM4N1L9WrTZGyDtB5goMA0GCSqGSIb3DQEBBQUAA4IBAQAVzLxH\nd3hTInVQzMtd8bqlbLYaOoBx7wW/KJL2VbvkqjbUGvWc5n9VAMEmwumHHhVDVgPy\n4YPQjHCwNHiCGSHSiihYY6jBvqlPykH5BAM3mZ5hZ2WOCbUfNMsGpQnr1W0hXR6L\ntV9Qa7dpP+0oHU7pVjlD7JbPqrThmaddFujCy1aulF8OYg2lZ0ODuSt0M6TGPYV5\nNjIU4d2MrcxfHqG5OECBYBfuWq2u9XIp8KtJH174Zn+xdbw6uL+ZO2X7VUgoLjdq\n3id2e8gMONBoPVze8YALCuU9bUQqeO7OKEPKYbRxn9s8j8Uo3qIUeLBxRSf34fgv\nyQHaU/RU95KkO+E3','2F:24:6F:DF:DC:20:26:84:36:95:07:69:42:E1:09:D6:8A:C4:06:D7'),(809,'resource','MIIDLDCCAhSgAwIBAgIJAKeRlnCHmm13MA0GCSqGSIb3DQEBBQUAMB8xHTAbBgNV\nBAMTFHdpa2kudGVzdC5hYWYuZWR1LmF1MB4XDTEwMDgzMTA2MjgzMloXDTEyMDgz\nMDA2MjgzMlowHzEdMBsGA1UEAxMUd2lraS50ZXN0LmFhZi5lZHUuYXUwggEiMA0G\nCSqGSIb3DQEBAQUAA4IBDwAwggEKAoIBAQC2ktb6vK0CP5Fa0YXv3OofOdeHCuTf\nmz9PJvNdDLLMOXkseGD+pkAngaqby/fTekgIws+TELtWx2VmABPnIH/4NjfwgFIi\nUI1/hqQu9rvoVyvQC3vKhjI0Jf2fUPwiInNrvWfDofy4JESBgPi3l0342kv9zgVH\nZCFSQ+v55ssV7ufaTBAFyfjhgGNouI2aaYaMMkpRVcwKCwLMrD86fz/kb+xqn9jG\nqJCGxO3KI8W6cUXuolbKeo2rCno5pX2CX0S9a5c3iDPg5tVeITHXFkufl3YzNQwv\nw90TKFLmnTKJ2vQzZONrP8lXA8fc/AuikymaPSDuHH9+dXnRLnsGNOuHAgMBAAGj\nazBpMEgGA1UdEQRBMD+CFHdpa2kudGVzdC5hYWYuZWR1LmF1hidodHRwczovL3dp\na2kudGVzdC5hYWYuZWR1LmF1L3NoaWJib2xldGgwHQYDVR0OBBYEFG8QQ3Wj4fgQ\neu2oydLCEiXx9gmrMA0GCSqGSIb3DQEBBQUAA4IBAQCi8iIpmd7zsZcaryXGbu4F\nsQwDkaQGEvdHXrKgUTgtC+m7CE4IDhTvRalU1dnuVQV0+B43Dd8/tbhEqvGZOzV0\nkOxA9wpGgQ/X81+cJd8b/y27uiZAffztv1NILXO3AQMaiu1wQXJdJ9tWpg8H1qon\nBxUmB8iv3NvCbyoJ4Tv3J9E9GsrUbILrJXHaMNWlegXuES4QOrOytwhxqkQqFdQP\ngI580YZMzwN5NE4D2AHvCBQ6y4BV6ENgjSHel8Oc1ikyVbRm2PU6NywVoii4HpE5\na0OzIRbkr0f38MksKsnT8nGCfxHY2qPuyPjO2em6y4v+C3SWVxKs+cCCqD7tAiM9','3E:55:AB:15:03:E3:2C:19:BF:20:21:72:B1:9F:06:CD:69:4A:3A:61'),(263,'sso','MIIDMDCCAhigAwIBAgIVAOxuLVGfuYR/PM2WoopaIb6NPUteMA0GCSqGSIb3DQEB\r\nBQUAMBwxGjAYBgNVBAMTEWF1dGgwMi5hYzMuZWR1LmF1MB4XDTEwMDgyMDAyMzky\r\nOVoXDTMwMDgyMDAyMzkyOVowHDEaMBgGA1UEAxMRYXV0aDAyLmFjMy5lZHUuYXUw\r\nggEiMA0GCSqGSIb3DQEBAQUAA4IBDwAwggEKAoIBAQCG05+MRjmrbFRbFtn7ghSI\r\nbTbbpbOlj5MgB/R9zC1JwN60oO8EWan+RMZTTj68KX7ej7FHTKFq3gUgSl/koxJh\r\nQSNvRplinW/pWZNG2Lmq8ZDvmTO0BHk7Q327jGAmCy1qQHP9Cpetg1NpFgxiMKNR\r\no0ZHPNrnmeJbZXYpZnA5Ql1joSSHU5/fe7k48REnNTTCrtFmtzL1XKBudWIDCgTX\r\nH2rLznGo/pUKP50/Yc5SD8bw0Z2ZHhcAL3Ni01nBcI69o+6P0s7zMEKsUO+pB5Or\r\nS41cCyXyoK4jVqTYibfUEJnlgqI6sARhok8nUUVNmXd0HSIscO0GgjmruOSjDH8B\r\nAgMBAAGjaTBnMEYGA1UdEQQ/MD2CEWF1dGgwMi5hYzMuZWR1LmF1hihodHRwczov\r\nL2F1dGgwMi5hYzMuZWR1LmF1L2lkcC9zaGliYm9sZXRoMB0GA1UdDgQWBBRGfHDl\r\nPjW2Fz54253jaSFDD6nFSTANBgkqhkiG9w0BAQUFAAOCAQEAcfp9UR4P23ugXQa2\r\nEUDQMtMP5uCZuMRijoDLZs/v21AWvLRtyG0ycSgiWehMdPSUcqiG0AY8U8/WZ35P\r\nh6cRGNRAj/mG6n+OzeFPrFp19kPgDyen+EBHV+UDt0+KcTNaWngjmxGmqOP/9LX7\r\ncYjgWkluaTnwvQZIB1Poq0+Hhex+3eEFAWE40dRSVyy02sZBYgNr+MyJy0BlBpAa\r\n4DxWlMShAomNxRBqm+WHBMqg5qZ1aC7Ul920gOa4iMbzVdOIoUxZvSZFpZjVz+6y\r\nVfaadWaCfWqHUZJxRz4a6XLeIvCTDB8slQbGWWxpskwxWePmLOEZnSvgAqwxy7Tc\r\nQtM9fw==','51:32:69:A0:64:9D:56:55:56:9D:C6:B3:DC:BC:6D:EA:0D:96:21:72'),(263,'aa','MIIDMDCCAhigAwIBAgIVAOxuLVGfuYR/PM2WoopaIb6NPUteMA0GCSqGSIb3DQEB\r\nBQUAMBwxGjAYBgNVBAMTEWF1dGgwMi5hYzMuZWR1LmF1MB4XDTEwMDgyMDAyMzky\r\nOVoXDTMwMDgyMDAyMzkyOVowHDEaMBgGA1UEAxMRYXV0aDAyLmFjMy5lZHUuYXUw\r\nggEiMA0GCSqGSIb3DQEBAQUAA4IBDwAwggEKAoIBAQCG05+MRjmrbFRbFtn7ghSI\r\nbTbbpbOlj5MgB/R9zC1JwN60oO8EWan+RMZTTj68KX7ej7FHTKFq3gUgSl/koxJh\r\nQSNvRplinW/pWZNG2Lmq8ZDvmTO0BHk7Q327jGAmCy1qQHP9Cpetg1NpFgxiMKNR\r\no0ZHPNrnmeJbZXYpZnA5Ql1joSSHU5/fe7k48REnNTTCrtFmtzL1XKBudWIDCgTX\r\nH2rLznGo/pUKP50/Yc5SD8bw0Z2ZHhcAL3Ni01nBcI69o+6P0s7zMEKsUO+pB5Or\r\nS41cCyXyoK4jVqTYibfUEJnlgqI6sARhok8nUUVNmXd0HSIscO0GgjmruOSjDH8B\r\nAgMBAAGjaTBnMEYGA1UdEQQ/MD2CEWF1dGgwMi5hYzMuZWR1LmF1hihodHRwczov\r\nL2F1dGgwMi5hYzMuZWR1LmF1L2lkcC9zaGliYm9sZXRoMB0GA1UdDgQWBBRGfHDl\r\nPjW2Fz54253jaSFDD6nFSTANBgkqhkiG9w0BAQUFAAOCAQEAcfp9UR4P23ugXQa2\r\nEUDQMtMP5uCZuMRijoDLZs/v21AWvLRtyG0ycSgiWehMdPSUcqiG0AY8U8/WZ35P\r\nh6cRGNRAj/mG6n+OzeFPrFp19kPgDyen+EBHV+UDt0+KcTNaWngjmxGmqOP/9LX7\r\ncYjgWkluaTnwvQZIB1Poq0+Hhex+3eEFAWE40dRSVyy02sZBYgNr+MyJy0BlBpAa\r\n4DxWlMShAomNxRBqm+WHBMqg5qZ1aC7Ul920gOa4iMbzVdOIoUxZvSZFpZjVz+6y\r\nVfaadWaCfWqHUZJxRz4a6XLeIvCTDB8slQbGWWxpskwxWePmLOEZnSvgAqwxy7Tc\r\nQtM9fw==','51:32:69:A0:64:9D:56:55:56:9D:C6:B3:DC:BC:6D:EA:0D:96:21:72'),(797,'resource','MIIDRDCCAiygAwIBAgIJANXcDVLOVw3iMA0GCSqGSIb3DQEBBQUAMCUxIzAhBgNV\nBAMTGm5ld21hbmFnZXIudGVzdC5hYWYuZWR1LmF1MB4XDTEwMDkwNjAzNTEwMloX\nDTEyMDkwNTAzNTEwMlowJTEjMCEGA1UEAxMabmV3bWFuYWdlci50ZXN0LmFhZi5l\nZHUuYXUwggEiMA0GCSqGSIb3DQEBAQUAA4IBDwAwggEKAoIBAQCgAWiyKJyHpg7r\nkrcpPCmjfAizXRz+RLAerjKJtXr7Dv8K2fdn0ejur6OiiqtFG7Qku5K03TB0Ywv7\noFhWGfs+N9D9x1KTIWrJ5tIa00PxkRxdlBwIpuMDCzHrfrijXLF5Ru0V3Z3y6GpU\nsHXqqYSos6Lq7ZOjs47GOJGnkXJ/6fPGhWTwqx0OT3EfZ/YEwnLscDfSIz/TnvZT\nmKqvDEMv3KHpAvbFGA59BGeu3UvnEm6sPmKr6A0OOC9+35Cf2CDUXF6cEtF6oO75\nrfBMzt5vLOBmG7VXgIK0ULcJfdhX5NqvC0hew+NxY8GTruSpQq8AOhSomXay0mvk\nKbSmOYMvAgMBAAGjdzB1MFQGA1UdEQRNMEuCGm5ld21hbmFnZXIudGVzdC5hYWYu\nZWR1LmF1hi1odHRwczovL25ld21hbmFnZXIudGVzdC5hYWYuZWR1LmF1L3NoaWJi\nb2xldGgwHQYDVR0OBBYEFH6JpC8hOjOEXkIylSqI4BzML7QVMA0GCSqGSIb3DQEB\nBQUAA4IBAQA+DMRWqGy94h6PNAbaZaCplcJs1eWW0qAIXppETB0aqZ7717GtWeXL\nn2KnsZZyJk3BI7RNeD/hvsU4ixUY3Vn1eiTEeTd8x5TYMIkcyVGm0lGNRbF+YBf5\nUsdWpE18vUwmZ+Nkd8YonvyGFp/bFNDTXVVpcrrjE2+IeK4guLchduvXMTw5LDNK\nNT8wvV1BU43ya4ROMM3XHliLazSA59J9vAz0nYOmf8yfULf6vtpmW66AOsDe6wjs\nBBHm52sRYXl9Eu+w/loT40/SF/D+RXC6Zg/JBs+ijXafz/j8lkD0MOqoobtnGy4Y\nZuEacn0ANh9k4NYU4IOL/+pLjTEY30tq','6E:ED:18:97:D7:01:03:E0:09:08:3B:7A:6E:0C:12:FE:ED:28:BA:E5'),(266,'sso','MIIDNzCCAh+gAwIBAgIUWavJdNJ0BA43+i8KfEBOuRvuqVYwDQYJKoZIhvcNAQEF\r\nBQAwHjEcMBoGA1UEAxMTaWRwLXRlc3QuY3N1LmVkdS5hdTAeFw0xMDA5MDkwNDQ5\r\nMzFaFw0zMDA5MDkwNDQ5MzFaMB4xHDAaBgNVBAMTE2lkcC10ZXN0LmNzdS5lZHUu\r\nYXUwggEiMA0GCSqGSIb3DQEBAQUAA4IBDwAwggEKAoIBAQCDcAOeL4/vKiFGletT\r\nHUdEi/oqAqUX/63d3CbKa4Rjj9+CZdJ3/uMyGQt8nuiQ7vkzRYG7qrdN7XH6W2Wm\r\nbSD1aIX8HAVB3DojrvUvACXUEHny0K5h/sR+3OzPChCOaTZfu/uZkk/zqMCO9axb\r\nUcUvpmSa08k2fKuGLveRabdPUUdF6Txk1GBIJXmAuqoVA9PX7HxVbufNSqqFjMlh\r\n9mWVrYtCz2DyFp/bgnfNZLizWAL1gBId23drzbNNyqaenDktCvOpwCXxN9cjNeU4\r\nvnf1n8Vs1zOOueUd0vgsrj/He8S6A29hX4KRF6f/26STLATXmOUuxIim96zWVRE/\r\nMIPNAgMBAAGjbTBrMEoGA1UdEQRDMEGCE2lkcC10ZXN0LmNzdS5lZHUuYXWGKmh0\r\ndHBzOi8vaWRwLXRlc3QuY3N1LmVkdS5hdS9pZHAvc2hpYmJvbGV0aDAdBgNVHQ4E\r\nFgQU+XGjjtwiA932AXAU/dRS3RyhbigwDQYJKoZIhvcNAQEFBQADggEBAHoPo+IY\r\noEqW4CiKXH1Qw5Y9+vQEKrD4aamk5wMsBJ0louInfzsoZVHY6PlLp9Ayh+hWcNSY\r\ntf1+O8ZJO+tgSBMr6jmgmYqkW7q0tHJpAJqMaBQE9LOpR/MG7L/lpYJh3xFiPzTb\r\ncR0kD6oCLgxA557CXBlkQpeugRaeljbFiM2aFxIBJgjXFCwY9O7LK5RWqAdWaoRp\r\nsAeS803ahTkBO0EOfOckaLv4d+oXMhXbzRjV/v+eMbcE8X64JovCAOfVGO083fub\r\nWjmNU/b+6RdNVPkVQYHaKGroULJXkm53saSdy+2Sr7ohU4x+YQx7eCs5xZuYI8Se\r\nNMUlqMVrQQfJh1g=','26:E9:B4:9F:95:FE:74:9B:A4:BE:81:B1:9F:87:DF:4C:0D:DC:87:95'),(266,'aa','MIIFPDCCBCSgAwIBAgIQDPcCtshKwO8w57lk72qIBzANBgkqhkiG9w0BAQUFADBa\r\nMQswCQYDVQQGEwJBVTEQMA4GA1UEChMHQXVzQ0VSVDEdMBsGA1UECxMUQ2VydGlm\r\naWNhdGUgU2VydmljZXMxGjAYBgNVBAMTEUF1c0NFUlQgU2VydmVyIENBMB4XDTEw\r\nMDkxMzAwMDAwMFoXDTExMDkxMzIzNTk1OVowgcQxCzAJBgNVBAYTAkFVMQ0wCwYD\r\nVQQREwQyNjUwMQwwCgYDVQQIEwNOU1cxFDASBgNVBAcTC1dhZ2dhIFdhZ2dhMRQw\r\nEgYDVQQJEwtCb29yb29tYSBTdDEhMB8GA1UEChMYQ2hhcmxlcyBTdHVydCBVbml2\r\nZXJzaXR5MSswKQYDVQQLEyJEaXZpc2lvbiBvZiBJbmZvcm1hdGlvbiBUZWNobm9s\r\nb2d5MRwwGgYDVQQDExNpZHAtdGVzdC5jc3UuZWR1LmF1MIIBIjANBgkqhkiG9w0B\r\nAQEFAAOCAQ8AMIIBCgKCAQEA5Yr+/juYrANukwToSmfRuzi5QvfvmSQh2RefLfNP\r\noeTv6dwGgBUnSZ79hKE6UfAQldPNupXnpa/NRhK6Vvl0SeoIUJFOg4SQbRhl8muk\r\nfZuKLOmvOn25KE3rJc/vSz6gsiNekDEWdcx+Be90wJre4SxkFV84SBkkFdwdHChr\r\nrd7ESgb/fLvMf7OfqjhVwMJMJITnCfDDC6ENIVCNu30V+5K0L/wp4LLmeqG1neKg\r\nTG1EmW3gTvloXiRGYHA94RSwtRO7Zy9X8nhDTkuMJlQkEMxDiyn5U9slgvWZPHLA\r\nvKaHLTZD8ReHKElBjsTHKf1CKLu42dbrY/vKdvx1Ec/2AQIDAQABo4IBkTCCAY0w\r\nHwYDVR0jBBgwFoAUlGsjuSbqgrRTYJ2JXfcCxNkpXekwHQYDVR0OBBYEFM5m134/\r\ngG9KaMZkDks1QpbvMf4mMA4GA1UdDwEB/wQEAwIFoDAMBgNVHRMBAf8EAjAAMB0G\r\nA1UdJQQWMBQGCCsGAQUFBwMBBggrBgEFBQcDAjAZBgNVHSAEEjAQMA4GDCsGAQQB\r\ngbc9BQEBADBBBgNVHR8EOjA4MDagNKAyhjBodHRwOi8vY3JsLmNzLmF1c2NlcnQu\r\nb3JnLmF1L0F1c0NFUlRTZXJ2ZXJDQS5jcmwwdwYIKwYBBQUHAQEEazBpMDwGCCsG\r\nAQUFBzAChjBodHRwOi8vY3J0LmNzLmF1c2NlcnQub3JnLmF1L0F1c0NFUlRTZXJ2\r\nZXJDQS5jcnQwKQYIKwYBBQUHMAGGHWh0dHA6Ly9vY3NwLmNzLmF1c2NlcnQub3Jn\r\nLmF1MDcGA1UdEQQwMC6CE2lkcC10ZXN0LmNzdS5lZHUuYXWCF3d3dy5pZHAtdGVz\r\ndC5jc3UuZWR1LmF1MA0GCSqGSIb3DQEBBQUAA4IBAQAMhPaKK5rP6bdNsuQsdd0f\r\nS93jcEDilNAIrO6J/MXmt/J0pgEY/vUGco07F6bAdanQh+pZSSw+axSIBP+JtzOK\r\nmtvIhS7WSIEZtnXf4KoOi1KVoNv6D5ParWloj65k+0vjmMmTIbI72WXTlsEQCIO3\r\nxg5GRsbSCiFI8KMFjiq+ts8ulomu3LEgB4SZsNkDVOsBC4X+INNDvo6PUR9fg1T1\r\npIa9cVhHlDQlh5lT2ElkefM1yNccP2V2vODAs1Vh9LBuIrlEJ23UOiIqY3AOFOfe\r\nwQ9CrV0Jkk4cMatK+dauHSVVg9Mf4kxwo3fmC/yyiiBU0JQ4wJIpWfNBMEgaKua5','69:15:67:EB:9E:B5:6C:4E:63:BE:3A:A4:92:D3:0B:26:09:0D:66:BC'),(269,'sso','MIIDRzCCAi+gAwIBAgIUDAxEXF2TEOvkwg4K/r/jK2nwhbIwDQYJKoZIhvcNAQEF\r\nBQAwIjEgMB4GA1UEAxMXaWRwMS1hYWZ0ZXN0LnVzcS5lZHUuYXUwHhcNMTAwOTI3\r\nMDQzNjQ3WhcNMzAwOTI3MDQzNjQ3WjAiMSAwHgYDVQQDExdpZHAxLWFhZnRlc3Qu\r\ndXNxLmVkdS5hdTCCASIwDQYJKoZIhvcNAQEBBQADggEPADCCAQoCggEBAIy1S+DI\r\n0KxGZ4cD8TTJshGnn3WNV9u/3JZgil3RLZq1ESMzAes7oBPB29458cuswkJVWq56\r\nGtptW9lBQES57IViB1EsfkWGTYriWBq7NUm3szYXhn7AzNW2Olj/wgjYLAV+OXdl\r\n1QuILJtr/9TulbDKSARf6f6ppjvjUWF/DPT377upg2nZoNXUzzsH7d7I2fi1nJV6\r\ncYJuIr+29Jl4+/WFJwjpUfI8hrSUZxbQTBZsR2icPiUec/DES/zs3WxCqVWehyaC\r\nXyFXTIXOA+MsSTuJJecBsClRpWYKrZqrPo//llw8Uxh+1tHPiS7EYyuPBKr6/Wpo\r\n3xNbVHiUQT0Az90CAwEAAaN1MHMwUgYDVR0RBEswSYIXaWRwMS1hYWZ0ZXN0LnVz\r\ncS5lZHUuYXWGLmh0dHBzOi8vaWRwMS1hYWZ0ZXN0LnVzcS5lZHUuYXUvaWRwL3No\r\naWJib2xldGgwHQYDVR0OBBYEFLSyld+p03pOKNMBmsv0gfMMEHTjMA0GCSqGSIb3\r\nDQEBBQUAA4IBAQCK6b2aYgs4c/WjWgiECla7J+DKWxCzF9qi0flFFuy1P2KfN2Ja\r\nbji7TS33Rppb1lB1wPYMXBQsR92p70KH8mg9hGLCUocsaRhBy2Ow5PmaLYynhQLO\r\n7k0b/KmLcqhVFaogAKD7zaRDZySBzKx6ssIbhFPeQATRQanORVtOBEzjxaVquReP\r\n9Bru5uxLPO6SuNoqUixsoDpzCqkVkTxe63t9IvBGC17UWNexxvy+P99I3Nh3+pRr\r\n98ATpSsN9CS4YN53agwGrDj2RQDCo2E6eQg68qLJ65hkFQ+Fp35/kmj8Ndo4dS9B\r\nwjOwZuvVXPEmkDT4CF2eJcXzRRT3y++rxw9a','35:F1:B0:9E:C6:96:36:A5:D3:53:36:19:51:F9:63:91:8C:AA:E2:A1'),(137,'aa','MIIDUDCCAjigAwIBAgIJALUpsXrXKkbiMA0GCSqGSIb3DQEBBQUAMCcxJTAjBgNV\nBAMTHGRldi1hdXRoLWlkcC5ncmlmZml0aC5lZHUuYXUwHhcNMTAwOTIzMDMyNzE2\nWhcNMjAwOTIwMDMyNzE2WjAnMSUwIwYDVQQDExxkZXYtYXV0aC1pZHAuZ3JpZmZp\ndGguZWR1LmF1MIIBIjANBgkqhkiG9w0BAQEFAAOCAQ8AMIIBCgKCAQEA2Bx0UbKu\nQEqHATb0p/ouaZ7XcNGScp38n61W/m/86NvrMV4fM1IkudrQbhIQUZZY+MJzDc58\nscOVvJgnsOoTpfJlF3ffmLj8KpelEPUhCisLADpFP2PmoDC/kIj9DNLm0gCA2g52\nWcKtD7uOrjoW1IhZD8Ocj4lrwdlKmugxFs3Wjn+oLr9n/GVz5HoROxGOGrmhvPuv\nFwQ3NwCGdMUyDUrM6UNNQW/qzz8+W3xj8WFvXBZ+Y8jwRHae4l7MavGKoi0JwxB0\nRS/Y3HO0Pa+lVrr+mZ2UucoL9Zz87FtgX8hF0HumGCOGqQtLNFRVIP0PgqjTk4Uq\nu/7+Cs6/TRirxQIDAQABo38wfTBcBgNVHREEVTBTghxkZXYtYXV0aC1pZHAuZ3Jp\nZmZpdGguZWR1LmF1hjNodHRwczovL2Rldi1hdXRoLWlkcC5ncmlmZml0aC5lZHUu\nYXUvaWRwL3NoaWJib2xldGgwHQYDVR0OBBYEFMflb/ODTkDAu3O2cCM+VPg4Bb5g\nMA0GCSqGSIb3DQEBBQUAA4IBAQAU6R/hjXkE4bEkPYaOO+YZGh54GFDc65wxRiYw\nHkEh6gGTbedHevGr+HE51krdsNismXwY7dngjfendvNai4djqQ3oCFFddnirH566\n/Ak7rJvUHrKy3um4bHQeF50+Bc3CjFfXromso4vQiNie2YMRQWR/D6IfIMe9Qjkh\nu5kaBlYEYQFt43q6mc3LkesnW6Q69Ib3YO1kEgQKUL/Og+CrHnTpI5CnbFcPn4C1\nMt+lSCbESM2l3peuqIFUoMMA5WNVzi4tvXAfwa9fFyJrEBhtYLss3o6AUmgRpgjQ\nANW3L4i+yj1D15Jih28iLIowDXnuOVaK2KxMgYbZUpAStXJm','08:15:97:9A:FE:40:FB:58:00:70:E8:DD:77:C7:82:08:FA:36:25:25'),(137,'sso','MIIDUDCCAjigAwIBAgIJALUpsXrXKkbiMA0GCSqGSIb3DQEBBQUAMCcxJTAjBgNV\nBAMTHGRldi1hdXRoLWlkcC5ncmlmZml0aC5lZHUuYXUwHhcNMTAwOTIzMDMyNzE2\nWhcNMjAwOTIwMDMyNzE2WjAnMSUwIwYDVQQDExxkZXYtYXV0aC1pZHAuZ3JpZmZp\ndGguZWR1LmF1MIIBIjANBgkqhkiG9w0BAQEFAAOCAQ8AMIIBCgKCAQEA2Bx0UbKu\nQEqHATb0p/ouaZ7XcNGScp38n61W/m/86NvrMV4fM1IkudrQbhIQUZZY+MJzDc58\nscOVvJgnsOoTpfJlF3ffmLj8KpelEPUhCisLADpFP2PmoDC/kIj9DNLm0gCA2g52\nWcKtD7uOrjoW1IhZD8Ocj4lrwdlKmugxFs3Wjn+oLr9n/GVz5HoROxGOGrmhvPuv\nFwQ3NwCGdMUyDUrM6UNNQW/qzz8+W3xj8WFvXBZ+Y8jwRHae4l7MavGKoi0JwxB0\nRS/Y3HO0Pa+lVrr+mZ2UucoL9Zz87FtgX8hF0HumGCOGqQtLNFRVIP0PgqjTk4Uq\nu/7+Cs6/TRirxQIDAQABo38wfTBcBgNVHREEVTBTghxkZXYtYXV0aC1pZHAuZ3Jp\nZmZpdGguZWR1LmF1hjNodHRwczovL2Rldi1hdXRoLWlkcC5ncmlmZml0aC5lZHUu\nYXUvaWRwL3NoaWJib2xldGgwHQYDVR0OBBYEFMflb/ODTkDAu3O2cCM+VPg4Bb5g\nMA0GCSqGSIb3DQEBBQUAA4IBAQAU6R/hjXkE4bEkPYaOO+YZGh54GFDc65wxRiYw\nHkEh6gGTbedHevGr+HE51krdsNismXwY7dngjfendvNai4djqQ3oCFFddnirH566\n/Ak7rJvUHrKy3um4bHQeF50+Bc3CjFfXromso4vQiNie2YMRQWR/D6IfIMe9Qjkh\nu5kaBlYEYQFt43q6mc3LkesnW6Q69Ib3YO1kEgQKUL/Og+CrHnTpI5CnbFcPn4C1\nMt+lSCbESM2l3peuqIFUoMMA5WNVzi4tvXAfwa9fFyJrEBhtYLss3o6AUmgRpgjQ\nANW3L4i+yj1D15Jih28iLIowDXnuOVaK2KxMgYbZUpAStXJm','08:15:97:9A:FE:40:FB:58:00:70:E8:DD:77:C7:82:08:FA:36:25:25');
/*!40000 ALTER TABLE `certData` ENABLE KEYS */;
UNLOCK TABLES;

--
-- Table structure for table `certSubjects`
--

DROP TABLE IF EXISTS `certSubjects`;
/*!40101 SET @saved_cs_client     = @@character_set_client */;
/*!40101 SET character_set_client = utf8 */;
CREATE TABLE `certSubjects` (
  `objectID` int(6) NOT NULL DEFAULT '0',
  `objectType` enum('resource','sso','aa') NOT NULL DEFAULT 'resource',
  `certSubject` varchar(255) NOT NULL DEFAULT '',
  PRIMARY KEY (`objectID`,`objectType`)
) ENGINE=MyISAM DEFAULT CHARSET=utf8;
/*!40101 SET character_set_client = @saved_cs_client */;

--
-- Dumping data for table `certSubjects`
--

LOCK TABLES `certSubjects` WRITE;
/*!40000 ALTER TABLE `certSubjects` DISABLE KEYS */;
INSERT INTO `certSubjects` VALUES (668,'resource','manager.test.aaf.edu.au'),(670,'resource','vho.test.aaf.edu.au'),(672,'resource','slcs2.arcs.org.au'),(675,'resource','rrdev.arcs.org.au'),(761,'resource','atlases.muni.cz'),(137,'aa','dev-auth-idp.griffith.edu.au'),(692,'resource','curry.qut.edu.au'),(681,'resource','esoepoc.smart.uts.edu.au'),(685,'resource','esoe-tst.qut.edu.au'),(695,'resource','chive.qut.edu.au'),(674,'resource','wiki.unisa.edu.au'),(139,'sso','aaf-idp.ecu.edu.au'),(139,'aa','aaf-idp.ecu.edu.au'),(140,'sso',''),(137,'sso','dev-auth-idp.griffith.edu.au'),(683,'resource','sp1.test.uq.edu.au'),(687,'resource','starflower.qut.edu.au'),(689,'resource','wiki.caudit.edu.au'),(144,'sso',''),(693,'resource','chive.qut.edu.au'),(194,'aa','shib-idp.acu.edu.au'),(697,'resource','starflower.qut.edu.au'),(140,'aa',''),(162,'aa',''),(162,'sso',''),(167,'aa',''),(167,'sso',''),(707,'resource','sp-test.versi.edu.au'),(713,'resource','davis-vre.its.monash.edu.au'),(701,'resource','www.bigpulse.com'),(716,'resource','slcstest.arcs.org.au'),(173,'aa',''),(173,'sso',''),(722,'resource','collie.uws.edu.au'),(144,'aa',''),(179,'sso','idpt1.curtin.edu.au'),(179,'aa','idpt1.curtin.edu.au'),(185,'sso','shibdvts.its.rmit.edu.au'),(185,'aa','shibdvts.its.rmit.edu.au'),(188,'aa','idp-prod.uq.edu.au'),(188,'sso','idp-prod.uq.edu.au'),(725,'resource','vmdev-repo.library.uq.edu.au'),(194,'sso','shib-idp.acu.edu.au'),(728,'resource','hazchem.library.uq.edu.au'),(191,'sso','idp2.griffith.edu.au'),(191,'aa','idp2.griffith.edu.au'),(731,'resource','verbena.qut.edu.au'),(734,'resource','web-test.versi.edu.au'),(212,'sso','idp.ckn.dotsec.com'),(212,'aa','idp.ckn.dotsec.com'),(737,'resource','vbl-test.versi.edu.au'),(719,'resource','ng2dev.canterbury.ac.nz'),(743,'resource','shibtest.informit.com.au'),(749,'resource','itusw-wapsp1.ml.unisa.edu.au'),(215,'sso','login-idp-dev.unisa.edu.au'),(215,'aa','login-idp-dev.unisa.edu.au'),(791,'resource','ss2.versi.edu.au'),(755,'resource','auth02.ac3.edu.au'),(758,'resource','vitro.versi.edu.au'),(740,'resource','readinglists.lib.monash.edu'),(767,'resource','aafmoodle.netspot.com.au'),(764,'resource','eppwiki.ph.unimelb.edu.au'),(746,'resource','w-cah-790-01.infotech.monash.edu.au'),(770,'resource','itudw-wap1.ml.unisa.edu.au'),(773,'resource','movetomoodle.netspot.com.au'),(776,'resource','podd-aaf.metadata.net'),(779,'resource','portaltest.sf.utas.edu.au'),(159,'sso','aaf-test1-idp.its.utas.edu.au'),(159,'aa','aaf-test1-idp.its.utas.edu.au'),(245,'aa','idmdev.app.unimelb.edu.au'),(245,'sso','idmdev.app.unimelb.edu.au'),(785,'resource','idmdev.app.unimelb.edu.au'),(788,'resource','dev.telescope-net.com'),(782,'resource','aafmahara.netspot.com.au'),(251,'sso','ss2idp-test.versi.edu.au'),(251,'aa','ss2idp-test.versi.edu.au'),(233,'sso','starflower.qut.edu.au'),(233,'aa','starflower.qut.edu.au'),(794,'resource','/CN=arcs-dev.anu.edu.au'),(155,'sso','idp20test.canterbury.ac.nz'),(155,'aa','idp20test.canterbury.ac.nz'),(236,'aa','au-idp-dev.adelaide.edu.au'),(797,'resource','newvho.test.aaf.edu.au'),(800,'resource','newvho.test.aaf.edu.au'),(803,'resource','www.test.aaf.edu.au'),(806,'resource','monitor.test.aaf.edu.au'),(809,'resource','wiki.test.aaf.edu.au'),(170,'sso','aafidp-dev.csiro.au'),(170,'aa','aafidp-dev.csiro.au'),(236,'sso','au-idp-dev.adelaide.edu.au'),(818,'resource','gmt.test.aaf.edu.au');
/*!40000 ALTER TABLE `certSubjects` ENABLE KEYS */;
UNLOCK TABLES;

--
-- Table structure for table `contacts`
--

DROP TABLE IF EXISTS `contacts`;
/*!40101 SET @saved_cs_client     = @@character_set_client */;
/*!40101 SET character_set_client = utf8 */;
CREATE TABLE `contacts` (
  `objectID` int(6) NOT NULL DEFAULT '0',
  `objectType` enum('resource','homeOrg','fedPartner','federation') NOT NULL DEFAULT 'resource',
  `contactName` varchar(100) NOT NULL DEFAULT '',
  `eMail` varchar(128) DEFAULT NULL,
  `contactType` enum('technical','support','administrative','billing','marketing','other') NOT NULL DEFAULT 'technical',
  PRIMARY KEY (`objectID`,`contactName`,`contactType`,`objectType`)
) ENGINE=MyISAM DEFAULT CHARSET=utf8;
/*!40101 SET character_set_client = @saved_cs_client */;

--
-- Dumping data for table `contacts`
--

LOCK TABLES `contacts` WRITE;
/*!40000 ALTER TABLE `contacts` DISABLE KEYS */;
INSERT INTO `contacts` VALUES (125,'homeOrg','Terry Smith','t.smith@qut.edu.au','administrative'),(668,'resource','Terry Smith','t.smith@qut.edu.au','administrative'),(668,'resource','Terry Smith','t.smith@qut.edu.au','technical'),(137,'homeOrg','David Richardson','david.richardson@griffith.edu.au','technical'),(674,'resource','David Gameau','david.gameau@unisa.edu.au','technical'),(670,'resource','Shaun Mangelsdorf','s.mangelsdorf@qut.edu.au','support'),(672,'resource','Damien Chen','damien.chen@arcs.org.au','administrative'),(672,'resource','Damien Chen','damien.chen@arcs.org.au','support'),(672,'resource','Damien Chen','damien.chen@arcs.org.au','technical'),(707,'resource','Damien Mannix','damien.mannix@versi.edu.au','support'),(707,'resource','Damien Mannix','damien.mannix@versi.edu.au','technical'),(695,'resource','Terry Smith','t.smith@qut.edu.au','technical'),(675,'resource','Damien Chen','dchen@melcoe.mq.edu.au','technical'),(675,'resource','Damien Chen','dchen@melcoe.mq.edu.au','support'),(675,'resource','Damien Chen','dchen@melcoe.mq.edu.au','administrative'),(761,'resource','Michal Prochazka','michalp@ics.muni.cz','technical'),(685,'resource','Shaun Mangelsdorf','s.mangelsdorf@qut.edu.au','technical'),(761,'resource','Michal Prochazka','michalp@ics.muni.cz','support'),(761,'resource','Prof. RNDr. Luděk Matyska, CSc.','ludek@ics.muni.cz','administrative'),(692,'resource','fred','fred@bloggs.com','administrative'),(139,'homeOrg','Peter Austin','p.austin@ecu.edu.au','technical'),(140,'homeOrg','Rodney McDuff','mcduff@its.uq.edu.au','technical'),(681,'resource','Sean Donovan','sean.donovan@uts.edu.au','administrative'),(681,'resource','Bradley Beddoes','beddoes@intient.com','support'),(681,'resource','Bradley Beddoes','beddoes@intient.com','technical'),(674,'resource','Brook Schofield','brook.schofield@unisa.edu.au','support'),(674,'resource','Rocky Stone','stephen.stone@unisa.edu.au','administrative'),(141,'homeOrg','Damien Chen','damien.chen@arcs.org.au','technical'),(670,'resource','Terry Smith','t.smith@qut.edu.au','administrative'),(683,'resource','Rodney McDuff','mcduff@its.uq.edu.au','technical'),(683,'resource','Rodney McDuff','mcduff@its.uq.edu.au','support'),(685,'resource','QUT IT Helpdesk','ithelpdesk@qut.edu.au','support'),(687,'resource','Terry Smith','t.smith@qut.edu.au','administrative'),(687,'resource','Terry Smith','t.smith@qut.edu.au','support'),(693,'resource','Terry Smith','t.smith@qut.edu.au','support'),(693,'resource','Terry Smith','t.smith@qut.edu.au','administrative'),(693,'resource','Terry Smith','t.smith@qut.edu.au','technical'),(145,'homeOrg','Sam Morrison','sam.morrison@arcs.org.au','technical'),(689,'resource','Rodney McDuff','mcduff@its.uq.edu.au','technical'),(144,'homeOrg','Terry Smith','trsau02@hotmail.com','technical'),(149,'homeOrg','Graham Jenkins','graham@vpac.org','technical'),(689,'resource','Richard Northam','richard.northam@caudit.edu.au','administrative'),(695,'resource','Terry Smith','t.smith@qut.edu.au','support'),(16,'fedPartner','Terry Smith','t.smith@qut.com','administrative'),(695,'resource','Terry Smith','t.smith@qut.edu.au','administrative'),(697,'resource','Terry Smith','t.smith@qut.com','technical'),(697,'resource','Terry Smith','t.smith@qut.com','support'),(17,'fedPartner','Terry Smith','t.smith@qut.edu.au','administrative'),(0,'homeOrg','Terry Smith','t.smith@qut.com','technical'),(153,'homeOrg','Terry Smith','t.smith@qut.com','technical'),(173,'homeOrg','Rodney McDuff','mcduff@its.uq.edu.au','administrative'),(18,'fedPartner','Terry Smith','t.smith@qut.edu.au','administrative'),(160,'homeOrg','Stuart Allen','sallen@melcoe.mq.edu.au','technical'),(155,'homeOrg','Vladimir Mencl','vladimir.mencl@canterbury.ac.nz','technical'),(156,'homeOrg','Damien Chen','damien.chen@arcs.org.au','technical'),(157,'homeOrg','Damien Chen','damien.chen@arcs.org.au','technical'),(158,'homeOrg','Terry Smith','t.smith@qut.com','technical'),(159,'homeOrg','Patrick','AAF.Support@utas.edu.au','support'),(162,'homeOrg','Damien Mannix','damien.mannix@versi.edu.au','technical'),(164,'homeOrg','Leon Troeth','cert-request@its.monash.edu.au','technical'),(125,'homeOrg','Shaun Mangelsdorf','s.mangelsdorf@qut.edu.au','technical'),(167,'homeOrg','Terry Smith','trsau02@hotmail.com','technical'),(707,'resource','Damien Mannix','damien.mannix@versi.edu.au','administrative'),(713,'resource','simon yu','xiyu@its.monash.edu.au','technical'),(713,'resource','simon yu','xiyu@its.monash.edu.au','support'),(713,'resource','simon yu','xiyu@its.monash.edu.au','administrative'),(170,'homeOrg','Ross Dungavell','Ross.Dungavell@csiro.au','support'),(701,'resource','Milivoj Savin','sleepy@bigpulse.com','technical'),(701,'resource','Ralph McKay','ralph@bigpulse.com','support'),(701,'resource','Ralph McKay','ralph@bigpulse.com','administrative'),(716,'resource','Sam Morrison','sam.morrison@arcs.org.au','administrative'),(716,'resource','Sam Morrison','sam.morrison@arcs.org.au','support'),(716,'resource','Sam Morrison','sam.morrison@arcs.org.au','technical'),(697,'resource','Terry Smith','t.smith@qut.com','administrative'),(173,'homeOrg','Roy Duncan','roy@uq.edu.au','support'),(173,'homeOrg','Roy Duncan','roy@uq.edu.au','technical'),(176,'homeOrg','Robert Hazeltine','r.hazeltine@uws.edu.au','technical'),(179,'homeOrg','Alison Lynton','a.lynton@curtin.edu.au','technical'),(722,'resource','Rachel Polanskis','r.polanskis@uws.edu.au','technical'),(722,'resource','Rachel Polanskis','r.polanskis@uws.edu.au','support'),(722,'resource','Robert Hazeltine','r.hazeltine@uws.edu.au','administrative'),(144,'homeOrg','Terry Smith','trsau02@hotmail.com','administrative'),(182,'homeOrg','Anh Tran','anh.tran@arcs.org.au','technical'),(185,'homeOrg','Help desk','helpdesk@rmit.edu.au','support'),(185,'homeOrg','Carsten Voss','isunix@rmit.edu.au','technical'),(188,'homeOrg','Rodney McDuff','r.mcduff@uq.edu.au','technical'),(23,'fedPartner','Hubert Casse','hcasse@trobexis.com','administrative'),(725,'resource','Christiaan Kortekaas','c.kortekaas@library.uq.edu.au','technical'),(725,'resource','Christiaan Kortekaas','c.kortekaas@library.uq.edu.au','support'),(725,'resource','Christiaan Kortekaas','c.kortekaas@library.uq.edu.au','administrative'),(683,'resource','Rodney McDuff','mcduff@its.uq.edu.au','administrative'),(689,'resource','Rodney McDuff','mcduff@its.uq.edu.au','support'),(191,'homeOrg','David Richardson','david.richardson@griffith.edu.au','technical'),(194,'homeOrg','ACU Shibboleth admins','shibboleth-admins@lists.acu.edu.au','technical'),(728,'resource','Christiaan Kortekaas','c.kortekaas@library.uq.edu.au','administrative'),(728,'resource','Christiaan Kortekaas','c.kortekaas@library.uq.edu.au','support'),(728,'resource','Christiaan Kortekaas','c.kortekaas@library.uq.edu.au','technical'),(668,'resource','Glenys Kranz','Glenys.Kranz@aaf.edu.au','marketing'),(731,'resource','Terry Smith','t.smith@qut.edu.au','technical'),(731,'resource','Terry Smith','t.smith@qut.edu.au','support'),(731,'resource','Terry Smith','t.smith@qut.edu.au','administrative'),(687,'resource','Terry Smith','t.smith@qut.edu.au','technical'),(734,'resource','Damien Mannix','damien.mannix@versi.edu.au','technical'),(26,'fedPartner','Philip Marriott','pmarriott@netspot.com.au','administrative'),(209,'homeOrg','Sridhar Reddapani','sridhar.reddapani@intersect.org.au','technical'),(206,'homeOrg','Stephen Gowing','Stephen.Gowing@uts.edu.au','technical'),(212,'homeOrg','Jason Rablin','jason@dotsec.com','technical'),(734,'resource','Damien Mannix','damien.mannix@versi.edu.au','support'),(734,'resource','Damien Mannix','damien.mannix@versi.edu.au','administrative'),(737,'resource','Damien Mannix','damien.mannix@versi.edu.au','technical'),(737,'resource','Damien Mannix','damien.mannix@versi.edu.au','support'),(737,'resource','Damien Mannix','damien.mannix@versi.edu.au','administrative'),(215,'homeOrg','IT Help Desk','ITHelpDesk@unisa.edu.au','support'),(668,'resource','Andre Zitelli','a.zitelli@qut.edu.au','support'),(144,'homeOrg','Terry Smith','trsau02@hotmail.com','support'),(221,'homeOrg','Daniel Foster','daniel.foster@uwa.edu.au','technical'),(144,'homeOrg','Brad Beddoes','b.beddoes@aaf.edu.au','marketing'),(670,'resource','Shaun Mangelsdorf','s.mangelsdorf@qut.edu.au','technical'),(227,'homeOrg','Terry Smith','t.smith@qut.edu.au','technical'),(230,'homeOrg','Luke Bellamy','lbellamy@deakin.edu.au','technical'),(719,'resource','Vladimir Mencl','vladimir.mencl@canterbury.ac.nz','technical'),(719,'resource','Vladimir Mencl','vladimir.mencl@canterbury.ac.nz','support'),(719,'resource','Vladimir Mencl','vladimir.mencl@canterbury.ac.nz','administrative'),(743,'resource','Adrian Richardson','adrian.richardson@rmit.edu.au','administrative'),(743,'resource','Adrian Richardson','adrian.richardson@rmit.edu.au','support'),(743,'resource','Adrian Richardson','adrian.richardson@rmit.edu.au','technical'),(215,'homeOrg','ISTS SI Team','ists-siteam@unisa.edu.au','technical'),(749,'resource','ISTS SI Team','ists-siteam@unisa.edu.au','technical'),(749,'resource','ISTS SI Team','ists-siteam@unisa.edu.au','support'),(692,'resource','Sally','sally@bloggs.com','technical'),(692,'resource','tom','tom@bloggs.com','support'),(791,'resource','Damien Mannix','damien.mannix@versi.edu.au','billing'),(791,'resource','Damien Mannix','damien.mannix@versi.edu.au','administrative'),(791,'resource','Damien Mannix','damien.mannix@versi.edu.au','support'),(791,'resource','Damien Mannix','damien.mannix@versi.edu.au','technical'),(755,'resource','Stuart Allen','stuart@intersect.org.au','technical'),(755,'resource','Stuart Allen','stuart@intersect.org.au','support'),(755,'resource','Stuart Allen','stuart@intersect.org.au','administrative'),(755,'resource','Stuart Allen','stuart@intersect.org.au','billing'),(758,'resource','Cyrus Keong','cyrus.keong@versi.edu.au','technical'),(758,'resource','Damien Mannix','Damien.Mannix@versi.edu.au','support'),(758,'resource','Damien Mannix','Damien.Mannix@versi.edu.au','administrative'),(233,'homeOrg','Terry Smith','t.smith@qut.edu.au','technical'),(740,'resource','Andrew Bate','andrew.bate@talis.com','support'),(740,'resource','Nadeem Shabir','nadeem.shabir@talis.com','technical'),(740,'resource','Nadeem Shabir','nadeem.shabir@talis.com','administrative'),(749,'resource','ISTS SI Team','ists-siteam@unisa.edu.au','administrative'),(767,'resource','Greg Markey','greg.markey@netspot.com.au','support'),(767,'resource','Philip Marriott','philip.marriott@netspot.com.au','administrative'),(767,'resource','Philip Marriott','philip.marriott@netspot.com.au','billing'),(767,'resource','Philip Marriott','philip.marriott@netspot.com.au','marketing'),(764,'resource','Tier 2 Operations','tier2@ph.unimelb.edu.au','marketing'),(764,'resource','Tier 2 Operations','tier2@ph.unimelb.edu.au','billing'),(764,'resource','Tier 2 Operations','tier2@ph.unimelb.edu.au','administrative'),(764,'resource','Tier 2 Operations','tier2@ph.unimelb.edu.au','support'),(764,'resource','Tier 2 Operations','tier2@ph.unimelb.edu.au','technical'),(767,'resource','Greg Markey','greg.markey@netspot.com.au','technical'),(746,'resource','Jeff Tan','jefferson.tan@infotech.monash.edu.au','technical'),(746,'resource','Jeff Tan','jefferson.tan@infotech.monash.edu.au','support'),(746,'resource','Jeff Tan','jefferson.tan@infotech.monash.edu.au','administrative'),(746,'resource','Jeff Tan','jefferson.tan@infotech.monash.edu.au','billing'),(236,'homeOrg','Tim Bowen','tim.bowen@adelaide.edu.au','technical'),(770,'resource','ISTS SI Team','ists-siteam@unisa.edu.au','administrative'),(770,'resource','ISTS SI Team','ists-siteam@unisa.edu.au','support'),(773,'resource','Greg Markey','greg.markey@netspot.com.au','support'),(773,'resource','Philip Marriott','philip.marriott@netspot.com.au','administrative'),(773,'resource','Philip Marriott','philip.marriott@netspot.com.au','billing'),(773,'resource','Philip Marriott','philip.marriott@netspot.com.au','marketing'),(773,'resource','Greg Markey','greg.markey@netspot.com.au','technical'),(746,'resource','Jeff Tan','jefferson.tan@infotech.monash.edu.au','marketing'),(776,'resource','Chad Furniss','chad.furniss@uqconnect.edu.au','administrative'),(776,'resource','Rodney McDuff','mcduff@its.uq.edu.au','technical'),(776,'resource','Rodney McDuff','mcduff@its.uq.edu.au','support'),(782,'resource','Greg Markey','greg.markey@netspot.com.au','technical'),(242,'homeOrg','Michael Clarke','michael.clarke@unisa.edu.au','technical'),(770,'resource','ISTS SI Team','ists-siteam@unisa.edu.au','technical'),(245,'homeOrg','Mark de Reeper','markdr@unimelb.edu.au','technical'),(779,'resource','Yingjie Zhao / TPAC','yingjiez@postoffice.utas.edu.au','support'),(779,'resource','Yingjie Zhao / TPAC','yingjiez@postoffice.utas.edu.au','technical'),(779,'resource','Yingjie Zhao / TPAC','yingjiez@postoffice.utas.edu.au','administrative'),(159,'homeOrg','Patrick','AAF.Support@utas.edu.au','administrative'),(159,'homeOrg','Patrick Carnuccio','AAF.Support@utas.edu.au','technical'),(248,'homeOrg','Jason Wan','Jason.Wan@smartservice.qld.gov.au','technical'),(785,'resource','Mark de Reeper','markdr@unimelb.edu.au','technical'),(785,'resource','Mark de Reeper','markdr@unimelb.edu.au','support'),(788,'resource','Roy Duncan','roy@telescope-net.com','administrative'),(788,'resource','Roy Duncan','roy@telescope-net.com','support'),(788,'resource','Roy Duncan','roy@telescope-net.com','technical'),(782,'resource','Moodle Tech Support','moodle.techsupport@netspot.com.au','support'),(782,'resource','Philip Marriott','philip.marriott@netspot.com.au','administrative'),(782,'resource','Philip Marriott','philip.marriott@netspot.com.au','billing'),(782,'resource','Philip Marriott','philip.marriott@netspot.com.au','marketing'),(785,'resource','Mark de Reeper','markdr@unimelb.edu.au','administrative'),(251,'homeOrg','Damien Mannix','damien.mannix@versi.edu.au','technical'),(818,'resource','Terry Smith','t.smith@aaf.edu.au','technical'),(794,'resource','Denny','denny.denny@anu.edu.au','technical'),(794,'resource','Denny','denny.denny@anu.edu.au','support'),(794,'resource','Denny','denny.denny@anu.edu.au','administrative'),(257,'homeOrg','Benji Wakely','unix-admins@latrobe.edu.au','technical'),(685,'resource','Terry Smith','t.smith@qut.edu.au','administrative'),(260,'homeOrg','Denny','denny.denny@anu.edu.au','technical'),(797,'resource','Terry Smith','t.smith@aaf.edu.au','administrative'),(797,'resource','Terry Smith','t.smith@aaf.edu.au','support'),(800,'resource','Terry Smith','t.smith@aaf.edu.au','technical'),(800,'resource','Terry Smith','t.smith@aaf.edu.au','support'),(800,'resource','Terry Smith','t.smith@aaf.edu.au','administrative'),(803,'resource','Terry Smith','t.smith@aaf.edu.au','technical'),(803,'resource','Terry Smith','t.smith@aaf.edu.au','support'),(803,'resource','Terry Smith','t.smith@aaf.edu.au','administrative'),(806,'resource','Terry Smith','t.smith@aaf.edu.au','administrative'),(806,'resource','Terry Smith','t.smith@aaf.edu.au','support'),(806,'resource','Terry Smith','t.smith@aaf.edu.au','technical'),(809,'resource','Terry Smith','t.smith@aaf.edu.au','technical'),(809,'resource','Terry Smith','t.smith@aaf.edu.au','support'),(809,'resource','Terry Smith','t.smith@aaf.edu.au','administrative'),(263,'homeOrg','Stuart Allen','stuart@intersect.org.au','technical'),(797,'resource','Terry Smith','t.smith@aaf.edu.au','technical'),(266,'homeOrg','Dave McDonnell','dmcdonnell@csu.edu.au','technical'),(170,'homeOrg','Mark Emerson','Mark.Emerson@csiro.au','administrative'),(170,'homeOrg','Ross Dungavell','Ross.Dungavell@csiro.au','technical'),(269,'homeOrg','Matthew Mengel','Matthew.Mengel@usq.edu.au','technical'),(818,'resource','Terry Smith','t.smith@aaf.edu.au','support'),(818,'resource','Terry Smith','t.smith@aaf.edu.au','administrative'),(818,'resource','Terry Smith','t.smith@aaf.edu.au','billing'),(818,'resource','Terry Smith','t.smith@aaf.edu.au','marketing');
/*!40000 ALTER TABLE `contacts` ENABLE KEYS */;
UNLOCK TABLES;

--
-- Table structure for table `federationPartnerResources`
--

DROP TABLE IF EXISTS `federationPartnerResources`;
/*!40101 SET @saved_cs_client     = @@character_set_client */;
/*!40101 SET character_set_client = utf8 */;
CREATE TABLE `federationPartnerResources` (
  `fedPartnerID` int(6) NOT NULL DEFAULT '0',
  `resourceID` int(6) NOT NULL DEFAULT '0',
  PRIMARY KEY (`fedPartnerID`,`resourceID`)
) ENGINE=MyISAM DEFAULT CHARSET=utf8;
/*!40101 SET character_set_client = @saved_cs_client */;

--
-- Dumping data for table `federationPartnerResources`
--

LOCK TABLES `federationPartnerResources` WRITE;
/*!40000 ALTER TABLE `federationPartnerResources` DISABLE KEYS */;
INSERT INTO `federationPartnerResources` VALUES (18,689);
/*!40000 ALTER TABLE `federationPartnerResources` ENABLE KEYS */;
UNLOCK TABLES;

--
-- Table structure for table `federationPartners`
--

DROP TABLE IF EXISTS `federationPartners`;
/*!40101 SET @saved_cs_client     = @@character_set_client */;
/*!40101 SET character_set_client = utf8 */;
CREATE TABLE `federationPartners` (
  `fedPartnerShortName` varchar(64) DEFAULT '',
  `fedPartnerID` int(6) NOT NULL AUTO_INCREMENT,
  `fedPartnerURL` varchar(255) DEFAULT '',
  `fedPartnerLocation` varchar(255) DEFAULT '',
  PRIMARY KEY (`fedPartnerID`)
) ENGINE=MyISAM AUTO_INCREMENT=27 DEFAULT CHARSET=utf8;
/*!40101 SET character_set_client = @saved_cs_client */;

--
-- Dumping data for table `federationPartners`
--

LOCK TABLES `federationPartners` WRITE;
/*!40000 ALTER TABLE `federationPartners` DISABLE KEYS */;
INSERT INTO `federationPartners` VALUES ('Netspot',26,'http://www.netspot.com.au','Australia'),('Trobexis',23,'https://trobexis.com/home/Default.aspx','AU'),('CAUDIT',18,'','');
/*!40000 ALTER TABLE `federationPartners` ENABLE KEYS */;
UNLOCK TABLES;

--
-- Table structure for table `federations`
--

DROP TABLE IF EXISTS `federations`;
/*!40101 SET @saved_cs_client     = @@character_set_client */;
/*!40101 SET character_set_client = utf8 */;
CREATE TABLE `federations` (
  `federationID` int(6) NOT NULL DEFAULT '0',
  `federationURN` varchar(128) NOT NULL DEFAULT '',
  `federationShortName` varchar(128) NOT NULL DEFAULT '',
  `mainLanguage` enum('en','de','fr','it') NOT NULL DEFAULT 'en',
  `wayfURL` varchar(128) NOT NULL DEFAULT '',
  `displayOrder` int(2) unsigned NOT NULL DEFAULT '99',
  PRIMARY KEY (`federationID`)
) ENGINE=MyISAM DEFAULT CHARSET=utf8;
/*!40101 SET character_set_client = @saved_cs_client */;

--
-- Dumping data for table `federations`
--

LOCK TABLES `federations` WRITE;
/*!40000 ALTER TABLE `federations` DISABLE KEYS */;
INSERT INTO `federations` VALUES (1,'aaf.edu.au','AAF','en','https://ds.test.aaf.edu.au',99);
/*!40000 ALTER TABLE `federations` ENABLE KEYS */;
UNLOCK TABLES;

--
-- Table structure for table `homeOrgAttributes`
--

DROP TABLE IF EXISTS `homeOrgAttributes`;
/*!40101 SET @saved_cs_client     = @@character_set_client */;
/*!40101 SET character_set_client = utf8 */;
CREATE TABLE `homeOrgAttributes` (
  `homeOrgID` int(6) NOT NULL DEFAULT '0',
  `attributeID` int(6) NOT NULL DEFAULT '0',
  PRIMARY KEY (`homeOrgID`,`attributeID`)
) ENGINE=MyISAM DEFAULT CHARSET=utf8;
/*!40101 SET character_set_client = @saved_cs_client */;

--
-- Dumping data for table `homeOrgAttributes`
--

LOCK TABLES `homeOrgAttributes` WRITE;
/*!40000 ALTER TABLE `homeOrgAttributes` DISABLE KEYS */;
INSERT INTO `homeOrgAttributes` VALUES (125,1),(125,2),(125,8),(125,11),(125,12),(125,13),(125,16),(125,17),(125,47),(125,49),(125,50),(125,52),(125,55),(125,61),(125,62),(137,1),(137,2),(137,8),(137,12),(137,13),(137,47),(137,50),(139,1),(139,2),(139,8),(139,11),(139,12),(139,13),(139,16),(139,17),(139,47),(139,49),(139,50),(139,52),(139,55),(139,61),(139,62),(140,1),(140,2),(140,8),(140,12),(140,13),(140,47),(144,1),(144,2),(144,4),(144,6),(144,7),(144,8),(144,11),(144,12),(144,13),(144,16),(144,17),(144,18),(144,47),(144,48),(144,49),(144,50),(144,51),(144,52),(144,53),(144,54),(144,55),(144,56),(144,57),(144,58),(144,59),(144,60),(144,61),(144,62),(151,2),(151,8),(151,11),(151,17),(151,47),(151,49),(151,61),(151,62),(155,1),(155,2),(155,8),(155,12),(155,13),(155,16),(155,47),(155,49),(155,50),(155,55),(155,58),(155,61),(155,62),(159,1),(159,2),(159,8),(159,11),(159,17),(159,47),(159,49),(159,50),(159,52),(159,55),(159,61),(159,62),(162,1),(162,2),(162,4),(162,8),(162,11),(162,12),(162,13),(162,16),(162,17),(162,47),(162,49),(162,50),(162,52),(162,53),(162,55),(162,56),(162,61),(162,62),(173,1),(173,2),(173,8),(173,11),(173,12),(173,13),(173,16),(173,17),(173,47),(173,49),(173,50),(173,55),(173,58),(173,61),(173,62),(188,1),(188,2),(188,8),(188,11),(188,12),(188,13),(188,16),(188,17),(188,47),(188,49),(188,50),(188,52),(188,55),(188,58),(188,61),(188,62),(212,1),(212,2),(212,8),(212,11),(212,12),(212,13),(212,17),(212,47),(212,49),(212,50),(212,52),(212,55),(212,61),(212,62),(215,1),(215,2),(215,8),(215,11),(215,12),(215,13),(215,16),(215,17),(215,47),(215,49),(215,50),(215,52),(215,55),(215,58),(215,61),(215,62),(245,1),(245,2),(245,8),(245,11),(245,17),(245,47),(245,49),(245,50),(245,52),(245,53),(245,55),(245,56),(245,61),(245,62),(245,65);
/*!40000 ALTER TABLE `homeOrgAttributes` ENABLE KEYS */;
UNLOCK TABLES;

--
-- Table structure for table `homeOrgTypeMembers`
--

DROP TABLE IF EXISTS `homeOrgTypeMembers`;
/*!40101 SET @saved_cs_client     = @@character_set_client */;
/*!40101 SET character_set_client = utf8 */;
CREATE TABLE `homeOrgTypeMembers` (
  `homeOrgID` int(6) unsigned NOT NULL,
  `homeOrgType` varchar(65) NOT NULL,
  PRIMARY KEY (`homeOrgID`,`homeOrgType`)
) ENGINE=MyISAM DEFAULT CHARSET=utf8;
/*!40101 SET character_set_client = @saved_cs_client */;

--
-- Dumping data for table `homeOrgTypeMembers`
--

LOCK TABLES `homeOrgTypeMembers` WRITE;
/*!40000 ALTER TABLE `homeOrgTypeMembers` DISABLE KEYS */;
INSERT INTO `homeOrgTypeMembers` VALUES (125,'university'),(144,'vho'),(159,'university'),(170,'others'),(188,'university'),(197,'university'),(209,'marcs'),(215,'university'),(245,'university'),(254,'vho');
/*!40000 ALTER TABLE `homeOrgTypeMembers` ENABLE KEYS */;
UNLOCK TABLES;

--
-- Table structure for table `homeOrgTypes`
--

DROP TABLE IF EXISTS `homeOrgTypes`;
/*!40101 SET @saved_cs_client     = @@character_set_client */;
/*!40101 SET character_set_client = utf8 */;
CREATE TABLE `homeOrgTypes` (
  `homeOrgType` varchar(64) NOT NULL,
  `descriptiveName` varchar(255) NOT NULL DEFAULT '',
  `homeOrgOrder` int(10) unsigned NOT NULL DEFAULT '100',
  `wayf` enum('true','false') NOT NULL DEFAULT 'false',
  UNIQUE KEY `homeOrtTypeKey` (`homeOrgType`)
) ENGINE=MyISAM DEFAULT CHARSET=latin1;
/*!40101 SET character_set_client = @saved_cs_client */;

--
-- Dumping data for table `homeOrgTypes`
--

LOCK TABLES `homeOrgTypes` WRITE;
/*!40000 ALTER TABLE `homeOrgTypes` DISABLE KEYS */;
INSERT INTO `homeOrgTypes` VALUES ('university','Australian University',10,'true'),('marcs','Members of ARCS (MARCS)',20,'true'),('urn:mace:aaf.edu.au:homeorgtype:hospital','Hospital',50,'true'),('library','Library',40,'true'),('vho','Virtual Home Organization',30,'true'),('others','Others',100,'true'),('nzuniversity','New Zealand University',15,'true');
/*!40000 ALTER TABLE `homeOrgTypes` ENABLE KEYS */;
UNLOCK TABLES;

--
-- Table structure for table `homeOrgUse`
--

DROP TABLE IF EXISTS `homeOrgUse`;
/*!40101 SET @saved_cs_client     = @@character_set_client */;
/*!40101 SET character_set_client = utf8 */;
CREATE TABLE `homeOrgUse` (
  `resourceID` int(6) NOT NULL DEFAULT '0',
  `homeOrgID` int(6) NOT NULL DEFAULT '0',
  `homeOrgAccess` enum('allowed','rejected') NOT NULL DEFAULT 'allowed',
  PRIMARY KEY (`resourceID`,`homeOrgID`)
) ENGINE=MyISAM DEFAULT CHARSET=utf8;
/*!40101 SET character_set_client = @saved_cs_client */;

--
-- Dumping data for table `homeOrgUse`
--

LOCK TABLES `homeOrgUse` WRITE;
/*!40000 ALTER TABLE `homeOrgUse` DISABLE KEYS */;
INSERT INTO `homeOrgUse` VALUES (734,162,'allowed'),(695,125,'allowed'),(707,162,'allowed'),(737,145,'allowed'),(740,164,'allowed'),(764,162,'allowed');
/*!40000 ALTER TABLE `homeOrgUse` ENABLE KEYS */;
UNLOCK TABLES;

--
-- Table structure for table `homeOrgUseType`
--

DROP TABLE IF EXISTS `homeOrgUseType`;
/*!40101 SET @saved_cs_client     = @@character_set_client */;
/*!40101 SET character_set_client = utf8 */;
CREATE TABLE `homeOrgUseType` (
  `resourceID` int(6) NOT NULL DEFAULT '0',
  `universityAccess` enum('allowed','rejected') NOT NULL DEFAULT 'allowed',
  `marcsAccess` enum('allowed','rejected') NOT NULL DEFAULT 'allowed',
  `hospitalAccess` enum('allowed','rejected') NOT NULL DEFAULT 'allowed',
  `libraryAccess` enum('allowed','rejected') NOT NULL DEFAULT 'allowed',
  `vhoAccess` enum('allowed','rejected') NOT NULL DEFAULT 'allowed',
  `othersAccess` enum('allowed','rejected') NOT NULL DEFAULT 'allowed',
  `nzuniversityAccess` enum('allowed','rejected') NOT NULL DEFAULT 'allowed',
  PRIMARY KEY (`resourceID`)
) ENGINE=MyISAM DEFAULT CHARSET=utf8 COMMENT='Contains default, type-based access rules for each ressource';
/*!40101 SET character_set_client = @saved_cs_client */;

--
-- Dumping data for table `homeOrgUseType`
--

LOCK TABLES `homeOrgUseType` WRITE;
/*!40000 ALTER TABLE `homeOrgUseType` DISABLE KEYS */;
INSERT INTO `homeOrgUseType` VALUES (668,'allowed','allowed','allowed','allowed','allowed','allowed','allowed'),(670,'allowed','allowed','allowed','allowed','allowed','allowed','allowed'),(672,'allowed','allowed','allowed','allowed','rejected','allowed','allowed'),(675,'allowed','allowed','allowed','allowed','allowed','allowed','allowed'),(685,'allowed','allowed','allowed','allowed','allowed','allowed','allowed'),(679,'allowed','allowed','allowed','allowed','allowed','allowed','allowed'),(681,'allowed','allowed','allowed','allowed','allowed','allowed','allowed'),(674,'allowed','allowed','allowed','allowed','allowed','allowed','allowed'),(683,'allowed','allowed','allowed','allowed','allowed','allowed','allowed'),(722,'allowed','rejected','rejected','rejected','rejected','rejected','rejected'),(689,'allowed','allowed','allowed','allowed','allowed','allowed','allowed'),(693,'allowed','allowed','allowed','allowed','allowed','allowed','allowed'),(695,'rejected','allowed','rejected','rejected','rejected','rejected','allowed'),(697,'allowed','allowed','rejected','rejected','allowed','rejected','allowed'),(707,'rejected','rejected','rejected','rejected','rejected','rejected','rejected'),(713,'allowed','allowed','allowed','allowed','allowed','allowed','allowed'),(701,'allowed','allowed','allowed','allowed','allowed','allowed','allowed'),(716,'allowed','allowed','allowed','allowed','allowed','allowed','allowed');
/*!40000 ALTER TABLE `homeOrgUseType` ENABLE KEYS */;
UNLOCK TABLES;

--
-- Table structure for table `homeOrgUseTypeV2`
--

DROP TABLE IF EXISTS `homeOrgUseTypeV2`;
/*!40101 SET @saved_cs_client     = @@character_set_client */;
/*!40101 SET character_set_client = utf8 */;
CREATE TABLE `homeOrgUseTypeV2` (
  `resourceID` int(6) unsigned NOT NULL DEFAULT '0',
  `homeOrgType` varchar(65) NOT NULL,
  `usageType` enum('allowed','rejected') NOT NULL DEFAULT 'allowed',
  PRIMARY KEY (`resourceID`,`homeOrgType`)
) ENGINE=MyISAM DEFAULT CHARSET=utf8;
/*!40101 SET character_set_client = @saved_cs_client */;

--
-- Dumping data for table `homeOrgUseTypeV2`
--

LOCK TABLES `homeOrgUseTypeV2` WRITE;
/*!40000 ALTER TABLE `homeOrgUseTypeV2` DISABLE KEYS */;
INSERT INTO `homeOrgUseTypeV2` VALUES (725,'university','allowed'),(725,'others','allowed'),(725,'nzuniversity','allowed'),(725,'marcs','allowed'),(725,'library','allowed'),(728,'university','allowed'),(728,'others','allowed'),(728,'nzuniversity','allowed'),(728,'marcs','allowed'),(728,'library','allowed'),(668,'university','allowed'),(668,'others','allowed'),(668,'nzuniversity','allowed'),(731,'library','allowed'),(731,'marcs','allowed'),(731,'nzuniversity','allowed'),(731,'others','allowed'),(731,'university','allowed'),(687,'university','allowed'),(687,'others','allowed'),(687,'nzuniversity','allowed'),(687,'marcs','allowed'),(687,'library','allowed'),(734,'library','allowed'),(734,'marcs','allowed'),(734,'nzuniversity','allowed'),(734,'others','allowed'),(734,'university','allowed'),(737,'library','allowed'),(737,'marcs','allowed'),(737,'nzuniversity','allowed'),(737,'others','allowed'),(737,'university','allowed'),(668,'marcs','allowed'),(743,'university','allowed'),(743,'others','allowed'),(743,'nzuniversity','allowed'),(743,'marcs','allowed'),(743,'library','allowed'),(749,'library','allowed'),(749,'marcs','allowed'),(749,'nzuniversity','allowed'),(749,'others','allowed'),(687,'vho','allowed'),(791,'university','allowed'),(791,'others','allowed'),(791,'nzuniversity','allowed'),(668,'library','allowed'),(755,'library','allowed'),(755,'marcs','allowed'),(755,'nzuniversity','allowed'),(755,'others','allowed'),(755,'university','allowed'),(755,'vho','allowed'),(758,'library','allowed'),(758,'marcs','allowed'),(758,'nzuniversity','allowed'),(758,'others','allowed'),(758,'university','allowed'),(758,'vho','allowed'),(740,'library','rejected'),(740,'marcs','rejected'),(740,'nzuniversity','rejected'),(740,'others','rejected'),(740,'university','rejected'),(740,'vho','rejected'),(791,'vho','allowed'),(743,'vho','allowed'),(749,'university','allowed'),(761,'library','allowed'),(761,'marcs','allowed'),(761,'nzuniversity','allowed'),(761,'others','allowed'),(761,'university','allowed'),(761,'vho','allowed'),(670,'library','allowed'),(670,'marcs','allowed'),(670,'nzuniversity','allowed'),(670,'others','allowed'),(670,'university','allowed'),(670,'vho','allowed'),(767,'marcs','allowed'),(767,'nzuniversity','allowed'),(767,'others','allowed'),(764,'university','rejected'),(764,'others','rejected'),(764,'nzuniversity','rejected'),(764,'marcs','rejected'),(764,'library','rejected'),(767,'library','allowed'),(767,'university','allowed'),(767,'vho','allowed'),(746,'marcs','allowed'),(746,'nzuniversity','allowed'),(746,'others','allowed'),(749,'vho','allowed'),(770,'university','allowed'),(770,'others','allowed'),(770,'nzuniversity','allowed'),(746,'library','allowed'),(773,'marcs','allowed'),(773,'nzuniversity','allowed'),(773,'others','allowed'),(773,'library','allowed'),(746,'university','allowed'),(746,'vho','allowed'),(776,'library','allowed'),(776,'marcs','allowed'),(776,'nzuniversity','allowed'),(776,'others','allowed'),(776,'university','allowed'),(776,'vho','allowed'),(770,'vho','allowed'),(779,'university','allowed'),(773,'university','allowed'),(773,'vho','allowed'),(668,'vho','allowed'),(770,'marcs','allowed'),(779,'others','allowed'),(779,'nzuniversity','allowed'),(779,'marcs','allowed'),(779,'library','allowed'),(779,'vho','allowed'),(764,'vho','rejected'),(791,'marcs','allowed'),(785,'marcs','allowed'),(785,'nzuniversity','allowed'),(785,'others','allowed'),(791,'library','allowed'),(788,'university','allowed'),(788,'others','rejected'),(788,'nzuniversity','allowed'),(788,'marcs','allowed'),(788,'library','rejected'),(785,'library','allowed'),(782,'library','allowed'),(782,'marcs','allowed'),(782,'nzuniversity','allowed'),(782,'others','allowed'),(782,'university','allowed'),(782,'vho','allowed'),(785,'university','allowed'),(785,'vho','allowed'),(788,'vho','rejected'),(794,'library','allowed'),(794,'marcs','allowed'),(794,'nzuniversity','allowed'),(794,'others','allowed'),(794,'university','allowed'),(794,'vho','allowed'),(685,'library','allowed'),(685,'marcs','allowed'),(685,'nzuniversity','allowed'),(685,'others','allowed'),(685,'university','allowed'),(685,'vho','allowed'),(797,'university','allowed'),(797,'others','allowed'),(797,'nzuniversity','allowed'),(800,'library','allowed'),(800,'marcs','allowed'),(800,'nzuniversity','allowed'),(800,'others','allowed'),(800,'university','allowed'),(800,'vho','allowed'),(770,'library','allowed'),(803,'library','allowed'),(803,'marcs','allowed'),(803,'nzuniversity','allowed'),(803,'others','allowed'),(803,'university','allowed'),(803,'vho','allowed'),(806,'university','allowed'),(806,'others','allowed'),(806,'nzuniversity','allowed'),(806,'marcs','allowed'),(806,'library','allowed'),(809,'library','allowed'),(809,'marcs','allowed'),(809,'nzuniversity','allowed'),(809,'others','allowed'),(809,'university','allowed'),(809,'vho','allowed'),(797,'vho','allowed'),(797,'marcs','allowed'),(797,'library','allowed'),(806,'vho','allowed'),(818,'library','allowed'),(818,'marcs','allowed'),(818,'nzuniversity','allowed'),(818,'others','allowed'),(818,'university','allowed'),(818,'vho','allowed');
/*!40000 ALTER TABLE `homeOrgUseTypeV2` ENABLE KEYS */;
UNLOCK TABLES;

--
-- Table structure for table `homeOrgs`
--

DROP TABLE IF EXISTS `homeOrgs`;
/*!40101 SET @saved_cs_client     = @@character_set_client */;
/*!40101 SET character_set_client = utf8 */;
CREATE TABLE `homeOrgs` (
  `homeOrgID` int(6) NOT NULL AUTO_INCREMENT,
  `homeOrgName` varchar(64) NOT NULL DEFAULT '',
  `homeOrgType` varchar(64) NOT NULL DEFAULT 'others',
  `entityID` varchar(128) NOT NULL DEFAULT '',
  `federationID` int(6) DEFAULT '0',
  `mainLanguage` enum('en','de','fr','it') NOT NULL DEFAULT 'en',
  `errorURL` varchar(255) DEFAULT NULL,
  `relyingParty` varchar(255) NOT NULL,
  `approved` enum('true','false') NOT NULL DEFAULT 'false',
  `setup_OS` varchar(255) DEFAULT NULL,
  `setup_WS` varchar(255) DEFAULT NULL,
  `setup_SSO` varchar(255) DEFAULT NULL,
  `setup_IDPV` varchar(255) NOT NULL,
  `setup_comment` text,
  `secureApproval` enum('true','false') NOT NULL DEFAULT 'false',
  `strongAuth` enum('true','false') NOT NULL DEFAULT 'false',
  `monitor` enum('YES','NO') NOT NULL DEFAULT 'NO',
  `mon_ping` enum('YES','NO') NOT NULL DEFAULT 'NO',
  `mon_time` enum('YES','NO') NOT NULL DEFAULT 'NO',
  `mon_cert` enum('YES','NO') NOT NULL DEFAULT 'NO',
  `mon_shib` enum('YES','NO') NOT NULL DEFAULT 'NO',
  `mon_http` enum('YES','NO') NOT NULL DEFAULT 'NO',
  `redhat` varchar(5) NOT NULL DEFAULT 'false',
  `showOnWAYF` enum('true','false') NOT NULL DEFAULT 'true',
  PRIMARY KEY (`homeOrgID`)
) ENGINE=MyISAM AUTO_INCREMENT=270 DEFAULT CHARSET=utf8;
/*!40101 SET character_set_client = @saved_cs_client */;

--
-- Dumping data for table `homeOrgs`
--

LOCK TABLES `homeOrgs` WRITE;
/*!40000 ALTER TABLE `homeOrgs` DISABLE KEYS */;
INSERT INTO `homeOrgs` VALUES (125,'qut.edu.au','university','https://auth-test-idp.qut.edu.au/idp/shibboleth',1,'en','http://helpdesk.qut.edu.au','','true','RedHat Linux','Tomcat + Apache','ESOE','2.1','','false','false','YES','YES','YES','YES','YES','YES','false','true'),(149,'auth86.ac3.edu.au','marcs','https://auth86.ac3.edu.au/idp/shibboleth',1,'en',NULL,'','true',NULL,NULL,NULL,'',NULL,'false','false','','','','','','','false','true'),(137,'griffith.edu.au','university','https://dev-auth-idp.griffith.edu.au/idp/shibboleth',1,'en','https://intranet.secure.griffith.edu.au/computing/it-helpdesk/contact-us/help-form','','true','RedHat Linux','Tomcat + Apache','','2.1','','false','false','','','','','','','false','true'),(141,'ramp.org.au','marcs','https://test-idp.ramp.org.au/idp/shibboleth',1,'en',NULL,'','true',NULL,NULL,NULL,'',NULL,'false','false','','','','','','','false','true'),(233,'starflower.qut.edu.au','others','https://starflower.qut.edu.au/simplesaml/idp',1,'en',NULL,'','true',NULL,NULL,NULL,'',NULL,'false','false','NO','NO','NO','NO','NO','NO','false','true'),(139,'ecu.edu.au','university','https://aaf-idp.ecu.edu.au/idp/shibboleth',1,'en','http://it.ecu.edu.au/','','true','Ubuntu Server','Tomcat + Apache','JAAS (Shibboleth)','2.1','','false','false','','','','','','','false','true'),(140,'uq.edu.au','university','https://idp2.test.uq.edu.au/simplesaml/idp/shibboleth',1,'en','http://www.uq.edu.au','','true','RedHat Linux','','','','This is a simpleSAMLphp IdP v1.4 on fedora 9 using LDAP authentication.','false','false','NO','NO','NO','NO','NO','NO','false','true'),(145,'arcs.org.au','marcs','https://idp.arcs.org.au/idp/shibboleth',1,'en',NULL,'','true',NULL,NULL,NULL,'',NULL,'false','false','','','','','','','false','true'),(144,'vho.test.aaf.edu.au','vho','https://vho.test.aaf.edu.au/idp/shibboleth',1,'en','https://manager.aaf.edu.au/support','','true','RedHat Linux','Tomcat + Apache','JAAS (Shibboleth)','2.1','','false','false','YES','YES','YES','YES','NO','NO','false','true'),(191,'griffith.edu.au','others','https://idp2.griffith.edu.au/idp/shibboleth',1,'en',NULL,'','true','','','','','','false','false','NO','NO','NO','NO','NO','NO','true','true'),(155,'idp20test.canterbury.ac.nz','nzuniversity','https://idp20test.canterbury.ac.nz/idp/shibboleth',1,'en',NULL,'','true','CentOS','Tomcat + Apache','Basic Authentication','2.1','A Xen virtual machine running CentOS 5.3','false','false','','NO','NO','NO','NO','NO','false','true'),(156,'ramp.org.au','others','urn:mace:federation.org.au:testfed:arcs.ramp.org.au',1,'en',NULL,'','true',NULL,NULL,NULL,'',NULL,'false','false','','','','','','','false','true'),(157,'ramp.org.au','others','urn:mace:federation.org.au:testfed:arcs.ramp.org.au',1,'en',NULL,'','true',NULL,NULL,NULL,'',NULL,'false','false','','','','','','','false','true'),(194,'acu.edu.au','others','https://shib-idp.acu.edu.au/idp/shibboleth',1,'en',NULL,'','true','','','','','','false','false','NO','NO','NO','NO','NO','NO','true','true'),(159,'utas.edu.au','university','https://aaf-test1-idp.its.utas.edu.au/idp/shibboleth',1,'en','https://manager.aaf.edu.au/support','','true','CentOS','Tomcat + Apache','','2.1','Utas test IdP','false','false','NO','YES','YES','NO','YES','YES','false','true'),(160,'mams.melcoe.mq.edu.au','others','urn:mace:federation.org.au:testfed:mams.melcoe.mq.edu.au',1,'en','https://manager.aaf.edu.au/support','','true',NULL,NULL,NULL,'',NULL,'false','false','','','','','','','false','true'),(162,'versi.edu.au','others','https://idp-test.versi.edu.au/idp/shibboleth',1,'en','https://manager.aaf.edu.au/support','','true','Centos 5.3','Tomcat + Apache','JAAS (Shibboleth)','2.1','','false','false','NO','YES','YES','YES','YES','YES','false','true'),(164,'monash.edu.au','others','https://shib3.its.monash.edu.au/idp/shibboleth',1,'en','https://manager.aaf.edu.au/support','','true',NULL,NULL,NULL,'',NULL,'false','false','','','','','','','false','true'),(173,'uq.edu.au','others','https://idp2.uq.edu.au/idp/shibboleth',1,'en','https://manager.aaf.edu.au/support','','true','RedHat Linux','Tomcat + Apache','JAAS (Shibboleth)','2.1','','false','false','','NO','NO','NO','NO','NO','false','true'),(170,'csiro.au','others','https://aafidp-dev.csiro.au/idp/shibboleth',1,'en','https://manager.aaf.edu.au/support','','true',NULL,NULL,NULL,'',NULL,'false','false','','','','','','','false','true'),(167,'coneflower.qut.edu.au','others','https://coneflower.qut.edu.au/idp/shibboleth',1,'en','https://manager.aaf.edu.au/support','','true','','','','','','false','false','','NO','NO','NO','NO','NO','false','true'),(176,'uws.edu.au','university','urn:mace:federation.org.au:testfed:uws.edu.au',1,'en','https://manager.aaf.edu.au/support','','true',NULL,NULL,NULL,'',NULL,'false','false','','','','','','','false','true'),(179,'curtin.edu.au','others','https://idpt1.curtin.edu.au/idp/shibboleth',1,'en',NULL,'','true',NULL,NULL,NULL,'',NULL,'false','false','NO','NO','NO','NO','NO','NO','false','true'),(182,'auth03.ac3.edu.au','others','https://auth03.ac3.edu.au/idp/shibboleth',1,'en',NULL,'','true',NULL,NULL,NULL,'',NULL,'false','false','NO','NO','NO','NO','NO','NO','false','true'),(185,'rmit.edu.au','university','urn:mace:federation.org.au:testfed:shibdvts.rmit.edu.au',1,'en','https://manager.aaf.edu.au/support','','true','SuSE Linux','Tomcat + Apache','Basic Authentication','1.3.1','','false','false','YES','YES','YES','YES','YES','YES','false','true'),(188,'uq.edu.au','university','urn:mace:federation.org.au:testfed:uq.edu.au',1,'en','https://manager.aaf.edu.au/support','','true','CentOS','Tomcat + Apache','JAAS (Shibboleth)','2.1','','false','false','YES','YES','YES','YES','YES','YES','true','true'),(209,'intersect.org.au','marcs','https://idp.intersect.org.au/idp/shibboleth',1,'en','https://manager.aaf.edu.au/support','','true',NULL,NULL,NULL,'',NULL,'false','false','NO','NO','NO','NO','NO','NO','true','true'),(206,'uts.edu.au','others','https://test-aaf-login.uts.edu.au/idp/shibboleth',1,'en',NULL,'','true',NULL,NULL,NULL,'',NULL,'false','false','NO','NO','NO','NO','NO','NO','true','true'),(212,'ckn.dotsec.com','others','https://idp.ckn.dotsec.com/idp/shibboleth',1,'en',NULL,'','true',NULL,NULL,NULL,'',NULL,'false','false','NO','NO','NO','NO','NO','NO','true','true'),(215,'unisa.edu.au','university','https://unisa.edu.au/idp-dev/shibboleth',1,'en','https://manager.aaf.edu.au/support','','true','RedHat Linux','Tomcat + Apache','CAS 3','2.1','','false','false','NO','NO','NO','NO','NO','NO','true','true'),(221,'uwa.edu.au','university','https://idp-dev.its.uwa.edu.au/idp/shibboleth',1,'en','https://manager.aaf.edu.au/support','','true',NULL,NULL,NULL,'',NULL,'false','false','NO','NO','NO','NO','NO','NO','true','true'),(227,'aafidp2x.aaf.edu.au','others','https://aafidp2x.aaf.edu.au/idp/shibboleth',1,'en',NULL,'','true',NULL,NULL,NULL,'',NULL,'false','false','NO','NO','NO','NO','NO','NO','false','true'),(230,'deakin.edu.au','others','https://idp-dev.deakin.edu.au/idp/shibboleth',1,'en',NULL,'','true',NULL,NULL,NULL,'',NULL,'false','false','NO','NO','NO','NO','NO','NO','true','true'),(236,'adelaide.edu.au','others','https://au-idp-dev.adelaide.edu.au/shibboleth-idp',1,'en','https://manager.aaf.edu.au/support','','true','','','','','','false','false','NO','NO','NO','NO','NO','NO','true','true'),(251,'versi.edu.au','others','https://ss2idp-test.versi.edu.au/simplesaml/idp',1,'en','https://manager.aaf.edu.au/support','','true','','','','','','false','false','NO','NO','NO','NO','NO','NO','true','true'),(242,'aa.unisa.edu.au','others','https://unisa.edu.au/shibaa-dev/shibboleth',1,'en',NULL,'','true',NULL,NULL,NULL,'',NULL,'false','false','NO','NO','NO','NO','NO','NO','true','false'),(245,'unimelb.edu.au','university','https://idmdev.app.unimelb.edu.au/sso/aaf',1,'en','https://manager.aaf.edu.au/support','','true','RedHat Linux','Glassfish','OpenSSO','8.0U1','','false','false','NO','NO','NO','NO','NO','NO','false','true'),(248,'smartservice.qld.gov.au','others','https://ssqidp.smartserver.qld.gov.au/idp/shibboleth',1,'en',NULL,'','true',NULL,NULL,NULL,'',NULL,'false','false','NO','NO','NO','NO','NO','NO','false','true'),(257,'latrobe.edu.au','others','https://aaf-test.latrobe.edu.au/idp/shibboleth',1,'en',NULL,'','true',NULL,NULL,NULL,'',NULL,'false','false','NO','NO','NO','NO','NO','NO','true','true'),(260,'anu.edu.au','others','https://arcs-dev.anu.edu.au/idp/shibboleth',1,'en',NULL,'','true',NULL,NULL,NULL,'',NULL,'false','false','NO','NO','NO','NO','NO','NO','false','true'),(263,'auth02.ac3.edu.au','others','https://auth02.ac3.edu.au/idp/shibboleth',1,'en',NULL,'','true',NULL,NULL,NULL,'',NULL,'false','false','NO','NO','NO','NO','NO','NO','true','true'),(266,'csu.edu.au','others','https://idp-test.csu.edu.au/idp/shibboleth',1,'en',NULL,'','true',NULL,NULL,NULL,'',NULL,'false','false','NO','NO','NO','NO','NO','NO','true','true'),(269,'usq.edu.au','others','https://idp1-aaftest.usq.edu.au/idp/shibboleth',1,'en',NULL,'','true',NULL,NULL,NULL,'',NULL,'false','false','NO','NO','NO','NO','NO','NO','true','true');
/*!40000 ALTER TABLE `homeOrgs` ENABLE KEYS */;
UNLOCK TABLES;

--
-- Table structure for table `invitations`
--

DROP TABLE IF EXISTS `invitations`;
/*!40101 SET @saved_cs_client     = @@character_set_client */;
/*!40101 SET character_set_client = utf8 */;
CREATE TABLE `invitations` (
  `objectKey` varchar(32) NOT NULL DEFAULT '0',
  `objectType` enum('resource','homeOrg','rra','user') NOT NULL DEFAULT 'resource',
  `objectID` int(6) NOT NULL DEFAULT '0',
  `eMail` varchar(64) DEFAULT NULL,
  `timestamp` timestamp NOT NULL DEFAULT CURRENT_TIMESTAMP ON UPDATE CURRENT_TIMESTAMP,
  PRIMARY KEY (`objectKey`,`objectType`,`objectID`)
) ENGINE=MyISAM DEFAULT CHARSET=utf8;
/*!40101 SET character_set_client = @saved_cs_client */;

--
-- Dumping data for table `invitations`
--

LOCK TABLES `invitations` WRITE;
/*!40000 ALTER TABLE `invitations` DISABLE KEYS */;
INSERT INTO `invitations` VALUES ('9b5c2ae937ee60d453ae60b0b6223856','homeOrg',209,'simon.yin@intersect.org.au','2010-06-08 04:58:51'),('61859da292341a34f7ba6933ea19d7da','resource',710,'bliong@melcoe.mq.edu.au','2009-09-03 06:01:31'),('1feaafb81ce7f872f27eac8fd98f0eb4','homeOrg',209,'simony@intersect.org.au','2010-06-08 04:58:51'),('1feb528a56f3a6481e99e5be787bdbd5','user',424,'david.richardson@griffith.edu.au','2009-03-04 00:51:44'),('61c23d362899e4b2cb7fa305eff219c1','resource',764,'tjdyce@unimelb.edu.au','2010-05-24 05:54:24'),('ef9846a744c9e99bd89b785d89182923','user',483,'p.austin@ecu.edu.au','2009-03-23 02:04:21'),('c58d391bcb04f1f2d7a4933ab3a2559e','user',486,'mcduff@its.uq.edu.au','2009-03-24 04:06:14'),('1e45017a6182b80f328b1d8f96ccad27','user',487,'damien.chen@arcs.org.au','2009-03-26 04:19:39'),('f063408d0f2c2528f25723be96af7836','user',505,'sam.morrison@arcs.org.au','2009-05-04 05:33:44'),('2f267e9c3e4cc9327aa333a5e0d4d87b','user',509,'t.smith@qut.com','2009-05-07 14:18:25'),('a8c0788ac3ef67de02b16a5e27638859','user',512,'graham@vpac.org','2009-05-11 07:13:16'),('f03542f4b8ddc31cd5c0b141fd1afafc','user',514,'terry@somewhere.com','2009-05-13 15:57:02'),('2971854a0bc3c74c9dfda118f565adff','user',517,'t.smith@qut.com','2009-05-29 07:18:25'),('df854ab510087e37b33352333f760517','user',518,'t.smith@qut.com','2009-05-29 07:29:07'),('71c7567519b47cf89b8479bc5ef50a7b','user',519,'t.smith@qut.com','2009-05-29 07:36:04'),('53a89b4c3ae9ff10f301590a854b9c80','user',521,'vladimir.mencl@canterbury.ac.nz','2009-06-10 05:07:38'),('a652b77228a151cb0cf93ce47a86cddd','user',522,'damien.chen@arcs.org.au','2009-06-10 06:02:04'),('60315f0b2eac692620a9b9e865d57061','user',525,'t.smith@qut.com','2009-06-16 03:22:50'),('f5fe64809203a4c841a7a466c771d9e0','user',528,'sallen@melcoe.mq.edu.au','2009-08-03 02:36:47'),('96e3729973dbff293284f4c36cbcb7aa','user',532,'damien.mannix@versi.edu.au','2009-08-19 05:14:06'),('21f073bb718ed5e6dbc5f3b0e6834cf5','user',572,'Ross.Dungavell@csiro.au','2009-09-04 05:49:14'),('a2982a2d61ebbdc48882f366502f6352','user',590,'r.hazeltine@uws.edu.au','2009-10-02 04:35:32'),('f3a40b1c41af7a9404bd55b9201c4fc1','user',593,'a.lynton@curtin.edu.au','2009-10-07 05:11:59'),('d3104562c564dfee6923881a87363c9a','user',611,'anh.tran@arcs.org.au','2009-10-29 04:04:52'),('64458be738d2fcd44a493da4f0c675dd','user',617,'isunix@rmit.edu.au','2009-11-19 05:15:39'),('ccc2daaf3f76051f87d5503a343be7c7','resource',725,'c.kortekaas@library.uq.edu.au','2009-11-26 00:50:34'),('68dd17d0556a642366b99dc443fe0dd5','user',635,'david.richardson@griffith.edu.au','2009-12-04 00:01:33'),('cfa2f6360c12c4b0f26369a438c70aa7','user',638,'shibboleth-admins@lists.acu.edu.au','2009-12-08 07:24:56'),('4f21962514a901aa0615a1366e731539','user',668,'Stephen.Gowing@uts.edu.au','2010-01-21 05:20:28'),('3c759ff28bc526e4ceff782486835227','user',746,'lbellamy@deakin.edu.au','2010-03-30 05:15:05'),('d9798a54129eb0ee19e680fd693ab1f8','user',779,'t.smith@qut.edu.au','2010-05-10 03:46:06'),('d70e0815c5eed525748bd434fc123e79','user',797,'tim.bowen@adelaide.edu.au','2010-05-26 03:44:41'),('a7458add2462f661282d97211e360fe8','user',836,'t.smith@qut.edu.au','2010-07-30 14:30:36'),('801e80e11ae9707459f8a727de012414','user',827,'Jason.Wan@smartservice.qld.gov.au','2010-07-21 01:42:30'),('c673b762b6f1dba0e9e1be22ef3d13c6','resource',782,'greg.markey@netspot.com.au','2010-07-09 01:42:07'),('0773a5a07b91a2aa8173577cf787fee8','user',845,'unix-admins@latrobe.edu.au','2010-08-09 03:08:48'),('55f70ec48404c768a3419a10af386af3','user',833,'damien.mannix@versi.edu.au','2010-07-28 08:40:41'),('0c1f6d050017cc92abb21d2910f2a6be','resource',782,'philip.marriott@netspot.com.au','2010-07-09 01:42:08'),('7f639897418b9f5dd26154d8a3fbf12c','user',851,'stuart@intersect.org.au','2010-09-06 03:41:35'),('bc35048dd63f6c7f2ad3a1240b9137b4','user',857,'dmcdonnell@csu.edu.au','2010-09-15 23:36:14'),('c6c44510080462233d86498698ccb12b','user',863,'Matthew.Mengel@usq.edu.au','2010-09-27 06:15:24');
/*!40000 ALTER TABLE `invitations` ENABLE KEYS */;
UNLOCK TABLES;

--
-- Table structure for table `keywords`
--

DROP TABLE IF EXISTS `keywords`;
/*!40101 SET @saved_cs_client     = @@character_set_client */;
/*!40101 SET character_set_client = utf8 */;
CREATE TABLE `keywords` (
  `resourceID` int(6) NOT NULL DEFAULT '0',
  `keyword` varchar(64) NOT NULL DEFAULT '',
  `language` enum('de','en','fr','it') NOT NULL DEFAULT 'en',
  PRIMARY KEY (`resourceID`,`keyword`,`language`)
) ENGINE=MyISAM DEFAULT CHARSET=utf8;
/*!40101 SET character_set_client = @saved_cs_client */;

--
-- Dumping data for table `keywords`
--

LOCK TABLES `keywords` WRITE;
/*!40000 ALTER TABLE `keywords` DISABLE KEYS */;
INSERT INTO `keywords` VALUES (672,'arcs','en'),(674,'wiki','en'),(675,'arcs','en'),(675,'registry','en'),(675,'resource','en'),(675,'rr','en'),(675,'test','en'),(687,'site','en'),(687,'test','en'),(713,'merc','en'),(713,'monash','en'),(743,'(family','en'),(743,'(medicine)','en'),(743,'abstract','en'),(743,'affairs','en'),(743,'and','en'),(743,'architecture','en'),(743,'arts','en'),(743,'asian','en'),(743,'australian','en'),(743,'bibliographic','en'),(743,'books','en'),(743,'building','en'),(743,'business','en'),(743,'cd','en'),(743,'childhood','en'),(743,'citation','en'),(743,'communications','en'),(743,'community','en'),(743,'crime','en'),(743,'databases','en'),(743,'design','en'),(743,'directory','en'),(743,'e-resources','en'),(743,'e-titles','en'),(743,'early','en'),(743,'education','en'),(743,'engineering','en'),(743,'entertainment','en'),(743,'environment','en'),(743,'full','en'),(743,'genealogy','en'),(743,'health','en'),(743,'heritage','en'),(743,'history','en'),(743,'history)','en'),(743,'hospitality','en'),(743,'indigenous','en'),(743,'information','en'),(743,'informit','en'),(743,'issues','en'),(743,'journals','en'),(743,'justice','en'),(743,'law','en'),(743,'literature','en'),(743,'management','en'),(743,'monographs','en'),(743,'natural','en'),(743,'new','en'),(743,'newspapers','en'),(743,'online','en'),(743,'papers','en'),(743,'peoples','en'),(743,'print','en'),(743,'public','en'),(743,'publishing','en'),(743,'reference','en'),(743,'relations','en'),(743,'reports','en'),(743,'research','en'),(743,'resources','en'),(743,'roms','en'),(743,'school','en'),(743,'science','en'),(743,'sciences','en'),(743,'secondary','en'),(743,'skills','en'),(743,'social','en'),(743,'sports','en'),(743,'technology','en'),(743,'text','en'),(743,'tourism','en'),(743,'trade','en'),(743,'zealand','en'),(746,'applications','en'),(746,'arcs','en'),(746,'grid','en'),(746,'modeling','en'),(746,'optimization','en'),(746,'parameter','en'),(746,'parametric','en'),(746,'sweep','en'),(755,'attribute','en'),(755,'echoer','en'),(755,'reflector','en'),(761,'alopecia','en'),(761,'amyloidosis','en'),(761,'bulla','en'),(761,'chondrodermatitis','en'),(761,'dermatitis','en'),(761,'dermatology','en'),(761,'dermatopathology','en'),(761,'duhring','en'),(761,'dyshidrosis','en'),(761,'erythema','en'),(761,'fetopathology','en'),(761,'folliculitis','en'),(761,'granuloma','en'),(761,'grover','en'),(761,'hailey','en'),(761,'high','en'),(761,'histopathology','en'),(761,'ichtyosis','en'),(761,'images','en'),(761,'impetigo','en'),(761,'lichen','en'),(761,'lupus','en'),(761,'mycosis','en'),(761,'necrobiosis','en'),(761,'panniculitis','en'),(761,'pathology','en'),(761,'pemphigoid','en'),(761,'pemphigus','en'),(761,'pictures','en'),(761,'pityriasis','en'),(761,'porphyria','en'),(761,'psoriasis','en'),(761,'resolution','en'),(761,'rhinoscleroma','en'),(761,'rosacea','en'),(761,'sarcoidosis','en'),(761,'scleroderma','en'),(761,'skin','en'),(761,'tatoo','en'),(761,'tumors','en'),(761,'vasculitis','en'),(761,'vesicle','en'),(764,'experimental','en'),(764,'particle','en'),(764,'physics','en'),(767,'commercial','en'),(767,'elearning','en'),(767,'eportfolio','en'),(767,'mahara','en'),(767,'moodle','en'),(767,'net','en'),(767,'netspot','en'),(767,'provider','en'),(767,'sakai','en'),(767,'services','en'),(767,'spot','en'),(779,'security','en'),(779,'shibboleth','en'),(779,'spring','en'),(779,'tpac','en'),(785,'attributes','en'),(785,'echo','en'),(788,'astronomy','en'),(788,'telescope','en');
/*!40000 ALTER TABLE `keywords` ENABLE KEYS */;
UNLOCK TABLES;

--
-- Table structure for table `notificationSettings`
--

DROP TABLE IF EXISTS `notificationSettings`;
/*!40101 SET @saved_cs_client     = @@character_set_client */;
/*!40101 SET character_set_client = utf8 */;
CREATE TABLE `notificationSettings` (
  `objectID` int(11) DEFAULT NULL,
  `objectType` enum('resource') DEFAULT 'resource',
  `timestamp` timestamp NOT NULL DEFAULT CURRENT_TIMESTAMP ON UPDATE CURRENT_TIMESTAMP,
  `userID` int(11) DEFAULT NULL
) ENGINE=MyISAM DEFAULT CHARSET=latin1;
/*!40101 SET character_set_client = @saved_cs_client */;

--
-- Dumping data for table `notificationSettings`
--

LOCK TABLES `notificationSettings` WRITE;
/*!40000 ALTER TABLE `notificationSettings` DISABLE KEYS */;
INSERT INTO `notificationSettings` VALUES (668,'resource','2009-01-30 02:29:23',406),(668,'resource','2009-01-30 02:48:59',406),(672,'resource','2009-02-10 04:54:26',412),(668,'resource','2009-05-30 13:51:10',503),(668,'resource','2009-05-30 14:23:35',503),(700,'resource','2009-08-26 04:30:29',542),(697,'resource','2009-09-13 23:57:46',502);
/*!40000 ALTER TABLE `notificationSettings` ENABLE KEYS */;
UNLOCK TABLES;

--
-- Table structure for table `objectAdmins`
--

DROP TABLE IF EXISTS `objectAdmins`;
/*!40101 SET @saved_cs_client     = @@character_set_client */;
/*!40101 SET character_set_client = utf8 */;
CREATE TABLE `objectAdmins` (
  `objectID` int(6) NOT NULL DEFAULT '0',
  `objectType` enum('homeOrg','resource','rra') NOT NULL DEFAULT 'homeOrg',
  `userID` int(6) NOT NULL DEFAULT '0',
  PRIMARY KEY (`objectID`,`objectType`,`userID`)
) ENGINE=MyISAM DEFAULT CHARSET=utf8;
/*!40101 SET character_set_client = @saved_cs_client */;

--
-- Dumping data for table `objectAdmins`
--

LOCK TABLES `objectAdmins` WRITE;
/*!40000 ALTER TABLE `objectAdmins` DISABLE KEYS */;
INSERT INTO `objectAdmins` VALUES (0,'homeOrg',517),(0,'rra',517),(125,'homeOrg',406),(125,'homeOrg',422),(125,'homeOrg',503),(125,'rra',406),(125,'rra',409),(125,'rra',422),(125,'rra',503),(137,'homeOrg',480),(137,'rra',480),(137,'rra',641),(137,'rra',644),(139,'homeOrg',493),(139,'rra',493),(140,'homeOrg',489),(140,'homeOrg',491),(140,'homeOrg',578),(140,'homeOrg',581),(140,'homeOrg',584),(140,'homeOrg',626),(140,'homeOrg',632),(140,'rra',489),(140,'rra',491),(140,'rra',578),(140,'rra',581),(140,'rra',584),(140,'rra',626),(140,'rra',632),(141,'homeOrg',487),(141,'rra',487),(144,'homeOrg',502),(144,'homeOrg',788),(144,'rra',502),(144,'rra',575),(144,'rra',788),(145,'homeOrg',505),(145,'rra',505),(149,'homeOrg',512),(149,'rra',512),(153,'homeOrg',518),(153,'rra',518),(155,'homeOrg',527),(155,'rra',527),(156,'homeOrg',522),(156,'rra',522),(157,'homeOrg',524),(157,'rra',524),(159,'homeOrg',526),(159,'rra',526),(160,'homeOrg',569),(160,'rra',569),(162,'homeOrg',557),(162,'rra',557),(164,'homeOrg',536),(164,'homeOrg',538),(164,'homeOrg',540),(164,'homeOrg',560),(164,'homeOrg',614),(164,'rra',536),(167,'homeOrg',554),(167,'rra',554),(170,'homeOrg',737),(170,'rra',737),(173,'homeOrg',489),(173,'homeOrg',491),(173,'homeOrg',578),(173,'homeOrg',581),(173,'homeOrg',584),(173,'homeOrg',626),(173,'homeOrg',632),(173,'rra',489),(173,'rra',491),(173,'rra',578),(173,'rra',581),(173,'rra',584),(173,'rra',626),(173,'rra',632),(176,'homeOrg',596),(176,'rra',596),(179,'homeOrg',602),(179,'rra',602),(182,'homeOrg',611),(182,'rra',611),(185,'homeOrg',620),(185,'rra',620),(188,'homeOrg',489),(188,'homeOrg',491),(188,'homeOrg',578),(188,'homeOrg',581),(188,'homeOrg',584),(188,'homeOrg',626),(188,'homeOrg',632),(188,'rra',489),(188,'rra',491),(188,'rra',578),(188,'rra',581),(188,'rra',584),(188,'rra',626),(188,'rra',632),(191,'homeOrg',635),(191,'rra',635),(194,'homeOrg',638),(194,'rra',638),(206,'homeOrg',668),(206,'rra',668),(209,'homeOrg',674),(209,'rra',674),(212,'homeOrg',704),(212,'rra',704),(215,'homeOrg',707),(215,'homeOrg',728),(215,'rra',707),(215,'rra',728),(221,'homeOrg',713),(221,'homeOrg',716),(221,'homeOrg',719),(221,'homeOrg',722),(221,'homeOrg',725),(221,'rra',713),(227,'homeOrg',734),(227,'rra',734),(230,'homeOrg',752),(230,'rra',752),(233,'homeOrg',779),(233,'rra',779),(236,'homeOrg',875),(236,'rra',875),(242,'homeOrg',707),(242,'homeOrg',728),(242,'rra',707),(242,'rra',728),(245,'homeOrg',815),(245,'rra',815),(248,'homeOrg',827),(248,'rra',827),(251,'homeOrg',833),(251,'rra',833),(257,'homeOrg',845),(257,'rra',845),(260,'homeOrg',842),(260,'rra',842),(263,'homeOrg',860),(263,'rra',860),(266,'homeOrg',857),(266,'rra',857),(269,'homeOrg',863),(269,'rra',863),(668,'resource',406),(668,'resource',422),(668,'resource',482),(668,'resource',502),(668,'resource',503),(670,'resource',406),(670,'resource',502),(670,'resource',503),(672,'resource',412),(674,'resource',414),(674,'resource',417),(675,'resource',412),(681,'resource',482),(683,'resource',489),(683,'resource',491),(683,'resource',578),(683,'resource',581),(683,'resource',584),(683,'resource',626),(683,'resource',632),(685,'resource',406),(685,'resource',503),(687,'resource',422),(687,'resource',503),(689,'resource',489),(689,'resource',491),(689,'resource',578),(689,'resource',581),(689,'resource',584),(689,'resource',626),(689,'resource',632),(691,'resource',503),(692,'resource',503),(693,'resource',515),(695,'resource',515),(697,'resource',502),(701,'resource',530),(704,'resource',557),(707,'resource',557),(710,'resource',569),(713,'resource',566),(716,'resource',575),(719,'resource',527),(722,'resource',596),(725,'resource',489),(725,'resource',491),(725,'resource',578),(725,'resource',581),(725,'resource',584),(725,'resource',626),(725,'resource',632),(728,'resource',489),(728,'resource',491),(728,'resource',578),(728,'resource',581),(728,'resource',584),(728,'resource',626),(728,'resource',632),(728,'resource',650),(731,'resource',502),(731,'resource',653),(734,'resource',557),(737,'resource',557),(740,'resource',740),(743,'resource',773),(746,'resource',749),(749,'resource',728),(755,'resource',569),(758,'resource',599),(761,'resource',653),(764,'resource',785),(767,'resource',788),(767,'resource',791),(767,'resource',794),(767,'resource',800),(767,'resource',803),(770,'resource',707),(770,'resource',728),(773,'resource',482),(773,'resource',788),(773,'resource',791),(773,'resource',794),(773,'resource',800),(773,'resource',803),(776,'resource',581),(779,'resource',526),(779,'resource',821),(782,'resource',791),(782,'resource',800),(782,'resource',830),(785,'resource',502),(785,'resource',815),(788,'resource',584),(791,'resource',557),(794,'resource',842),(797,'resource',839),(800,'resource',839),(803,'resource',839),(806,'resource',502),(806,'resource',839),(809,'resource',839),(812,'resource',728),(815,'resource',737),(818,'resource',502);
/*!40000 ALTER TABLE `objectAdmins` ENABLE KEYS */;
UNLOCK TABLES;

--
-- Table structure for table `objectDescriptions`
--

DROP TABLE IF EXISTS `objectDescriptions`;
/*!40101 SET @saved_cs_client     = @@character_set_client */;
/*!40101 SET character_set_client = utf8 */;
CREATE TABLE `objectDescriptions` (
  `objectID` int(6) NOT NULL DEFAULT '0',
  `objectType` enum('homeOrg','resource','fedPartner','federation') NOT NULL DEFAULT 'homeOrg',
  `language` enum('de','en','fr','it') NOT NULL DEFAULT 'en',
  `descriptiveName` varchar(128) DEFAULT NULL,
  `description` text,
  PRIMARY KEY (`objectID`,`objectType`,`language`),
  FULLTEXT KEY `descriptiveName` (`descriptiveName`),
  FULLTEXT KEY `description` (`description`)
) ENGINE=MyISAM DEFAULT CHARSET=utf8;
/*!40101 SET character_set_client = @saved_cs_client */;

--
-- Dumping data for table `objectDescriptions`
--

LOCK TABLES `objectDescriptions` WRITE;
/*!40000 ALTER TABLE `objectDescriptions` DISABLE KEYS */;
INSERT INTO `objectDescriptions` VALUES (1,'federation','en','AAF Federation','Production federation for australian universities'),(125,'homeOrg','en','Queensland University of Technology','Queensland University of Technology'),(137,'homeOrg','en','Griffith University','Griffith University'),(141,'homeOrg','en','Bootstrapped IdP ramp.org.au','Boostrappted IdP of: ramp.org.au'),(670,'resource','en','AAF VHO','AAF Virtual Home Organisation'),(672,'resource','en','ARCS Test Service Provider','ARCS Test Service Provider'),(707,'resource','en','Sp-test Confluence','confluence'),(713,'resource','en','Monash MeRC Test SP','Monash University MeRC test SP'),(693,'resource','en','Test Service 1','Test Service #1'),(675,'resource','en','ARCS RR Test','ARCS RR TEST'),(685,'resource','en','QUT ESOE Test','Test ESOE deployment at QUT.'),(674,'resource','en','UniSA Wiki','UniSA Wiki'),(761,'resource','en','Atlases of Pathology','Collection of atlases of Dermatopathology, Fetal Pathology, Neonatal Pathology, Bone Marrow Pathlogy, Rare Lymphomas and Pathology. Selected atlases contain high resolution images.'),(692,'resource','en','TEST1','Test1'),(139,'homeOrg','en','Edith Cowan University','Test Identity Provider for Edith Cowan University'),(140,'homeOrg','en','UQ IdP (simpleSAMLphp)','The University of Queensland IdP implemented using simpleSAMLphp v1.4'),(681,'resource','en','UTS GW','UTS GW'),(683,'resource','en','Open source Ticket Request System','A federated version of the Open source Ticket Request System.'),(687,'resource','en','Test Site','Test site'),(145,'homeOrg','en','Bootstrapped IdP arcs.org.au','Boostrappted IdP of: arcs.org.au'),(689,'resource','en','The CAUDIT Wiki','The CAUDIT Wiki'),(144,'homeOrg','en','AAF Virtual Home Organization','AAF Virtual Home Organization'),(149,'homeOrg','en','Bootstrapped IdP auth86.ac3.edu.au','Boostrappted IdP of: auth86.ac3.edu.au'),(151,'homeOrg','en','curry.qut.edu.au','curry.qut.edu.au'),(695,'resource','en','Test Service #2','Test Service #2'),(16,'fedPartner','en','Federation Partner #1','First test federation partner'),(697,'resource','en','Test SP','Test SP'),(17,'fedPartner','en','Marvin','Life the Universe and Everthing'),(0,'homeOrg','en','Bootstrapped IdP test4.qut.edu.au','Boostrappted IdP of: test4.qut.edu.au'),(153,'homeOrg','en','Bootstrapped IdP test5.qut.edu.au','Boostrappted IdP of: test5.qut.edu.au'),(191,'homeOrg','en','Bootstrapped IdP griffith.edu.au','Boostrappted IdP of: griffith.edu.au'),(18,'fedPartner','en','CAUDIT',''),(155,'homeOrg','en','University of Canterbury Test 2.0 IdP','University of Canterbury Test 2.0 IdP'),(156,'homeOrg','en','Bootstrapped IdP ramp.org.au','Boostrappted IdP of: ramp.org.au'),(157,'homeOrg','en','Bootstrapped IdP ramp.org.au','Boostrappted IdP of: ramp.org.au'),(194,'homeOrg','en','Bootstrapped IdP acu.edu.au','Boostrappted IdP of: acu.edu.au'),(159,'homeOrg','en','Uni of Tas','Test IdP: utas.edu.au'),(160,'homeOrg','en','MELCOE IdP','MELCOE IdP'),(162,'homeOrg','en','IdP versi.edu.au','versi.edu.au'),(164,'homeOrg','en','Monash University','Monash University test IdP'),(167,'homeOrg','en','Bootstrapped IdP coneflower.qut.edu.au','Boostrappted IdP of: coneflower.qut.edu.au'),(170,'homeOrg','en','CSIRO','CSIRO in Test Federation'),(269,'homeOrg','en','Bootstrapped IdP usq.edu.au','Boostrappted IdP of: usq.edu.au'),(701,'resource','en','BigPulse.com','Online polling, surveys and elections.'),(716,'resource','en','ARCS SLCS Test Server','ARCS SLCS Server. To be used for testing'),(173,'homeOrg','en','The University of Queensland','SAML2 Identity Provider for The University of Queensland'),(176,'homeOrg','en','University of Western Sydney','IdP of: uws.edu.au'),(179,'homeOrg','en','Bootstrapped IdP curtin.edu.au','Boostrappted IdP of: curtin.edu.au'),(722,'resource','en','Demonstration of SP infrastructure','UWS SP demonstration site'),(182,'homeOrg','en','Bootstrapped IdP auth03.ac3.edu.au','Boostrappted IdP of: auth03.ac3.edu.au'),(185,'homeOrg','en','IdP rmit.edu.au','IdP of: rmit.edu.au'),(188,'homeOrg','en','The University of Queensland (Prod)','The University of Queensland Shibboleth Identity Provider.\r\nThe IdP is the same IdP in the Production AAF Pilot'),(23,'fedPartner','en','Trobexis','At Trobexis.com our focus is on providing cutting edge technologies to enhance the way you do business. We want your organisation to spend less time on tasks which do not add value to your business and more time on your core activities while at the same time deliver cost benefits and improvements in efficiency to those non-core tasks'),(725,'resource','en','UQ Library Testing (VM)','UQ Library Testing (VM)'),(728,'resource','en','UQ Library test fez/eSpace','UQ Library test fez/eSpace'),(731,'resource','en','AAF Test 1.3 SP','Attribute reflector and general IdP Configuration test site - using Shibboleth 1.3 technology'),(734,'resource','en','Drupal test','Drupal Development'),(737,'resource','en','VBL - Synchrotron Virtual Beam Line dev','Virtual Beam Line Test'),(26,'fedPartner','en','Netspot','NetSpot is a Premium eLearning Technology Services Partner to education organisations within the Asia Pacific region. We help institutions focus on their core mission by managing their eLearning technology and by licensing world class software.'),(209,'homeOrg','en','Intersect_Test','The Institute for Transdisciplinary eResearch Services and Technology (INTERSECT)'),(206,'homeOrg','en','Bootstrapped IdP uts.edu.au','Boostrappted IdP of: uts.edu.au'),(212,'homeOrg','en','Bootstrapped IdP ckn.dotsec.com','Boostrappted IdP of: ckn.dotsec.com'),(215,'homeOrg','en','University of South Australia','University of South Australia AAF Test IdP'),(221,'homeOrg','en','The University of Western Australia','The IdP for the University of Western Australia'),(227,'homeOrg','en','Bootstrapped IdP aafidp2x.aaf.edu.au','Boostrappted IdP of: aafidp2x.aaf.edu.au'),(230,'homeOrg','en','Bootstrapped IdP deakin.edu.au','Boostrappted IdP of: deakin.edu.au'),(719,'resource','en','ng2dev.canterbury.ac.nz grid gateway shibboleth test','ng2dev.canterbury.ac.nz grid gateway shibboleth test'),(743,'resource','en','Informit','RMIT Publishing\'s Informit service is the premier source of online full text, multi media and index databases that deliver the majority of Australasian scholarly research to the education, research and business sectors.'),(749,'resource','en','UniSA Test Shibboleth Service Provider','Test Shibboleth Service Provider to trial with the CAUDIT IT Benchmarking and Profiling application'),(791,'resource','en','ss2 testing','ss2 testing description'),(668,'resource','en','AAF Resource Registry','The Resource Registry is a web-based tool designed to manage information about Resources and Home Organizations participating in the Australian Access Federation (AAF) and which are operated by AAF Inc. The intended users of the Resource Registry are Resource and Home Organization administrators.'),(755,'resource','en','Attribute Echoer','Application that reflects the attribute that are released by a user back to them in the browser.'),(758,'resource','en','versi VIVO','VIVO 1.0'),(233,'homeOrg','en','Bootstrapped IdP starflower.qut.edu.au','Boostrappted IdP of: starflower.qut.edu.au'),(740,'resource','en','Aspire Resource List solution at Monash','Aspire Resource List solution at Monash'),(767,'resource','en','NetSpot Pty Ltd','NetSpot Pty Ltd Development Service Provider.'),(764,'resource','en','Experimental Particle Physics Wiki','Experimental Particle Physics Wiki'),(746,'resource','en','Test ARCS-Nimrod Portal','This is a test service for the ARCS-Nimrod Portal, a web-based interface to Nimrod parametric modeling tools such as Nimrod/G and NImrod/O.'),(236,'homeOrg','en','Bootstrapped IdP adelaide.edu.au','Boostrappted IdP of: adelaide.edu.au'),(770,'resource','en','UniSA Development Shibboleth Service Provider','Development Shibboleth Service Provider to trial with the CAUDIT IT Benchmarking and Profiling application'),(773,'resource','en','Move to Moodle','Move to Moodle'),(776,'resource','en','PODD','PODD'),(785,'resource','en','Basic echo the attributes application.','Basic echo the attributes application.'),(242,'homeOrg','en','Bootstrapped IdP aa.unisa.edu.au','Boostrappted IdP of: aa.unisa.edu.au'),(245,'homeOrg','en','The University of Melbourne','The University of Melbourne'),(779,'resource','en','Spring Security','integrate spring security with shibboleth'),(248,'homeOrg','en','Bootstrapped IdP smartservice.qld.gov.au','Boostrappted IdP of: smartservice.qld.gov.au'),(788,'resource','en','telescope-net development portal','telescope-net provides access to telescopes and astronomical imaging facilities, along with other astronomy-related services.  This service is the development portal.'),(782,'resource','en','NetSpot Pty Ltd Mahara','Testing of a Shibbolized Mahara instance.'),(251,'homeOrg','en','Bootstrapped IdP versi.edu.au','Boostrappted IdP of: versi.edu.au'),(818,'resource','en','Group Management tool','Group Management tool'),(794,'resource','en','ANU Shibboleth development server','Development server'),(257,'homeOrg','en','Bootstrapped IdP latrobe.edu.au','Boostrappted IdP of: latrobe.edu.au'),(260,'homeOrg','en','Bootstrapped IdP anu.edu.au','Boostrappted IdP of: anu.edu.au'),(797,'resource','en','AAF Core Services','AAF Core Service. Resource Registry, Virtual Home Organization, Monitoring.'),(800,'resource','en','AAF Virtual Home (New) Admin service','AAF Virtual Home (New) Admin service. Administration, Password change, support.'),(803,'resource','en','AAF Home','Australian Access Federation Home'),(806,'resource','en','AAF Monitoring','AAF Monitoring'),(809,'resource','en','AAF Wiki','AAF Wiki'),(263,'homeOrg','en','Bootstrapped IdP auth02.ac3.edu.au','Boostrappted IdP of: auth02.ac3.edu.au'),(266,'homeOrg','en','Bootstrapped IdP csu.edu.au','Boostrappted IdP of: csu.edu.au');
/*!40000 ALTER TABLE `objectDescriptions` ENABLE KEYS */;
UNLOCK TABLES;

--
-- Table structure for table `objectTimestamps`
--

DROP TABLE IF EXISTS `objectTimestamps`;
/*!40101 SET @saved_cs_client     = @@character_set_client */;
/*!40101 SET character_set_client = utf8 */;
CREATE TABLE `objectTimestamps` (
  `timestamp` timestamp NOT NULL DEFAULT CURRENT_TIMESTAMP,
  `objectID` int(6) NOT NULL DEFAULT '0',
  `objectType` enum('homeOrg','resource','attribute','fedPartner','user','arp-refresh') NOT NULL DEFAULT 'homeOrg',
  `userID` int(6) NOT NULL DEFAULT '0',
  `clientIP` varchar(40) DEFAULT NULL,
  `tsType` enum('approved','modified','created','deleted','rejected','disabled','enabled','downloaded') NOT NULL DEFAULT 'modified',
  PRIMARY KEY (`timestamp`,`objectID`,`objectType`,`tsType`)
) ENGINE=MyISAM DEFAULT CHARSET=utf8;
/*!40101 SET character_set_client = @saved_cs_client */;

--
-- Dumping data for table `objectTimestamps`
--

LOCK TABLES `objectTimestamps` WRITE;
/*!40000 ALTER TABLE `objectTimestamps` DISABLE KEYS */;
INSERT INTO `objectTimestamps` VALUES ('2009-01-29 00:58:11',125,'homeOrg',407,'131.181.124.198','created'),('2009-01-29 00:58:25',125,'homeOrg',406,'131.181.124.198','approved'),('2009-01-29 00:59:25',125,'homeOrg',406,'131.181.124.198','modified'),('2009-01-29 01:00:02',125,'homeOrg',406,'131.181.124.198','modified'),('2009-01-29 01:00:47',125,'homeOrg',406,'131.181.124.198','modified'),('2009-01-29 01:04:04',407,'user',406,'131.181.124.198','enabled'),('2009-01-29 01:04:12',407,'user',406,'131.181.124.198','disabled'),('2009-01-29 01:16:49',668,'resource',406,'131.181.124.198','created'),('2009-01-29 01:20:54',668,'resource',406,'131.181.124.198','approved'),('2009-02-02 00:12:38',668,'resource',406,'131.181.124.198','modified'),('2009-02-02 00:12:51',668,'resource',406,'131.181.124.198','approved'),('2009-02-02 05:19:17',125,'homeOrg',406,'131.181.124.198','modified'),('2009-02-02 05:19:28',125,'homeOrg',406,'131.181.124.198','modified'),('2009-02-02 05:19:32',125,'homeOrg',406,'131.181.124.198','modified'),('2009-02-03 03:14:29',125,'homeOrg',406,'131.181.26.199','modified'),('2009-02-03 03:14:35',125,'homeOrg',406,'131.181.26.199','modified'),('2009-02-04 00:45:48',126,'homeOrg',411,'137.111.246.6','created'),('2009-02-04 00:48:31',126,'homeOrg',406,'131.181.124.198','approved'),('2009-02-04 00:50:50',125,'homeOrg',406,'131.181.124.198','modified'),('2009-02-04 00:50:54',125,'homeOrg',406,'131.181.124.198','modified'),('2009-02-08 23:27:18',127,'homeOrg',412,'137.111.246.6','created'),('2009-02-08 23:31:22',127,'homeOrg',406,'131.181.124.198','approved'),('2009-02-09 02:22:32',126,'homeOrg',406,'131.181.124.198','disabled'),('2009-02-09 03:17:06',125,'homeOrg',406,'131.181.124.198','modified'),('2009-02-09 03:17:34',125,'homeOrg',406,'131.181.124.198','modified'),('2009-02-09 04:00:17',670,'resource',406,'131.181.124.198','created'),('2009-02-09 04:01:04',670,'resource',406,'131.181.124.198','approved'),('2009-02-09 11:40:10',127,'arp-refresh',0,'115.129.31.147','downloaded'),('2009-02-10 05:01:57',672,'resource',412,'137.111.246.6','created'),('2009-02-10 05:19:29',672,'resource',412,'137.111.246.6','approved'),('2009-02-10 05:22:30',127,'arp-refresh',0,'137.111.246.6','downloaded'),('2009-02-10 05:23:58',672,'resource',412,'137.111.246.6','modified'),('2009-02-10 05:26:53',672,'resource',412,'137.111.246.6','approved'),('2009-10-16 13:55:45',144,'homeOrg',502,'210.49.253.179','modified'),('2009-02-16 02:30:03',128,'homeOrg',414,'130.220.152.45','created'),('2009-02-16 02:33:34',128,'homeOrg',406,'131.181.124.198','approved'),('2009-02-16 04:19:02',126,'homeOrg',406,'131.181.124.198','modified'),('2009-02-16 04:19:46',126,'homeOrg',406,'131.181.124.198','approved'),('2009-02-16 04:19:56',126,'homeOrg',406,'131.181.124.198','disabled'),('2009-02-23 00:39:36',129,'homeOrg',415,'131.181.124.8','created'),('2009-02-23 00:40:57',129,'homeOrg',409,'131.181.124.8','approved'),('2009-02-24 06:23:25',130,'homeOrg',416,'132.234.19.122','created'),('2009-02-24 10:27:08',130,'homeOrg',406,'60.241.58.233','approved'),('2009-02-26 02:34:20',129,'homeOrg',406,'131.181.124.198','disabled'),('2009-02-26 02:34:25',129,'homeOrg',406,'131.181.124.198','approved'),('2009-02-26 04:07:53',128,'homeOrg',417,'130.220.79.99','modified'),('2009-02-26 04:08:26',128,'homeOrg',417,'130.220.79.99','modified'),('2009-02-26 04:11:29',128,'homeOrg',417,'130.220.79.99','modified'),('2010-04-29 12:24:23',125,'homeOrg',503,'110.20.66.181','modified'),('2009-02-26 12:19:06',128,'arp-refresh',0,'121.45.108.229','downloaded'),('2009-02-27 04:34:42',414,'user',406,'60.241.58.233','enabled'),('2009-02-27 07:28:17',131,'homeOrg',420,'139.230.245.21','created'),('2009-02-27 08:09:17',131,'homeOrg',406,'60.241.58.233','approved'),('2009-02-28 15:34:09',129,'arp-refresh',0,'210.49.253.179','downloaded'),('2009-02-28 15:54:18',129,'homeOrg',409,'210.49.253.179','disabled'),('2009-02-28 15:58:04',132,'homeOrg',421,'210.49.253.179','created'),('2009-03-01 15:09:42',132,'homeOrg',422,'210.49.253.179','approved'),('2009-03-03 04:07:33',130,'homeOrg',422,'131.181.124.164','disabled'),('2009-03-03 04:21:11',131,'homeOrg',422,'131.181.124.164','disabled'),('2009-03-03 05:55:43',47,'attribute',422,'131.181.124.164','created'),('2009-03-03 06:09:21',48,'attribute',422,'131.181.124.164','created'),('2009-03-03 15:51:41',421,'user',422,'210.49.253.179','enabled'),('2009-03-03 15:59:21',132,'homeOrg',423,'210.49.253.179','modified'),('2009-03-04 00:51:44',133,'homeOrg',424,'132.234.19.122','created'),('2009-03-04 00:56:52',133,'homeOrg',406,'131.181.124.198','approved'),('2009-03-05 04:25:16',49,'attribute',425,'131.181.124.16','created'),('2009-03-05 04:34:33',50,'attribute',425,'131.181.124.16','created'),('2009-03-05 04:43:37',51,'attribute',425,'131.181.124.16','created'),('2009-03-05 05:00:28',52,'attribute',425,'131.181.124.16','created'),('2009-03-05 05:04:58',53,'attribute',425,'131.181.124.16','created'),('2009-03-05 05:09:20',54,'attribute',425,'131.181.124.16','created'),('2009-03-09 04:53:01',134,'homeOrg',426,'131.181.124.164','created'),('2009-03-09 04:54:53',134,'homeOrg',422,'131.181.124.164','approved'),('2009-03-09 05:50:04',675,'resource',412,'137.111.246.6','created'),('2009-03-09 05:53:20',675,'resource',412,'137.111.246.6','approved'),('2009-03-09 12:37:13',134,'homeOrg',427,'131.181.107.24','modified'),('2009-03-09 12:37:53',134,'homeOrg',427,'131.181.107.24','modified'),('2009-03-09 12:40:05',134,'homeOrg',427,'131.181.107.24','modified'),('2009-03-09 12:44:20',134,'homeOrg',427,'131.181.107.24','modified'),('2009-12-21 15:01:03',197,'arp-refresh',0,'131.181.118.60','downloaded'),('2009-12-23 14:08:48',197,'arp-refresh',0,'131.181.118.60','downloaded'),('2009-03-10 15:02:55',132,'arp-refresh',0,'210.49.253.179','downloaded'),('2009-03-10 15:06:19',134,'arp-refresh',0,'131.181.107.24','downloaded'),('2009-03-10 15:06:31',134,'arp-refresh',0,'131.181.107.24','downloaded'),('2009-03-13 13:17:29',677,'resource',423,'210.49.253.179','created'),('2009-03-13 13:20:50',677,'resource',423,'210.49.253.179','approved'),('2009-03-16 06:20:34',135,'homeOrg',431,'137.111.246.6','created'),('2009-03-17 00:37:10',135,'homeOrg',406,'131.181.124.198','approved'),('2009-03-17 00:57:21',135,'homeOrg',430,'137.111.246.6','modified'),('2009-03-17 01:17:03',135,'homeOrg',430,'137.111.246.6','modified'),('2009-03-18 03:47:07',136,'homeOrg',465,'131.181.26.160','created'),('2009-03-18 04:44:42',432,'user',422,'210.49.253.179','disabled'),('2009-03-18 04:45:48',433,'user',422,'210.49.253.179','disabled'),('2009-03-18 04:46:47',434,'user',422,'210.49.253.179','disabled'),('2009-03-18 04:46:52',435,'user',422,'210.49.253.179','disabled'),('2009-03-18 04:46:57',438,'user',422,'210.49.253.179','disabled'),('2009-03-18 04:47:05',436,'user',422,'210.49.253.179','disabled'),('2009-03-18 04:47:09',437,'user',422,'210.49.253.179','disabled'),('2009-03-18 04:47:14',439,'user',422,'210.49.253.179','disabled'),('2009-03-18 04:47:20',440,'user',422,'210.49.253.179','disabled'),('2009-03-18 04:47:37',464,'user',422,'210.49.253.179','disabled'),('2009-03-18 04:47:42',441,'user',422,'210.49.253.179','disabled'),('2009-03-18 04:47:46',442,'user',422,'210.49.253.179','disabled'),('2009-03-18 04:47:50',443,'user',422,'210.49.253.179','disabled'),('2009-03-18 04:47:55',444,'user',422,'210.49.253.179','disabled'),('2009-03-18 04:47:59',445,'user',422,'210.49.253.179','disabled'),('2009-03-18 04:48:05',446,'user',422,'210.49.253.179','disabled'),('2009-03-18 04:48:09',447,'user',422,'210.49.253.179','disabled'),('2009-03-18 04:48:15',448,'user',422,'210.49.253.179','disabled'),('2009-03-18 04:48:22',449,'user',422,'210.49.253.179','disabled'),('2009-03-18 04:48:27',450,'user',422,'210.49.253.179','disabled'),('2009-03-18 04:48:33',451,'user',422,'210.49.253.179','disabled'),('2009-03-18 04:48:38',452,'user',422,'210.49.253.179','disabled'),('2009-03-18 04:48:43',453,'user',422,'210.49.253.179','disabled'),('2009-03-18 04:48:48',454,'user',422,'210.49.253.179','disabled'),('2009-03-18 04:48:53',455,'user',422,'210.49.253.179','disabled'),('2009-03-18 04:48:58',456,'user',422,'210.49.253.179','disabled'),('2009-03-18 04:49:03',458,'user',422,'210.49.253.179','disabled'),('2009-03-18 04:49:08',459,'user',422,'210.49.253.179','disabled'),('2009-03-18 04:49:14',460,'user',422,'210.49.253.179','disabled'),('2009-03-18 04:49:19',461,'user',422,'210.49.253.179','disabled'),('2009-03-18 04:49:27',463,'user',422,'210.49.253.179','disabled'),('2009-03-18 05:53:14',133,'homeOrg',422,'210.49.253.179','disabled'),('2009-03-18 06:09:29',137,'homeOrg',470,'132.234.19.122','created'),('2009-03-18 06:28:34',137,'homeOrg',422,'210.49.253.179','approved'),('2009-03-19 13:54:35',137,'homeOrg',479,'210.49.253.179','modified'),('2009-03-19 13:55:31',137,'homeOrg',479,'210.49.253.179','modified'),('2009-03-19 23:02:32',137,'arp-refresh',0,'132.234.19.122','downloaded'),('2009-03-19 23:16:53',137,'homeOrg',480,'132.234.19.122','modified'),('2009-03-19 23:16:56',137,'homeOrg',480,'132.234.19.122','modified'),('2009-03-20 00:14:51',137,'homeOrg',480,'132.234.19.122','modified'),('2009-03-20 00:15:01',137,'homeOrg',480,'132.234.19.122','modified'),('2009-03-20 01:18:46',679,'resource',417,'130.220.79.98','created'),('2009-03-20 01:20:41',679,'resource',417,'130.220.79.98','approved'),('2009-03-20 04:21:15',137,'arp-refresh',0,'132.234.19.122','downloaded'),('2009-03-20 04:21:33',137,'arp-refresh',0,'132.234.19.122','downloaded'),('2009-03-22 23:24:37',138,'homeOrg',481,'203.214.102.188','created'),('2009-03-22 23:25:38',138,'homeOrg',406,'131.181.124.198','approved'),('2009-03-23 02:04:22',139,'homeOrg',483,'139.230.245.21','created'),('2009-03-23 02:05:00',139,'homeOrg',406,'131.181.124.198','approved'),('2009-03-23 07:24:51',132,'arp-refresh',0,'210.49.253.179','downloaded'),('2009-03-24 02:33:50',132,'homeOrg',423,'131.181.124.164','modified'),('2009-03-24 02:34:44',132,'arp-refresh',0,'131.181.124.164','downloaded'),('2009-03-24 04:06:14',138,'homeOrg',482,'203.214.102.188','modified'),('2009-03-24 04:06:14',140,'homeOrg',486,'130.102.153.94','created'),('2009-03-24 04:06:48',140,'homeOrg',422,'131.181.124.164','approved'),('2009-03-24 04:08:19',138,'homeOrg',482,'203.214.102.188','modified'),('2009-03-24 04:09:24',138,'homeOrg',482,'203.214.102.188','modified'),('2009-03-24 04:28:24',681,'resource',482,'203.214.102.188','created'),('2009-03-24 04:29:12',681,'resource',482,'203.214.102.188','approved'),('2009-03-24 04:30:20',127,'homeOrg',422,'131.181.124.164','disabled'),('2009-03-24 04:40:49',132,'homeOrg',423,'131.181.124.164','modified'),('2009-03-24 04:48:00',135,'homeOrg',422,'131.181.124.164','disabled'),('2009-03-24 06:09:25',681,'resource',482,'203.214.102.188','modified'),('2009-03-24 06:09:33',681,'resource',482,'203.214.102.188','approved'),('2009-03-25 01:36:21',674,'resource',417,'130.220.79.178','created'),('2009-03-25 01:36:40',674,'resource',417,'130.220.79.178','approved'),('2009-03-25 04:07:47',418,'user',406,'131.181.124.198','disabled'),('2009-03-25 04:11:25',674,'resource',417,'130.220.79.178','modified'),('2009-03-25 04:11:32',674,'resource',417,'130.220.79.178','approved'),('2009-03-26 02:42:32',140,'homeOrg',406,'131.181.124.198','modified'),('2009-03-26 04:19:39',141,'homeOrg',487,'137.111.246.6','created'),('2009-03-26 04:30:45',141,'homeOrg',406,'131.181.124.198','approved'),('2009-03-26 05:07:17',670,'resource',406,'131.181.124.198','modified'),('2009-03-26 05:07:43',670,'resource',406,'131.181.124.198','approved'),('2009-03-27 04:46:49',140,'homeOrg',489,'130.102.153.94','modified'),('2009-03-27 04:47:59',140,'homeOrg',489,'130.102.153.94','modified'),('2009-03-27 04:48:13',140,'homeOrg',489,'130.102.153.94','modified'),('2009-03-27 04:48:56',140,'homeOrg',489,'130.102.153.94','modified'),('2009-03-27 04:54:02',140,'homeOrg',489,'130.102.153.94','modified'),('2009-03-27 05:00:18',140,'homeOrg',489,'130.102.153.94','modified'),('2009-03-27 06:01:03',140,'homeOrg',406,'131.181.26.145','modified'),('2009-03-30 03:03:36',134,'homeOrg',422,'131.181.124.164','disabled'),('2009-03-30 04:23:33',137,'arp-refresh',0,'132.234.19.122','downloaded'),('2009-03-30 04:26:22',137,'arp-refresh',0,'132.234.19.122','downloaded'),('2009-03-30 04:48:49',137,'arp-refresh',0,'132.234.19.122','downloaded'),('2009-03-30 05:12:55',140,'homeOrg',491,'130.102.153.94','modified'),('2009-03-30 05:13:24',140,'homeOrg',491,'130.102.153.94','modified'),('2009-03-30 05:14:23',140,'homeOrg',491,'130.102.153.94','modified'),('2009-03-30 05:54:11',128,'arp-refresh',0,'130.220.79.178','downloaded'),('2009-03-30 06:22:33',128,'arp-refresh',0,'130.220.79.178','downloaded'),('2009-03-31 06:14:20',137,'arp-refresh',0,'132.234.19.122','downloaded'),('2009-03-31 06:31:57',139,'homeOrg',488,'139.230.245.20','modified'),('2009-03-31 06:33:25',139,'homeOrg',488,'139.230.245.20','modified'),('2009-03-31 06:41:24',679,'resource',417,'130.220.79.178','modified'),('2009-03-31 06:41:32',679,'resource',417,'130.220.79.178','approved'),('2009-03-31 13:58:50',139,'homeOrg',488,'203.161.100.166','modified'),('2009-03-31 14:06:05',139,'homeOrg',488,'203.161.100.166','modified'),('2009-03-31 14:07:09',139,'homeOrg',488,'203.161.100.166','modified'),('2009-03-31 15:10:40',139,'homeOrg',488,'203.161.100.166','modified'),('2009-03-31 15:11:21',139,'homeOrg',488,'203.161.100.166','modified'),('2009-04-01 03:39:50',137,'homeOrg',480,'132.234.19.122','modified'),('2009-04-01 06:03:18',137,'homeOrg',480,'132.234.19.122','modified'),('2009-04-02 23:00:35',137,'homeOrg',480,'132.234.19.122','modified'),('2009-04-02 23:00:42',137,'homeOrg',480,'132.234.19.122','modified'),('2010-04-28 07:50:47',162,'arp-refresh',0,'144.131.54.54','downloaded'),('2009-04-03 03:50:33',683,'resource',491,'130.102.153.94','created'),('2009-04-03 03:54:13',683,'resource',491,'130.102.153.94','approved'),('2009-04-06 04:16:53',683,'resource',491,'130.102.153.94','modified'),('2009-04-06 04:17:19',683,'resource',491,'130.102.153.94','approved'),('2009-04-07 00:03:27',128,'arp-refresh',0,'130.220.79.178','downloaded'),('2009-04-08 02:13:58',683,'resource',491,'130.102.153.94','modified'),('2009-04-08 02:15:36',683,'resource',491,'130.102.153.94','approved'),('2009-04-08 04:00:42',683,'resource',491,'130.102.153.94','modified'),('2009-04-08 04:00:53',683,'resource',491,'130.102.153.94','approved'),('2009-04-08 05:58:10',55,'attribute',422,'131.181.124.164','created'),('2009-04-08 06:39:20',56,'attribute',422,'131.181.124.164','created'),('2009-04-08 06:46:47',57,'attribute',422,'131.181.124.164','created'),('2009-04-08 06:52:10',58,'attribute',422,'131.181.124.164','created'),('2009-04-08 07:48:05',59,'attribute',422,'131.181.124.164','created'),('2009-04-08 08:01:35',60,'attribute',422,'131.181.124.164','created'),('2009-04-08 08:36:19',132,'homeOrg',423,'131.181.124.164','modified'),('2009-04-08 08:36:57',132,'arp-refresh',0,'131.181.124.164','downloaded'),('2009-04-08 08:37:18',132,'arp-refresh',0,'131.181.124.164','downloaded'),('2009-04-08 08:41:15',677,'resource',423,'131.181.124.164','approved'),('2009-04-08 08:50:06',132,'arp-refresh',0,'131.181.124.164','downloaded'),('2009-04-08 23:43:08',132,'arp-refresh',0,'131.181.102.124','downloaded'),('2009-04-08 23:50:23',132,'homeOrg',423,'131.181.102.124','modified'),('2009-04-08 23:52:21',132,'homeOrg',423,'131.181.102.124','modified'),('2009-04-09 00:16:48',132,'homeOrg',406,'131.181.124.198','modified'),('2009-04-09 00:17:23',132,'homeOrg',406,'131.181.124.198','modified'),('2009-04-10 16:02:23',132,'homeOrg',422,'210.49.253.179','modified'),('2009-04-10 16:38:32',132,'homeOrg',422,'210.49.253.179','modified'),('2009-04-16 01:56:18',685,'resource',406,'131.181.124.198','created'),('2009-04-16 01:56:44',685,'resource',406,'131.181.124.198','approved'),('2009-04-16 13:44:43',687,'resource',422,'210.49.253.179','created'),('2009-04-16 13:48:17',687,'resource',422,'210.49.253.179','approved'),('2009-04-21 13:21:15',132,'homeOrg',422,'210.49.253.179','disabled'),('2009-04-21 13:50:20',142,'homeOrg',496,'210.49.253.179','created'),('2009-04-21 13:52:35',142,'homeOrg',422,'210.49.253.179','approved'),('2009-04-21 13:59:53',142,'homeOrg',422,'210.49.253.179','modified'),('2009-04-21 14:00:12',142,'homeOrg',422,'210.49.253.179','modified'),('2009-04-21 14:00:42',142,'homeOrg',422,'210.49.253.179','modified'),('2009-04-21 14:04:00',142,'homeOrg',422,'210.49.253.179','modified'),('2009-04-21 14:08:25',142,'homeOrg',496,'210.49.253.179','modified'),('2009-04-21 14:08:58',142,'homeOrg',496,'210.49.253.179','modified'),('2009-04-21 14:11:27',142,'homeOrg',496,'210.49.253.179','modified'),('2009-04-22 08:53:35',143,'homeOrg',498,'131.181.124.164','created'),('2009-04-22 08:54:44',143,'homeOrg',422,'131.181.124.164','approved'),('2009-04-24 02:08:53',143,'homeOrg',422,'210.49.253.179','modified'),('2009-04-27 01:55:19',142,'homeOrg',406,'131.181.124.198','disabled'),('2009-04-27 01:55:34',142,'homeOrg',406,'131.181.124.198','approved'),('2009-04-27 03:59:47',143,'homeOrg',499,'131.181.124.164','modified'),('2009-04-27 03:59:54',143,'homeOrg',499,'131.181.124.164','modified'),('2009-04-27 04:02:19',143,'homeOrg',499,'131.181.124.164','modified'),('2009-04-29 06:41:42',143,'homeOrg',422,'131.181.124.164','modified'),('2009-04-29 06:44:57',687,'resource',422,'131.181.124.164','modified'),('2009-04-29 06:48:03',687,'resource',422,'131.181.124.164','modified'),('2009-04-29 06:50:23',143,'arp-refresh',0,'131.181.124.164','downloaded'),('2009-04-28 02:11:57',689,'resource',491,'130.102.153.94','created'),('2009-04-28 02:14:16',689,'resource',491,'130.102.153.94','approved'),('2009-04-28 03:29:14',143,'homeOrg',406,'131.181.124.198','modified'),('2009-04-29 06:51:46',687,'resource',422,'131.181.124.164','modified'),('2009-04-29 06:56:09',143,'arp-refresh',0,'131.181.124.164','downloaded'),('2009-04-28 08:39:13',687,'resource',422,'131.181.124.164','modified'),('2009-04-28 08:39:58',687,'resource',422,'131.181.124.164','approved'),('2009-04-29 06:56:46',143,'arp-refresh',0,'131.181.124.164','downloaded'),('2009-04-29 07:25:14',668,'resource',422,'131.181.124.164','modified'),('2009-04-28 14:09:46',61,'attribute',422,'210.49.253.179','created'),('2009-04-28 14:11:54',62,'attribute',422,'210.49.253.179','created'),('2009-04-29 07:29:46',143,'homeOrg',422,'131.181.124.164','modified'),('2009-04-28 14:58:50',143,'homeOrg',422,'210.49.253.179','modified'),('2009-04-28 15:00:03',687,'resource',422,'210.49.253.179','modified'),('2009-04-28 15:00:32',687,'resource',422,'210.49.253.179','approved'),('2009-04-29 07:35:37',143,'homeOrg',422,'131.181.124.164','modified'),('2009-04-30 02:18:31',144,'homeOrg',500,'131.181.124.164','created'),('2009-04-29 06:42:00',143,'arp-refresh',0,'131.181.124.164','downloaded'),('2009-04-29 06:45:14',687,'resource',422,'131.181.124.164','approved'),('2009-04-29 06:46:12',143,'arp-refresh',0,'131.181.124.164','downloaded'),('2009-04-29 06:48:27',687,'resource',422,'131.181.124.164','approved'),('2009-04-29 06:48:44',143,'arp-refresh',0,'131.181.124.164','downloaded'),('2009-04-29 06:51:52',687,'resource',422,'131.181.124.164','approved'),('2009-04-29 06:52:34',687,'resource',422,'131.181.124.164','modified'),('2009-04-29 06:52:42',687,'resource',422,'131.181.124.164','approved'),('2009-04-29 06:52:48',143,'arp-refresh',0,'131.181.124.164','downloaded'),('2009-04-29 07:25:21',668,'resource',422,'131.181.124.164','approved'),('2009-04-29 07:27:45',143,'arp-refresh',0,'131.181.124.164','downloaded'),('2009-04-29 07:29:53',143,'arp-refresh',0,'131.181.124.164','downloaded'),('2009-04-29 07:35:44',143,'arp-refresh',0,'131.181.124.164','downloaded'),('2009-04-30 02:20:03',144,'homeOrg',422,'131.181.124.164','approved'),('2009-04-30 02:27:11',144,'homeOrg',422,'131.181.124.164','modified'),('2009-04-30 02:27:58',144,'homeOrg',422,'131.181.124.164','modified'),('2009-04-30 03:21:34',144,'homeOrg',502,'131.181.124.164','modified'),('2009-04-30 03:21:41',144,'homeOrg',502,'131.181.124.164','modified'),('2009-04-30 03:23:36',144,'homeOrg',502,'131.181.124.164','modified'),('2009-05-26 07:14:58',16,'fedPartner',503,NULL,'modified'),('2010-05-26 01:47:05',767,'resource',788,'115.64.198.136','modified'),('2009-04-30 03:27:20',143,'homeOrg',422,'131.181.124.164','disabled'),('2009-05-01 07:13:17',142,'homeOrg',496,'210.49.253.179','modified'),('2009-05-04 05:33:44',145,'homeOrg',505,'202.158.218.252','created'),('2009-05-07 11:35:58',146,'homeOrg',506,'210.49.253.179','created'),('2009-05-07 11:37:11',146,'homeOrg',503,'210.49.253.179','approved'),('2009-05-07 13:39:36',146,'homeOrg',503,'210.49.253.179','disabled'),('2009-05-07 13:49:34',147,'homeOrg',508,'210.49.253.179','created'),('2009-05-07 13:50:57',147,'homeOrg',503,'210.49.253.179','approved'),('2009-05-07 14:16:22',147,'homeOrg',503,'210.49.253.179','disabled'),('2009-05-07 14:18:25',148,'homeOrg',509,'210.49.253.179','created'),('2009-05-07 14:18:57',148,'homeOrg',503,'210.49.253.179','approved'),('2009-05-07 23:39:48',148,'homeOrg',510,'210.49.253.179','modified'),('2009-05-07 23:40:00',148,'homeOrg',510,'210.49.253.179','modified'),('2009-05-07 23:41:39',148,'homeOrg',510,'210.49.253.179','modified'),('2009-05-11 07:13:16',149,'homeOrg',512,'202.158.218.252','created'),('2009-05-11 07:45:58',149,'homeOrg',406,'60.241.58.233','approved'),('2009-05-13 09:29:54',689,'resource',491,'203.101.250.15','modified'),('2009-05-13 09:30:34',689,'resource',491,'203.101.250.15','approved'),('2009-09-17 05:45:16',140,'arp-refresh',0,'130.102.153.94','downloaded'),('2009-10-02 04:35:32',176,'homeOrg',590,'137.154.23.198','created'),('2010-05-12 05:33:06',140,'arp-refresh',0,'130.102.153.94','downloaded'),('2010-05-12 05:33:23',140,'arp-refresh',0,'130.102.153.94','downloaded'),('2009-05-13 15:25:36',150,'homeOrg',513,'210.49.253.179','created'),('2009-05-13 15:52:05',150,'homeOrg',503,'210.49.253.179','approved'),('2009-05-13 15:55:10',150,'homeOrg',503,'210.49.253.179','disabled'),('2009-12-08 09:03:57',194,'homeOrg',503,'131.181.87.90','approved'),('2009-12-08 07:24:56',194,'homeOrg',638,'203.10.45.225','created'),('2009-12-08 00:32:47',191,'homeOrg',503,'131.181.87.90','approved'),('2009-12-04 00:01:33',191,'homeOrg',635,'132.234.83.101','created'),('2009-12-02 00:32:29',689,'resource',581,'130.102.153.94','approved'),('2009-12-02 00:32:20',689,'resource',581,'130.102.153.94','modified'),('2009-05-14 03:01:09',691,'resource',503,'131.181.24.32','created'),('2009-05-14 03:15:10',691,'resource',503,'131.181.24.32','created'),('2009-05-14 03:25:51',692,'resource',503,'131.181.24.32','created'),('2010-04-29 06:25:22',749,'resource',728,'130.220.79.178','created'),('2010-03-26 05:21:55',159,'homeOrg',526,'131.217.5.204','modified'),('2010-05-12 05:38:38',140,'arp-refresh',0,'130.102.153.94','downloaded'),('2009-12-02 00:30:42',683,'resource',581,'130.102.153.94','approved'),('2009-05-15 04:29:22',142,'homeOrg',503,'210.49.253.179','disabled'),('2009-05-15 04:29:28',148,'homeOrg',503,'210.49.253.179','disabled'),('2009-12-02 00:30:31',683,'resource',581,'130.102.153.94','modified'),('2009-12-01 23:48:18',725,'resource',626,'130.102.153.94','approved'),('2009-05-16 15:43:17',693,'resource',515,'210.49.253.179','created'),('2009-05-16 15:44:05',693,'resource',515,'210.49.253.179','approved'),('2009-12-01 23:47:29',725,'resource',632,'130.102.153.94','modified'),('2009-05-17 01:47:49',695,'resource',515,'210.49.253.179','created'),('2009-05-17 01:48:17',695,'resource',515,'210.49.253.179','approved'),('2009-05-17 05:52:34',16,'fedPartner',503,NULL,'created'),('2009-05-17 11:34:06',695,'resource',515,'210.49.253.179','modified'),('2009-05-17 11:34:15',695,'resource',515,'210.49.253.179','approved'),('2009-05-17 11:55:26',695,'resource',515,'210.49.253.179','modified'),('2009-05-17 11:55:37',695,'resource',515,'210.49.253.179','approved'),('2009-12-01 23:27:56',725,'resource',626,'130.102.153.94','approved'),('2009-12-01 03:42:43',162,'homeOrg',557,'128.250.152.197','modified'),('2009-05-25 14:18:42',125,'homeOrg',503,'210.49.253.179','modified'),('2009-05-25 14:18:47',125,'homeOrg',503,'210.49.253.179','modified'),('2009-05-25 16:20:14',125,'homeOrg',503,'210.49.253.179','modified'),('2009-05-25 16:20:22',125,'homeOrg',503,'210.49.253.179','modified'),('2009-05-25 16:20:31',125,'homeOrg',503,'210.49.253.179','modified'),('2009-05-25 16:26:01',125,'homeOrg',503,'210.49.253.179','modified'),('2009-05-25 16:26:05',125,'homeOrg',503,'210.49.253.179','modified'),('2009-05-25 16:26:09',125,'homeOrg',503,'210.49.253.179','modified'),('2009-05-25 16:26:17',125,'homeOrg',503,'210.49.253.179','modified'),('2009-05-25 16:26:31',125,'homeOrg',503,'210.49.253.179','modified'),('2009-05-25 16:27:16',125,'homeOrg',503,'210.49.253.179','modified'),('2009-05-25 16:44:39',125,'homeOrg',503,'210.49.253.179','modified'),('2009-05-25 16:44:45',125,'homeOrg',503,'210.49.253.179','modified'),('2009-05-26 03:51:45',137,'homeOrg',480,'132.234.19.122','modified'),('2009-05-26 03:51:48',137,'homeOrg',480,'132.234.19.122','modified'),('2009-05-26 06:09:47',687,'resource',503,'131.181.124.164','modified'),('2009-05-26 06:23:55',697,'resource',502,'131.181.124.164','created'),('2009-05-26 06:26:38',697,'resource',502,'131.181.124.164','approved'),('2009-05-26 06:27:28',697,'resource',502,'131.181.124.164','modified'),('2009-05-26 06:27:45',697,'resource',502,'131.181.124.164','approved'),('2009-09-17 03:59:24',173,'homeOrg',578,'130.102.153.94','created'),('2010-04-29 12:28:46',125,'homeOrg',503,'110.20.66.181','modified'),('2009-05-26 06:32:18',697,'resource',502,'131.181.124.164','modified'),('2010-03-09 07:39:33',221,'homeOrg',713,'130.95.86.194','created'),('2010-04-29 12:26:27',687,'resource',503,'110.20.66.181','modified'),('2009-05-26 06:33:40',697,'resource',502,'131.181.124.164','approved'),('2009-12-16 14:03:32',197,'homeOrg',502,'172.28.5.236','modified'),('2010-06-25 01:20:40',242,'homeOrg',728,'130.220.71.19','modified'),('2009-05-26 07:18:30',17,'fedPartner',503,NULL,'created'),('2009-05-26 07:57:48',699,'resource',503,'131.181.124.164','created'),('2009-05-27 05:08:58',125,'homeOrg',406,'131.181.101.230','modified'),('2009-05-27 05:09:06',125,'homeOrg',406,'131.181.101.230','modified'),('2009-05-29 07:29:07',153,'homeOrg',518,'210.49.253.179','created'),('2009-05-29 07:30:56',153,'homeOrg',503,'210.49.253.179','approved'),('2009-11-29 23:30:08',140,'homeOrg',581,'130.102.153.94','modified'),('2009-11-29 23:29:40',140,'homeOrg',581,'130.102.153.94','modified'),('2009-11-29 23:28:33',173,'homeOrg',581,'130.102.153.94','modified'),('2009-11-29 23:27:27',188,'homeOrg',581,'130.102.153.94','modified'),('2009-11-28 22:39:08',725,'resource',632,'203.101.250.15','modified'),('2009-11-28 22:37:36',725,'resource',581,'203.101.250.15','modified'),('2009-11-28 22:31:36',725,'resource',581,'203.101.250.15','modified'),('2009-05-29 07:40:35',519,'user',503,'210.49.253.179','enabled'),('2010-05-26 01:47:32',767,'resource',788,'115.64.198.136','approved'),('2010-04-11 23:45:11',719,'resource',527,'132.181.64.179','approved'),('2009-06-02 01:31:26',128,'homeOrg',414,'130.220.79.178','modified'),('2009-06-02 01:31:54',128,'homeOrg',414,'130.220.79.178','modified'),('2009-06-04 03:59:46',689,'resource',491,'130.102.153.94','modified'),('2009-06-04 04:00:21',689,'resource',491,'130.102.153.94','approved'),('2009-06-04 04:31:59',18,'fedPartner',406,NULL,'created'),('2009-06-04 04:37:06',689,'resource',406,'131.181.102.168','modified'),('2009-06-04 04:38:20',689,'resource',491,'130.102.153.94','approved'),('2009-06-04 04:41:41',689,'resource',491,'130.102.153.94','modified'),('2009-06-04 04:41:47',689,'resource',491,'130.102.153.94','approved'),('2010-05-12 05:47:57',140,'arp-refresh',0,'130.102.148.105','downloaded'),('2010-05-12 05:47:58',140,'arp-refresh',0,'130.102.148.105','downloaded'),('2009-06-10 05:07:38',155,'homeOrg',521,'123.255.13.74','created'),('2009-06-10 05:13:21',155,'homeOrg',503,'131.181.124.164','approved'),('2009-06-10 06:02:04',156,'homeOrg',522,'137.111.246.6','created'),('2009-06-10 06:31:41',157,'homeOrg',523,'137.111.246.6','created'),('2009-06-10 13:36:38',157,'homeOrg',503,'210.49.253.179','approved'),('2009-06-10 14:02:21',125,'homeOrg',503,'210.49.253.179','modified'),('2009-06-10 14:03:04',125,'homeOrg',503,'210.49.253.179','modified'),('2009-06-10 14:03:42',125,'homeOrg',503,'210.49.253.179','modified'),('2009-06-10 14:03:58',125,'homeOrg',503,'210.49.253.179','modified'),('2009-06-10 14:06:20',125,'homeOrg',503,'210.49.253.179','modified'),('2009-06-11 04:39:27',141,'homeOrg',503,'131.181.124.164','disabled'),('2009-06-11 04:43:16',149,'homeOrg',503,'131.181.124.164','disabled'),('2009-12-01 03:41:54',162,'homeOrg',557,'128.250.152.197','modified'),('2009-12-01 03:41:46',162,'homeOrg',557,'128.250.152.197','modified'),('2009-06-18 07:16:46',159,'homeOrg',526,'131.217.6.6','created'),('2009-06-18 22:56:30',159,'homeOrg',503,'210.49.253.179','approved'),('2009-06-29 07:18:02',128,'arp-refresh',0,'130.220.79.99','downloaded'),('2009-06-29 07:19:14',128,'arp-refresh',0,'130.220.79.99','downloaded'),('2009-06-29 07:19:47',128,'arp-refresh',0,'130.220.79.99','downloaded'),('2009-06-29 07:23:58',128,'homeOrg',414,'130.220.79.99','modified'),('2009-06-29 07:24:01',128,'homeOrg',414,'130.220.79.99','modified'),('2009-06-29 07:25:05',128,'arp-refresh',0,'130.220.79.99','downloaded'),('2009-06-29 07:26:57',128,'arp-refresh',0,'130.220.79.99','downloaded'),('2009-06-29 07:27:24',128,'arp-refresh',0,'130.220.79.99','downloaded'),('2010-04-16 05:20:04',743,'resource',773,'131.170.90.2','created'),('2009-07-09 04:30:27',159,'homeOrg',526,'131.217.5.26','modified'),('2009-07-09 04:32:52',159,'homeOrg',526,'131.217.5.26','modified'),('2009-07-09 04:32:57',159,'homeOrg',526,'131.217.5.26','modified'),('2009-07-16 00:55:58',155,'homeOrg',527,'123.255.13.91','modified'),('2009-07-16 00:56:28',155,'homeOrg',527,'123.255.13.91','modified'),('2009-07-16 01:01:02',155,'homeOrg',527,'123.255.13.91','modified'),('2009-07-16 01:01:40',155,'homeOrg',527,'123.255.13.91','modified'),('2009-07-16 01:01:46',155,'homeOrg',527,'123.255.13.91','modified'),('2009-07-17 05:55:41',689,'resource',491,'130.102.153.94','modified'),('2009-07-17 05:56:13',689,'resource',491,'130.102.153.94','approved'),('2010-07-08 06:52:08',159,'arp-refresh',0,'131.217.5.204','downloaded'),('2009-07-24 07:51:29',159,'homeOrg',526,'131.217.5.204','modified'),('2009-07-24 07:51:35',159,'homeOrg',526,'131.217.5.204','modified'),('2010-07-08 06:59:05',779,'resource',526,'131.217.5.204','approved'),('2009-07-27 00:36:00',159,'arp-refresh',0,'131.217.5.204','downloaded'),('2009-07-27 00:36:09',159,'arp-refresh',0,'131.217.5.204','downloaded'),('2009-07-27 00:37:39',159,'homeOrg',526,'131.217.5.204','modified'),('2009-07-27 00:42:09',159,'homeOrg',526,'131.217.5.204','modified'),('2009-07-27 01:54:50',159,'arp-refresh',0,'131.217.5.204','downloaded'),('2009-07-27 02:10:19',159,'homeOrg',526,'131.217.5.204','modified'),('2009-07-27 02:10:35',159,'homeOrg',526,'131.217.5.204','modified'),('2009-07-27 02:10:48',159,'homeOrg',526,'131.217.5.204','modified'),('2009-07-27 02:36:24',159,'arp-refresh',0,'131.217.5.204','downloaded'),('2009-07-28 02:03:16',159,'homeOrg',526,'131.217.5.204','modified'),('2009-07-28 02:04:28',159,'homeOrg',526,'131.217.5.204','modified'),('2009-07-28 02:05:07',159,'arp-refresh',0,'131.217.5.204','downloaded'),('2009-08-03 02:36:47',160,'homeOrg',528,'137.111.246.6','created'),('2009-08-03 02:53:45',160,'homeOrg',503,'131.181.87.90','approved'),('2009-08-19 03:19:05',145,'homeOrg',503,'210.49.253.179','approved'),('2009-08-19 03:19:07',149,'homeOrg',503,'210.49.253.179','approved'),('2009-08-19 03:19:07',141,'homeOrg',503,'210.49.253.179','approved'),('2009-08-19 03:19:07',156,'homeOrg',503,'210.49.253.179','approved'),('2009-08-19 05:14:07',162,'homeOrg',532,'128.250.152.197','created'),('2009-08-19 06:31:41',164,'homeOrg',534,'130.194.85.118','created'),('2009-08-20 05:23:50',164,'homeOrg',503,'131.181.240.60','approved'),('2009-08-21 01:12:12',164,'arp-refresh',0,'130.194.203.122','downloaded'),('2009-08-24 02:56:33',162,'homeOrg',503,'131.181.87.90','approved'),('2009-08-26 03:02:45',140,'homeOrg',491,'130.102.153.94','modified'),('2009-08-26 03:11:44',139,'homeOrg',493,'139.230.245.20','modified'),('2009-08-26 04:31:53',700,'resource',542,'130.194.203.122','created'),('2009-08-26 04:40:27',700,'resource',542,'130.194.203.122','created'),('2009-08-26 05:47:24',700,'resource',542,'130.194.203.122','created'),('2009-08-26 06:56:37',137,'homeOrg',480,'132.234.19.122','modified'),('2009-08-27 00:13:08',125,'homeOrg',503,'131.181.87.90','modified'),('2009-08-27 00:13:12',125,'homeOrg',503,'131.181.87.90','modified'),('2009-08-27 04:13:27',700,'resource',542,'130.194.221.25','created'),('2009-08-27 04:13:50',700,'resource',542,'130.194.221.25','created'),('2009-08-30 13:44:51',167,'homeOrg',554,'210.49.253.179','created'),('2009-08-30 13:57:56',167,'homeOrg',503,'210.49.253.179','approved'),('2009-08-31 03:22:15',164,'homeOrg',536,'130.194.85.118','modified'),('2009-08-31 03:24:34',164,'homeOrg',536,'130.194.85.118','modified'),('2009-08-31 23:51:24',162,'homeOrg',503,'131.181.87.90','modified'),('2009-08-31 23:52:38',162,'homeOrg',503,'131.181.87.90','modified'),('2009-08-31 23:53:15',162,'homeOrg',503,'131.181.87.90','modified'),('2009-08-31 23:53:17',162,'homeOrg',503,'131.181.87.90','modified'),('2009-09-01 03:45:04',162,'homeOrg',557,'128.250.152.197','modified'),('2009-11-19 05:15:40',185,'homeOrg',617,'131.170.90.6','created'),('2009-09-01 09:09:26',167,'homeOrg',503,'131.181.87.90','modified'),('2009-09-01 09:09:46',167,'homeOrg',503,'131.181.87.90','modified'),('2009-09-01 09:09:50',167,'homeOrg',503,'131.181.87.90','modified'),('2009-12-08 23:57:26',162,'arp-refresh',0,'128.250.148.18','downloaded'),('2009-09-02 01:45:33',128,'homeOrg',503,'210.49.253.179','disabled'),('2009-09-02 02:29:39',707,'resource',557,'128.250.152.197','created'),('2009-09-02 02:39:56',707,'resource',557,'128.250.152.197','approved'),('2009-12-09 04:30:06',194,'homeOrg',503,'131.181.87.90','modified'),('2010-04-08 22:26:33',162,'arp-refresh',0,'128.250.152.197','downloaded'),('2009-09-03 03:45:45',167,'homeOrg',554,'131.181.107.24','modified'),('2009-09-03 03:45:49',167,'homeOrg',554,'131.181.107.24','modified'),('2009-09-03 04:30:30',160,'homeOrg',569,'137.111.246.6','modified'),('2009-09-04 03:46:34',700,'resource',536,'130.194.85.52','rejected'),('2009-09-04 04:07:25',713,'resource',566,'130.194.221.159','created'),('2009-09-04 04:11:35',713,'resource',536,'130.194.85.52','approved'),('2009-09-04 05:49:14',170,'homeOrg',572,'140.253.33.173','created'),('2009-09-04 13:15:34',170,'homeOrg',502,'172.28.5.100','approved'),('2009-09-07 16:57:08',701,'resource',530,'220.244.124.236','created'),('2009-09-08 00:24:17',701,'resource',502,'131.181.87.90','approved'),('2009-09-09 03:21:39',716,'resource',575,'202.158.218.252','created'),('2009-09-09 03:48:12',716,'resource',502,'172.28.5.100','approved'),('2009-09-09 05:16:20',716,'resource',575,'202.158.218.252','modified'),('2009-09-09 05:50:33',716,'resource',502,'172.28.5.100','approved'),('2009-09-10 04:47:20',164,'arp-refresh',0,'130.194.85.52','downloaded'),('2009-09-10 04:50:10',164,'arp-refresh',0,'130.194.85.52','downloaded'),('2009-09-14 00:01:54',144,'homeOrg',502,'131.181.87.90','modified'),('2009-09-14 00:01:56',144,'homeOrg',502,'131.181.87.90','modified'),('2009-09-14 00:03:16',697,'resource',502,'131.181.87.90','modified'),('2009-09-14 00:03:57',697,'resource',502,'131.181.87.90','approved'),('2009-09-14 00:11:11',697,'resource',502,'131.181.87.90','modified'),('2009-09-14 00:13:10',697,'resource',502,'131.181.87.90','approved'),('2009-12-19 13:51:45',731,'resource',502,'172.28.5.247','modified'),('2009-09-17 04:26:26',173,'homeOrg',503,'131.181.87.90','approved'),('2009-09-17 05:03:02',173,'homeOrg',584,'130.102.153.94','modified'),('2009-09-17 05:05:06',173,'homeOrg',584,'130.102.153.94','modified'),('2009-09-17 05:11:07',173,'homeOrg',584,'130.102.153.94','modified'),('2009-09-17 05:11:19',173,'homeOrg',584,'130.102.153.94','modified'),('2010-05-12 05:56:59',140,'arp-refresh',0,'130.102.153.94','downloaded'),('2010-07-29 07:10:57',251,'homeOrg',557,'128.250.152.197','modified'),('2010-09-28 01:32:28',269,'arp-refresh',0,'139.86.2.15','downloaded'),('2009-09-17 05:41:09',140,'arp-refresh',0,'130.102.153.94','downloaded'),('2009-10-03 04:37:34',176,'homeOrg',587,'137.111.7.208','approved'),('2009-10-06 21:27:42',155,'arp-refresh',0,'123.255.13.22','downloaded'),('2009-10-06 21:27:50',155,'arp-refresh',0,'123.255.13.22','downloaded'),('2009-10-06 21:28:07',155,'arp-refresh',0,'123.255.13.22','downloaded'),('2009-10-06 21:28:18',155,'arp-refresh',0,'123.255.13.22','downloaded'),('2009-10-06 21:44:57',155,'arp-refresh',0,'123.255.13.22','downloaded'),('2009-10-06 21:45:44',719,'resource',527,'123.255.13.22','created'),('2009-10-06 21:46:42',155,'arp-refresh',0,'123.255.13.22','downloaded'),('2009-10-06 21:51:51',155,'arp-refresh',0,'123.255.13.22','downloaded'),('2009-10-07 05:11:59',179,'homeOrg',593,'134.7.7.242','created'),('2009-10-07 05:13:07',179,'homeOrg',587,'137.111.246.6','approved'),('2009-10-12 00:51:31',176,'homeOrg',596,'137.154.23.198','modified'),('2009-10-12 01:09:31',722,'resource',596,'137.154.23.198','created'),('2009-10-12 01:10:03',722,'resource',596,'137.154.23.198','approved'),('2009-10-13 01:47:39',176,'homeOrg',587,'137.111.246.6','modified'),('2010-04-29 12:28:04',125,'homeOrg',503,'110.20.66.181','modified'),('2009-10-15 01:44:18',125,'homeOrg',503,'131.181.87.90','modified'),('2009-10-15 01:44:22',125,'homeOrg',503,'131.181.87.90','modified'),('2010-05-17 03:27:11',752,'resource',557,'128.250.152.197','modified'),('2010-05-24 06:54:52',764,'resource',785,'128.250.51.210','created'),('2009-10-15 01:51:06',670,'resource',503,'131.181.87.90','modified'),('2010-06-08 01:54:38',773,'resource',482,'115.64.198.136','modified'),('2010-03-09 08:34:46',144,'homeOrg',502,'131.181.87.98','modified'),('2009-10-16 13:55:53',144,'homeOrg',502,'210.49.253.179','modified'),('2009-10-20 09:22:00',65,'attribute',503,'131.181.87.115','created'),('2010-04-29 02:24:06',215,'homeOrg',728,'130.220.79.178','modified'),('2009-10-22 03:03:11',162,'homeOrg',557,'128.250.152.197','modified'),('2009-10-22 03:20:43',162,'homeOrg',557,'128.250.152.197','modified'),('2009-10-22 03:25:57',162,'homeOrg',557,'128.250.152.197','modified'),('2009-10-22 03:27:03',162,'homeOrg',557,'128.250.152.197','modified'),('2009-10-22 04:03:56',162,'homeOrg',557,'128.250.152.197','modified'),('2009-10-22 04:49:34',162,'homeOrg',557,'128.250.152.197','modified'),('2009-10-22 14:34:46',144,'homeOrg',502,'172.28.5.140','modified'),('2009-10-28 08:19:48',162,'arp-refresh',0,'144.131.54.54','downloaded'),('2009-10-28 22:43:30',162,'homeOrg',557,'128.250.152.197','modified'),('2009-11-19 01:29:08',162,'arp-refresh',0,'128.250.152.197','downloaded'),('2009-10-22 04:03:59',162,'homeOrg',557,'128.250.152.197','modified'),('2010-05-05 04:47:12',144,'homeOrg',502,'131.181.87.101','modified'),('2009-10-22 04:49:38',162,'homeOrg',557,'128.250.152.197','modified'),('2010-07-27 22:55:31',245,'arp-refresh',0,'203.97.101.5','downloaded'),('2009-10-22 14:38:45',144,'homeOrg',502,'172.28.5.140','modified'),('2009-10-22 14:55:45',144,'homeOrg',502,'172.28.5.140','modified'),('2009-10-22 14:55:53',144,'homeOrg',502,'172.28.5.140','modified'),('2009-10-23 00:02:51',179,'homeOrg',587,'137.111.246.6','modified'),('2009-10-23 00:22:23',179,'homeOrg',587,'137.111.246.6','modified'),('2009-10-23 01:25:32',162,'homeOrg',557,'128.250.152.197','modified'),('2009-10-23 01:25:35',162,'homeOrg',557,'128.250.152.197','modified'),('2009-10-28 03:58:35',162,'arp-refresh',0,'128.250.152.197','downloaded'),('2009-10-28 22:43:38',162,'homeOrg',557,'128.250.152.197','modified'),('2009-10-29 04:04:52',182,'homeOrg',611,'137.111.246.6','created'),('2009-10-29 06:53:18',182,'homeOrg',503,'131.181.87.90','approved'),('2009-11-29 23:30:10',140,'homeOrg',581,'130.102.153.94','modified'),('2009-11-18 19:24:35',20,'fedPartner',503,NULL,'created'),('2009-11-19 01:29:01',162,'arp-refresh',0,'128.250.152.197','downloaded'),('2009-11-19 05:16:44',185,'homeOrg',503,'131.181.87.90','approved'),('2009-11-20 00:50:50',185,'homeOrg',620,'131.170.90.6','modified'),('2009-11-20 00:51:17',185,'homeOrg',620,'131.170.90.6','modified'),('2009-11-20 01:00:30',185,'homeOrg',620,'131.170.90.6','modified'),('2009-11-20 01:08:21',185,'homeOrg',620,'131.170.90.6','modified'),('2009-11-20 01:10:11',185,'homeOrg',620,'131.170.90.6','modified'),('2009-11-20 02:59:22',188,'homeOrg',623,'130.102.153.94','created'),('2009-11-20 03:06:36',188,'homeOrg',503,'172.28.5.181','approved'),('2009-11-20 03:18:49',188,'homeOrg',626,'130.102.153.94','modified'),('2009-11-20 03:22:24',188,'homeOrg',626,'130.102.153.94','modified'),('2009-11-20 03:24:33',188,'homeOrg',626,'130.102.153.94','modified'),('2009-11-20 03:24:45',188,'homeOrg',626,'130.102.153.94','modified'),('2009-11-20 04:05:19',23,'fedPartner',503,NULL,'created'),('2009-11-24 05:27:20',159,'homeOrg',526,'131.217.5.204','modified'),('2009-11-24 05:27:24',159,'homeOrg',526,'131.217.5.204','modified'),('2009-11-24 05:27:33',159,'homeOrg',526,'131.217.5.204','modified'),('2009-11-25 05:47:01',138,'arp-refresh',0,'131.181.87.101','downloaded'),('2009-11-26 00:19:53',725,'resource',581,'130.102.153.94','created'),('2009-11-26 00:26:45',725,'resource',581,'130.102.153.94','created'),('2009-11-26 00:49:07',725,'resource',626,'130.102.153.94','approved'),('2009-11-26 04:06:25',693,'resource',503,'131.181.87.90','deleted'),('2009-12-08 23:27:29',162,'arp-refresh',0,'128.250.152.197','downloaded'),('2009-12-09 04:30:27',194,'homeOrg',503,'131.181.87.90','modified'),('2009-12-09 04:30:29',194,'homeOrg',503,'131.181.87.90','modified'),('2009-12-13 15:36:17',197,'homeOrg',647,'172.28.5.231','created'),('2009-12-13 15:37:40',197,'homeOrg',503,'172.28.5.231','approved'),('2009-12-14 01:04:56',197,'homeOrg',503,'131.181.87.90','modified'),('2009-12-14 01:05:25',197,'homeOrg',503,'131.181.87.90','modified'),('2009-12-14 01:05:27',197,'homeOrg',503,'131.181.87.90','modified'),('2009-12-14 03:45:54',728,'resource',581,'130.102.153.94','created'),('2009-12-14 03:46:47',728,'resource',581,'130.102.153.94','approved'),('2009-12-14 04:00:43',728,'resource',650,'130.102.44.1','modified'),('2009-12-14 04:19:03',728,'resource',581,'130.102.153.94','approved'),('2009-12-14 15:17:13',668,'resource',503,'172.28.5.235','modified'),('2009-12-14 15:34:33',668,'resource',503,'172.28.5.235','approved'),('2009-12-14 23:55:10',191,'homeOrg',503,'114.73.99.100','modified'),('2009-12-14 23:56:08',191,'homeOrg',503,'114.73.99.100','modified'),('2009-12-14 23:56:12',191,'homeOrg',503,'114.73.99.100','modified'),('2009-12-15 15:47:03',668,'resource',502,'172.28.5.236','modified'),('2009-12-15 15:48:27',668,'resource',503,'172.28.5.236','approved'),('2009-12-16 06:45:47',731,'resource',653,'172.28.5.236','created'),('2009-12-16 06:49:10',731,'resource',502,'172.28.5.236','approved'),('2009-12-16 13:41:59',731,'resource',502,'172.28.5.236','modified'),('2009-12-16 13:42:29',731,'resource',502,'172.28.5.236','approved'),('2009-12-16 13:47:34',197,'homeOrg',502,'172.28.5.236','modified'),('2009-12-16 13:52:08',197,'homeOrg',502,'172.28.5.236','modified'),('2009-12-16 13:54:58',197,'homeOrg',502,'172.28.5.236','modified'),('2009-12-16 13:55:05',197,'homeOrg',502,'172.28.5.236','modified'),('2010-05-25 03:14:05',764,'resource',557,'128.250.152.197','approved'),('2009-12-16 14:03:54',197,'homeOrg',502,'172.28.5.236','modified'),('2009-12-16 14:03:56',197,'homeOrg',502,'172.28.5.236','modified'),('2009-12-16 14:05:02',197,'homeOrg',502,'172.28.5.236','modified'),('2009-12-16 14:05:22',197,'homeOrg',502,'172.28.5.236','modified'),('2009-12-16 14:05:25',197,'homeOrg',502,'172.28.5.236','modified'),('2009-12-16 14:18:24',197,'homeOrg',502,'172.28.5.236','modified'),('2009-12-16 14:18:49',197,'homeOrg',502,'172.28.5.236','modified'),('2009-12-16 14:18:51',197,'homeOrg',502,'172.28.5.236','modified'),('2009-12-17 07:12:52',197,'homeOrg',503,'131.181.87.90','modified'),('2009-12-17 07:13:18',197,'homeOrg',503,'131.181.87.90','modified'),('2009-12-17 07:13:20',197,'homeOrg',503,'131.181.87.90','modified'),('2009-12-17 14:11:06',197,'homeOrg',503,'172.28.5.247','modified'),('2009-12-17 14:14:26',197,'homeOrg',503,'172.28.5.247','modified'),('2009-12-17 14:14:54',197,'homeOrg',503,'172.28.5.247','modified'),('2009-12-17 14:14:56',197,'homeOrg',503,'172.28.5.247','modified'),('2009-12-17 14:32:32',197,'homeOrg',503,'172.28.5.247','modified'),('2009-12-17 14:40:12',197,'homeOrg',503,'172.28.5.247','modified'),('2009-12-17 14:40:15',197,'homeOrg',503,'172.28.5.247','modified'),('2009-12-18 07:05:33',197,'homeOrg',659,'172.28.5.247','modified'),('2009-12-18 07:06:15',197,'homeOrg',659,'172.28.5.247','modified'),('2009-12-18 07:06:47',197,'homeOrg',659,'172.28.5.247','modified'),('2009-12-18 14:00:43',731,'resource',502,'172.28.5.247','modified'),('2009-12-18 14:06:29',731,'resource',502,'172.28.5.247','approved'),('2009-12-19 13:52:40',731,'resource',502,'172.28.5.247','approved'),('2009-12-19 13:58:33',699,'resource',502,'172.28.5.247','rejected'),('2009-12-21 14:56:45',687,'resource',503,'172.28.5.253','modified'),('2009-12-21 14:57:49',197,'arp-refresh',0,'131.181.118.60','downloaded'),('2009-12-20 06:27:13',197,'homeOrg',659,'172.28.5.247','modified'),('2009-12-20 06:28:05',197,'homeOrg',659,'172.28.5.247','modified'),('2009-12-20 06:29:38',197,'homeOrg',659,'172.28.5.247','modified'),('2009-12-20 06:29:41',197,'homeOrg',659,'172.28.5.247','modified'),('2009-12-20 06:34:20',197,'homeOrg',659,'172.28.5.247','modified'),('2009-12-20 06:34:22',197,'homeOrg',659,'172.28.5.247','modified'),('2010-04-08 22:26:05',162,'arp-refresh',0,'60.241.103.169','downloaded'),('2009-12-20 06:41:09',731,'resource',502,'172.28.5.247','modified'),('2009-12-20 06:41:22',731,'resource',502,'172.28.5.247','approved'),('2009-12-21 14:50:11',687,'resource',503,'172.28.5.253','approved'),('2009-12-21 14:53:54',687,'resource',503,'172.28.5.253','modified'),('2009-12-24 01:33:55',200,'homeOrg',662,'172.28.5.1','created'),('2009-12-21 14:59:36',197,'arp-refresh',0,'172.28.5.253','downloaded'),('2009-12-21 15:00:24',687,'resource',503,'172.28.5.253','modified'),('2009-12-23 14:19:09',197,'arp-refresh',0,'131.181.118.60','downloaded'),('2009-12-23 14:19:10',197,'arp-refresh',0,'131.181.118.60','downloaded'),('2009-12-21 14:54:19',687,'resource',503,'172.28.5.253','approved'),('2009-12-23 14:48:12',197,'arp-refresh',0,'131.181.118.60','downloaded'),('2009-12-23 14:51:03',197,'arp-refresh',0,'131.181.118.60','downloaded'),('2009-12-21 14:56:57',687,'resource',503,'172.28.5.253','approved'),('2009-12-21 14:57:27',197,'arp-refresh',0,'131.181.118.60','downloaded'),('2009-12-21 15:00:39',687,'resource',503,'172.28.5.253','approved'),('2009-12-21 15:01:02',197,'arp-refresh',0,'131.181.118.60','downloaded'),('2010-01-13 01:29:34',26,'fedPartner',482,NULL,'created'),('2010-01-19 04:30:22',203,'homeOrg',665,'138.25.32.232','created'),('2010-01-21 05:20:28',206,'homeOrg',668,'138.25.32.232','created'),('2010-01-21 05:45:39',206,'homeOrg',482,'203.214.121.231','approved'),('2010-01-21 05:45:57',668,'user',482,'203.214.121.231','enabled'),('2010-02-03 05:19:00',209,'homeOrg',674,'150.101.126.143','created'),('2010-02-03 06:29:23',209,'homeOrg',503,'131.181.87.98','approved'),('2010-02-04 06:28:53',212,'homeOrg',677,'59.167.210.116','created'),('2010-02-04 14:06:12',212,'homeOrg',503,'114.77.243.232','approved'),('2010-02-05 04:39:59',212,'arp-refresh',0,'59.167.210.116','downloaded'),('2010-02-05 04:45:07',212,'arp-refresh',0,'59.167.210.116','downloaded'),('2010-02-08 02:02:21',209,'homeOrg',674,'150.101.126.143','modified'),('2010-02-08 02:04:02',209,'homeOrg',674,'150.101.126.143','modified'),('2010-02-08 02:15:41',209,'homeOrg',674,'150.101.126.143','modified'),('2010-02-09 02:15:41',212,'homeOrg',704,'59.167.210.116','modified'),('2010-02-09 02:16:00',212,'homeOrg',704,'59.167.210.116','modified'),('2010-02-10 00:57:51',212,'arp-refresh',0,'59.167.210.116','downloaded'),('2010-02-16 07:24:42',197,'homeOrg',503,'131.181.87.98','disabled'),('2010-02-22 02:00:26',734,'resource',557,'128.250.152.197','created'),('2010-02-22 02:07:00',734,'resource',557,'128.250.152.197','approved'),('2010-02-22 22:11:19',737,'resource',557,'128.250.152.197','created'),('2010-02-22 22:12:41',737,'resource',557,'128.250.152.197','approved'),('2010-02-23 04:58:22',737,'resource',557,'128.250.152.197','modified'),('2010-02-23 04:58:34',737,'resource',557,'128.250.152.197','approved'),('2010-02-25 00:10:59',737,'resource',557,'128.250.152.197','modified'),('2010-02-25 00:11:05',737,'resource',557,'128.250.152.197','approved'),('2010-03-02 03:18:49',215,'homeOrg',707,'130.220.79.98','created'),('2010-03-02 03:23:11',215,'homeOrg',482,'131.181.125.115','approved'),('2010-03-02 03:23:55',215,'homeOrg',482,'131.181.125.115','modified'),('2010-03-02 03:27:51',215,'homeOrg',482,'131.181.125.115','modified'),('2010-03-02 04:02:25',707,'user',482,'131.181.125.115','enabled'),('2010-03-02 05:27:48',668,'resource',502,'131.181.87.98','modified'),('2010-03-02 05:29:34',668,'resource',503,'131.181.87.98','approved'),('2010-03-09 06:15:25',218,'homeOrg',710,'131.181.87.98','created'),('2010-03-09 07:08:14',125,'homeOrg',503,'131.181.87.98','modified'),('2010-03-09 07:08:30',125,'homeOrg',503,'131.181.87.98','modified'),('2010-05-13 23:44:01',740,'resource',502,'114.77.243.232','approved'),('2010-04-29 12:23:40',125,'homeOrg',503,'110.20.66.181','modified'),('2010-03-09 07:40:52',221,'homeOrg',502,'131.181.87.98','approved'),('2010-03-09 08:43:26',670,'resource',503,'131.181.87.98','approved'),('2010-07-21 01:42:30',248,'homeOrg',827,'131.181.87.108','created'),('2010-05-12 05:32:48',140,'arp-refresh',0,'130.102.153.94','downloaded'),('2010-03-09 08:35:18',144,'homeOrg',502,'131.181.87.98','modified'),('2010-03-09 08:35:22',144,'homeOrg',502,'131.181.87.98','modified'),('2010-03-09 08:35:54',668,'resource',502,'131.181.87.98','modified'),('2010-07-23 03:14:38',791,'resource',557,'128.250.152.197','modified'),('2010-03-09 08:43:27',668,'resource',503,'131.181.87.98','approved'),('2010-06-14 22:14:52',767,'resource',788,'115.64.198.136','rejected'),('2010-03-23 04:20:07',224,'homeOrg',731,'131.181.87.98','created'),('2010-05-25 21:39:40',767,'resource',788,'115.64.198.136','modified'),('2010-03-12 06:53:10',221,'homeOrg',713,'130.95.128.51','modified'),('2010-03-12 06:53:18',221,'homeOrg',713,'130.95.128.51','modified'),('2010-03-26 01:00:56',159,'arp-refresh',0,'131.217.5.204','downloaded'),('2010-04-29 04:09:21',215,'homeOrg',728,'130.220.79.178','modified'),('2010-03-23 04:20:57',224,'homeOrg',502,'131.181.87.98','approved'),('2010-03-23 04:29:56',224,'homeOrg',502,'131.181.87.98','disabled'),('2010-03-23 04:42:49',227,'homeOrg',734,'131.181.87.98','created'),('2010-03-23 04:43:11',227,'homeOrg',502,'131.181.87.98','approved'),('2010-03-30 05:15:06',230,'homeOrg',746,'128.184.132.243','created'),('2010-03-26 01:01:40',159,'arp-refresh',0,'202.6.77.154','downloaded'),('2010-05-24 03:33:04',125,'arp-refresh',0,'131.181.118.165','downloaded'),('2010-05-05 06:49:32',668,'resource',502,'131.181.87.101','modified'),('2010-03-30 05:16:59',230,'homeOrg',587,'137.111.13.200','approved'),('2010-04-29 12:02:23',138,'homeOrg',503,'110.20.66.181','disabled'),('2010-04-27 03:05:07',159,'homeOrg',526,'131.217.5.204','modified'),('2010-04-16 05:38:00',743,'resource',557,'128.250.152.197','approved'),('2010-04-29 02:15:11',215,'homeOrg',728,'130.220.79.178','modified'),('2010-05-25 05:04:53',767,'resource',788,'131.181.125.115','modified'),('2010-04-29 12:22:41',125,'homeOrg',503,'110.20.66.181','modified'),('2010-05-19 06:19:49',749,'resource',728,'130.220.79.99','modified'),('2010-04-29 04:09:24',215,'homeOrg',728,'130.220.79.178','modified'),('2010-05-06 00:26:31',755,'resource',569,'150.101.126.143','created'),('2010-04-29 06:27:45',749,'resource',728,'130.220.79.178','approved'),('2010-05-20 13:30:02',761,'resource',502,'131.181.26.126','approved'),('2010-06-30 07:06:17',159,'homeOrg',526,'131.217.5.204','modified'),('2010-08-10 04:45:22',251,'homeOrg',482,'203.55.174.25','modified'),('2010-05-19 03:12:34',743,'resource',557,'144.131.54.54','approved'),('2010-04-29 06:31:01',749,'resource',728,'130.220.79.178','modified'),('2010-04-29 06:31:10',749,'resource',728,'130.220.79.178','approved'),('2010-05-25 07:39:54',746,'resource',749,'130.194.148.240','created'),('2010-06-24 02:49:45',125,'arp-refresh',0,'131.181.124.195','downloaded'),('2010-05-25 02:02:29',767,'resource',502,'131.181.87.100','approved'),('2010-07-13 03:56:23',245,'homeOrg',815,'203.97.101.5','modified'),('2010-04-29 22:27:19',215,'homeOrg',502,'110.20.66.181','modified'),('2010-04-29 12:22:46',125,'homeOrg',503,'110.20.66.181','modified'),('2010-08-04 07:27:35',791,'resource',557,'144.131.54.54','modified'),('2010-04-29 12:23:44',125,'homeOrg',503,'110.20.66.181','modified'),('2010-09-27 21:53:05',269,'arp-refresh',0,'139.86.2.14','downloaded'),('2010-04-29 12:24:27',125,'homeOrg',503,'110.20.66.181','modified'),('2010-04-29 12:24:33',125,'arp-refresh',0,'110.20.66.181','downloaded'),('2010-04-29 12:27:01',692,'resource',503,'110.20.66.181','approved'),('2010-04-29 12:27:01',687,'resource',503,'110.20.66.181','approved'),('2010-04-29 12:27:20',125,'arp-refresh',0,'110.20.66.181','downloaded'),('2010-04-29 12:28:08',125,'homeOrg',503,'110.20.66.181','modified'),('2010-04-29 12:28:17',125,'arp-refresh',0,'110.20.66.181','downloaded'),('2010-04-29 12:28:59',125,'homeOrg',503,'110.20.66.181','modified'),('2010-04-29 12:29:09',125,'arp-refresh',0,'110.20.66.181','downloaded'),('2010-06-01 05:56:20',770,'resource',728,'130.220.79.178','approved'),('2010-04-29 22:12:23',125,'arp-refresh',0,'110.20.66.181','downloaded'),('2010-05-10 11:03:23',233,'homeOrg',503,'131.181.26.144','approved'),('2010-04-29 22:27:59',215,'homeOrg',502,'110.20.66.181','modified'),('2010-04-29 22:28:05',215,'homeOrg',502,'110.20.66.181','modified'),('2010-05-31 07:07:47',749,'resource',728,'130.220.79.178','modified'),('2010-05-31 07:12:04',215,'homeOrg',728,'130.220.79.178','modified'),('2010-05-05 05:07:00',752,'resource',557,'144.131.54.54','created'),('2010-05-05 05:07:51',752,'resource',557,'144.131.54.54','approved'),('2010-06-17 03:50:22',239,'homeOrg',482,'131.181.125.115','approved'),('2010-05-05 06:52:05',668,'resource',503,'131.181.87.101','approved'),('2010-05-06 04:49:08',758,'resource',599,'128.250.152.209','created'),('2010-05-06 00:36:26',755,'resource',569,'150.101.126.143','approved'),('2010-05-10 03:46:06',233,'homeOrg',779,'131.181.87.101','created'),('2010-05-06 04:52:57',758,'resource',557,'128.250.5.248','approved'),('2010-05-10 08:01:37',740,'resource',740,'62.172.77.66','created'),('2010-06-11 02:17:41',749,'resource',728,'130.220.79.178','modified'),('2010-05-26 03:44:41',236,'homeOrg',797,'192.43.227.18','created'),('2010-05-28 02:31:05',764,'resource',785,'128.250.51.210','modified'),('2010-05-19 11:57:38',761,'resource',653,'147.251.54.62','created'),('2010-05-17 03:29:18',752,'resource',557,'128.250.152.197','approved'),('2010-05-19 00:04:18',743,'resource',773,'131.170.90.4','modified'),('2010-05-24 11:27:44',670,'resource',502,'172.28.5.86','modified'),('2010-05-24 03:32:01',125,'arp-refresh',0,'172.28.5.86','downloaded'),('2010-05-19 06:20:22',749,'resource',728,'130.220.79.99','approved'),('2010-05-19 06:20:23',679,'resource',728,'130.220.79.99','approved'),('2010-05-19 06:23:24',215,'homeOrg',728,'130.220.79.99','modified'),('2010-05-19 06:23:27',215,'homeOrg',728,'130.220.79.99','modified'),('2010-06-24 00:10:50',668,'resource',482,'115.64.198.136','modified'),('2010-06-03 05:33:46',773,'resource',788,'115.64.198.136','created'),('2010-05-24 06:07:46',767,'resource',791,'203.30.161.239','created'),('2010-05-25 04:16:45',767,'resource',788,'131.181.125.115','modified'),('2010-07-01 01:51:52',770,'resource',728,'130.220.71.22','modified'),('2010-05-24 11:29:07',670,'resource',503,'172.28.5.86','approved'),('2010-05-24 11:30:54',125,'arp-refresh',0,'131.181.118.165','downloaded'),('2010-06-01 04:55:20',749,'resource',728,'130.220.79.178','modified'),('2010-06-02 07:44:10',746,'resource',749,'130.194.151.251','modified'),('2010-05-25 04:16:55',767,'resource',788,'131.181.125.115','approved'),('2010-07-09 05:36:22',245,'homeOrg',503,'172.28.5.224','modified'),('2010-05-25 05:04:58',767,'resource',788,'131.181.125.115','approved'),('2010-05-26 02:26:46',746,'resource',788,'115.64.198.136','approved'),('2010-06-22 03:15:19',770,'resource',707,'130.220.71.22','modified'),('2010-05-25 21:40:53',767,'resource',788,'115.64.198.136','approved'),('2010-05-26 08:24:16',185,'arp-refresh',0,'131.170.90.6','downloaded'),('2010-06-01 05:51:28',770,'resource',728,'130.220.79.178','created'),('2010-05-27 12:32:58',236,'homeOrg',503,'131.181.26.2','approved'),('2010-06-09 03:36:32',776,'resource',581,'130.102.153.94','created'),('2010-08-20 04:33:08',215,'arp-refresh',0,'130.220.81.47','downloaded'),('2010-05-26 08:24:29',185,'arp-refresh',0,'131.170.90.6','downloaded'),('2010-08-20 04:55:13',215,'arp-refresh',0,'130.220.81.47','downloaded'),('2010-07-21 03:33:06',248,'homeOrg',503,'131.181.87.108','approved'),('2010-06-04 03:25:11',746,'resource',749,'130.194.148.240','modified'),('2010-05-31 07:07:58',749,'resource',728,'130.220.79.178','approved'),('2010-05-31 07:08:33',215,'homeOrg',728,'130.220.79.178','modified'),('2010-05-31 07:08:35',215,'homeOrg',728,'130.220.79.178','modified'),('2010-06-20 23:46:17',242,'homeOrg',503,'131.181.87.108','approved'),('2010-05-31 07:12:06',215,'homeOrg',728,'130.220.79.178','modified'),('2010-06-08 23:44:50',767,'resource',791,'203.30.161.239','modified'),('2010-06-03 03:48:23',746,'resource',788,'115.64.198.136','approved'),('2010-06-01 04:55:34',749,'resource',728,'130.220.79.178','approved'),('2010-08-16 21:58:42',791,'resource',557,'128.250.152.197','modified'),('2010-07-06 04:09:18',245,'homeOrg',815,'203.97.101.5','created'),('2010-07-20 13:12:03',788,'resource',584,'203.101.228.88','created'),('2010-06-22 03:28:22',770,'resource',707,'130.220.71.19','modified'),('2010-09-03 04:16:17',791,'resource',557,'128.250.152.197','modified'),('2010-06-03 05:39:46',773,'resource',788,'115.64.198.136','approved'),('2010-06-17 05:27:06',773,'resource',800,'203.30.161.239','modified'),('2010-07-18 23:28:50',764,'resource',557,'128.250.152.197','approved'),('2010-06-08 01:58:01',773,'resource',788,'115.64.198.136','approved'),('2010-06-08 01:58:02',746,'resource',788,'115.64.198.136','approved'),('2010-06-16 01:47:11',239,'homeOrg',806,'203.94.141.120','created'),('2010-07-23 03:32:12',785,'resource',502,'172.28.5.33','modified'),('2010-06-09 03:37:59',776,'resource',581,'130.102.153.94','approved'),('2010-06-11 01:53:17',749,'resource',728,'130.220.79.178','modified'),('2010-06-11 01:53:38',749,'resource',728,'130.220.79.178','approved'),('2010-09-28 06:10:26',254,'arp-refresh',0,'131.181.188.216','downloaded'),('2010-06-11 02:17:50',749,'resource',728,'130.220.79.178','approved'),('2010-08-16 06:35:50',215,'arp-refresh',0,'66.249.67.77','downloaded'),('2010-06-24 01:03:42',668,'resource',503,'131.181.124.195','approved'),('2010-06-18 00:27:04',242,'homeOrg',809,'130.220.79.98','created'),('2010-07-14 01:18:28',245,'homeOrg',815,'203.97.101.5','modified'),('2010-07-28 08:40:41',251,'homeOrg',833,'144.131.54.54','created'),('2010-06-30 07:42:56',159,'arp-refresh',0,'131.217.5.204','downloaded'),('2010-06-20 23:50:22',242,'arp-refresh',0,'130.220.71.21','downloaded'),('2010-06-20 23:52:56',242,'arp-refresh',0,'130.220.71.21','downloaded'),('2010-07-09 04:41:30',245,'homeOrg',503,'172.28.5.224','modified'),('2010-06-22 03:15:36',770,'resource',707,'130.220.71.22','approved'),('2010-07-01 05:08:25',770,'resource',728,'130.220.71.22','modified'),('2010-06-22 03:28:31',770,'resource',707,'130.220.71.19','approved'),('2010-06-24 02:56:37',125,'arp-refresh',0,'131.181.124.195','downloaded'),('2010-06-24 00:13:27',773,'resource',788,'115.64.198.136','approved'),('2010-07-08 07:29:22',159,'homeOrg',526,'131.217.5.204','modified'),('2010-07-13 00:59:37',245,'homeOrg',482,'60.241.103.169','modified'),('2010-06-25 01:33:34',770,'resource',728,'130.220.71.21','modified'),('2010-06-25 01:34:21',770,'resource',728,'130.220.71.21','approved'),('2010-07-20 10:55:31',785,'resource',815,'203.97.101.5','created'),('2010-07-22 01:54:54',785,'resource',815,'128.250.5.245','approved'),('2010-06-30 07:06:23',159,'homeOrg',526,'131.217.5.204','modified'),('2010-07-20 00:04:06',782,'resource',791,'203.30.161.239','created'),('2010-07-08 06:28:54',779,'resource',821,'131.217.6.7','created'),('2010-07-01 01:52:06',770,'resource',728,'130.220.71.22','approved'),('2010-09-15 02:22:59',170,'arp-refresh',0,'172.28.16.1','downloaded'),('2010-07-01 05:08:34',770,'resource',728,'130.220.71.22','approved'),('2010-09-14 05:05:43',144,'homeOrg',502,'175.37.106.6','modified'),('2010-07-06 04:12:33',245,'homeOrg',503,'131.181.87.108','approved'),('2010-07-22 23:18:06',752,'resource',557,'128.250.152.197','approved'),('2010-07-08 06:51:57',159,'arp-refresh',0,'131.217.5.204','downloaded'),('2010-07-08 07:03:56',779,'resource',526,'131.217.5.204','modified'),('2010-07-08 07:05:36',779,'resource',526,'131.217.5.204','approved'),('2010-07-28 06:08:02',788,'resource',584,'130.102.152.108','modified'),('2010-07-08 07:30:19',159,'homeOrg',526,'131.217.5.204','modified'),('2010-07-08 07:30:22',159,'homeOrg',526,'131.217.5.204','modified'),('2010-07-19 04:29:58',743,'resource',557,'128.250.152.197','modified'),('2010-07-09 04:41:51',245,'homeOrg',503,'172.28.5.224','modified'),('2010-07-09 04:41:54',245,'homeOrg',503,'172.28.5.224','modified'),('2010-08-04 04:49:59',251,'homeOrg',557,'144.131.54.54','modified'),('2010-07-09 05:39:00',245,'homeOrg',503,'172.28.5.224','modified'),('2010-07-09 05:39:29',245,'homeOrg',503,'172.28.5.224','modified'),('2010-07-09 05:39:32',245,'homeOrg',503,'172.28.5.224','modified'),('2010-07-09 05:41:13',245,'homeOrg',503,'172.28.5.224','modified'),('2010-07-13 00:19:13',245,'homeOrg',815,'203.97.101.5','modified'),('2010-10-03 19:17:03',139,'arp-refresh',0,'139.230.245.20','downloaded'),('2010-07-21 08:09:30',752,'resource',557,'128.250.152.197','modified'),('2010-07-13 03:56:29',245,'homeOrg',815,'203.97.101.5','modified'),('2010-07-13 03:59:23',245,'homeOrg',815,'203.97.101.5','modified'),('2010-07-13 04:00:07',245,'arp-refresh',0,'203.97.101.5','downloaded'),('2010-07-23 01:23:35',782,'resource',502,'172.28.5.33','approved'),('2010-07-22 04:22:16',752,'resource',557,'128.250.152.197','modified'),('2010-07-22 02:22:31',752,'resource',557,'128.250.152.197','modified'),('2010-10-03 16:17:04',139,'arp-refresh',0,'139.230.245.20','downloaded'),('2010-09-27 07:14:15',215,'arp-refresh',0,'130.220.81.47','downloaded'),('2010-07-22 10:09:28',785,'resource',815,'110.174.165.170','modified'),('2010-07-22 03:31:33',752,'resource',557,'128.250.152.197','modified'),('2010-08-17 03:34:28',254,'homeOrg',839,'131.181.87.108','modified'),('2010-07-21 03:55:23',239,'homeOrg',503,'172.28.5.26','disabled'),('2010-07-30 14:30:36',254,'homeOrg',836,'172.28.5.40','created'),('2010-07-21 08:09:43',752,'resource',557,'128.250.152.197','approved'),('2010-08-09 03:08:48',257,'homeOrg',845,'131.172.12.82','created'),('2010-07-22 01:56:16',752,'resource',557,'128.250.152.197','modified'),('2010-07-22 01:56:36',752,'resource',557,'128.250.152.197','approved'),('2010-07-22 02:01:41',752,'resource',557,'128.250.152.197','modified'),('2010-07-22 02:01:56',752,'resource',557,'128.250.152.197','approved'),('2010-07-23 04:59:57',791,'resource',557,'128.250.152.197','modified'),('2010-07-22 02:22:38',752,'resource',557,'128.250.152.197','approved'),('2010-07-30 04:30:55',251,'homeOrg',557,'128.250.152.197','modified'),('2010-07-22 03:31:43',752,'resource',557,'128.250.152.197','approved'),('2010-07-22 04:05:28',788,'resource',584,'130.102.152.108','approved'),('2010-08-20 04:48:07',770,'resource',707,'130.220.71.19','modified'),('2010-07-22 04:22:21',752,'resource',557,'128.250.152.197','approved'),('2010-08-18 01:02:56',797,'resource',839,'131.181.87.108','approved'),('2010-07-22 10:14:37',785,'resource',815,'110.174.165.170','approved'),('2010-09-06 03:40:27',797,'resource',839,'172.28.16.20','modified'),('2010-07-23 00:08:44',791,'resource',557,'128.250.152.197','created'),('2010-07-23 00:10:20',791,'resource',557,'128.250.152.197','approved'),('2010-09-03 01:06:15',770,'resource',728,'130.220.71.19','modified'),('2010-07-23 02:05:52',791,'resource',557,'128.250.152.197','modified'),('2010-07-23 02:06:12',791,'resource',557,'128.250.152.197','approved'),('2010-08-04 08:20:34',791,'resource',557,'144.131.54.54','modified'),('2010-07-23 03:14:44',791,'resource',557,'128.250.152.197','approved'),('2010-08-04 01:53:58',251,'homeOrg',557,'144.131.54.54','modified'),('2010-07-23 03:37:59',791,'resource',557,'128.250.152.197','modified'),('2010-07-23 03:38:19',791,'resource',557,'128.250.152.197','approved'),('2010-07-23 03:47:31',791,'resource',557,'128.250.152.197','modified'),('2010-07-23 03:47:37',791,'resource',557,'128.250.152.197','approved'),('2010-07-23 03:51:06',785,'resource',815,'128.250.5.245','approved'),('2010-07-29 05:27:23',251,'homeOrg',482,'131.181.87.40','approved'),('2010-07-23 05:00:05',791,'resource',557,'128.250.152.197','approved'),('2010-07-27 22:54:42',162,'arp-refresh',0,'203.97.101.5','downloaded'),('2010-09-28 06:10:24',254,'arp-refresh',0,'131.181.188.216','downloaded'),('2010-07-28 06:09:26',788,'resource',584,'130.102.152.108','approved'),('2010-08-09 02:44:34',794,'resource',502,'172.28.5.25','approved'),('2010-08-06 04:40:44',251,'homeOrg',557,'128.250.152.197','modified'),('2010-08-09 03:49:19',257,'homeOrg',502,'172.28.5.25','approved'),('2010-07-29 07:11:38',251,'homeOrg',557,'128.250.152.197','modified'),('2010-07-29 07:12:18',251,'homeOrg',557,'128.250.152.197','modified'),('2010-07-29 07:12:20',251,'homeOrg',557,'128.250.152.197','modified'),('2010-07-29 07:15:10',251,'homeOrg',557,'128.250.152.197','modified'),('2010-07-29 07:15:16',251,'homeOrg',557,'128.250.152.197','modified'),('2010-07-29 07:15:39',251,'homeOrg',557,'128.250.152.197','modified'),('2010-07-29 07:15:41',251,'homeOrg',557,'128.250.152.197','modified'),('2010-09-13 01:19:57',263,'homeOrg',503,'172.28.16.1','approved'),('2010-07-30 04:31:13',251,'homeOrg',557,'128.250.152.197','modified'),('2010-07-30 04:31:16',251,'homeOrg',557,'128.250.152.197','modified'),('2010-08-04 04:22:20',791,'resource',557,'144.131.54.54','modified'),('2010-07-30 14:32:37',254,'homeOrg',503,'172.28.5.40','approved'),('2010-08-13 04:21:06',685,'resource',503,'172.28.5.40','modified'),('2010-08-04 01:54:24',251,'homeOrg',557,'144.131.54.54','modified'),('2010-08-04 01:54:27',251,'homeOrg',557,'144.131.54.54','modified'),('2010-08-19 12:06:24',215,'arp-refresh',0,'66.249.67.115','downloaded'),('2010-08-04 04:26:12',791,'resource',557,'144.131.54.54','approved'),('2010-08-04 08:44:14',233,'homeOrg',557,'144.131.54.54','modified'),('2010-08-04 04:50:19',251,'homeOrg',557,'144.131.54.54','modified'),('2010-08-04 04:52:23',251,'homeOrg',557,'144.131.54.54','modified'),('2010-08-04 04:52:29',251,'homeOrg',557,'144.131.54.54','modified'),('2010-08-04 04:57:09',791,'resource',557,'144.131.54.54','modified'),('2010-08-04 04:57:44',791,'resource',557,'144.131.54.54','approved'),('2010-08-05 02:40:36',791,'resource',557,'128.250.152.197','modified'),('2010-08-04 07:27:42',791,'resource',557,'144.131.54.54','approved'),('2010-08-04 07:30:22',251,'homeOrg',557,'144.131.54.54','modified'),('2010-08-04 07:30:50',251,'homeOrg',557,'144.131.54.54','modified'),('2010-08-04 07:30:52',251,'homeOrg',557,'144.131.54.54','modified'),('2010-08-04 07:40:39',791,'resource',557,'144.131.54.54','modified'),('2010-08-04 07:40:48',791,'resource',557,'144.131.54.54','approved'),('2010-08-04 07:51:40',791,'resource',557,'144.131.54.54','modified'),('2010-08-04 07:51:49',791,'resource',557,'144.131.54.54','approved'),('2010-08-04 08:03:26',791,'resource',557,'144.131.54.54','modified'),('2010-08-04 08:03:33',791,'resource',557,'144.131.54.54','approved'),('2010-08-04 08:10:29',791,'resource',557,'144.131.54.54','modified'),('2010-08-04 08:10:58',791,'resource',557,'144.131.54.54','approved'),('2010-08-06 02:13:10',251,'homeOrg',557,'128.250.152.197','modified'),('2010-08-04 08:21:13',791,'resource',557,'144.131.54.54','approved'),('2010-08-04 08:24:10',791,'resource',557,'144.131.54.54','modified'),('2010-08-04 08:24:19',791,'resource',557,'144.131.54.54','approved'),('2010-08-04 08:31:27',791,'resource',557,'144.131.54.54','modified'),('2010-08-04 08:32:07',791,'resource',557,'144.131.54.54','approved'),('2010-08-18 01:01:32',797,'resource',839,'131.181.87.108','created'),('2010-08-04 08:44:38',251,'homeOrg',557,'144.131.54.54','modified'),('2010-08-04 08:45:00',251,'homeOrg',557,'144.131.54.54','modified'),('2010-08-04 08:45:04',251,'homeOrg',557,'144.131.54.54','modified'),('2010-08-06 05:35:31',251,'homeOrg',557,'128.250.152.197','modified'),('2010-08-05 02:40:47',791,'resource',557,'128.250.152.197','approved'),('2010-08-20 04:33:07',215,'arp-refresh',0,'130.220.81.47','downloaded'),('2010-08-06 02:13:39',251,'homeOrg',557,'128.250.152.197','modified'),('2010-08-06 02:13:41',251,'homeOrg',557,'128.250.152.197','modified'),('2010-08-31 06:27:07',806,'resource',839,'172.28.16.20','created'),('2010-08-06 04:41:03',251,'homeOrg',557,'128.250.152.197','modified'),('2010-08-06 04:41:05',251,'homeOrg',557,'128.250.152.197','modified'),('2010-08-18 01:21:12',254,'homeOrg',839,'131.181.87.108','modified'),('2010-08-06 05:36:22',251,'homeOrg',557,'128.250.152.197','modified'),('2010-08-06 05:36:25',251,'homeOrg',557,'128.250.152.197','modified'),('2010-08-09 01:25:31',794,'resource',842,'130.56.103.150','created'),('2010-09-28 05:10:24',254,'arp-refresh',0,'131.181.188.216','downloaded'),('2010-09-28 08:47:39',254,'homeOrg',502,'172.28.16.1','disabled'),('2010-08-19 01:34:19',800,'resource',839,'131.181.87.108','created'),('2010-08-09 04:07:25',251,'homeOrg',557,'128.250.152.197','modified'),('2010-08-09 04:07:51',251,'homeOrg',557,'128.250.152.197','modified'),('2010-08-09 04:07:53',251,'homeOrg',557,'128.250.152.197','modified'),('2010-09-01 03:24:13',215,'arp-refresh',0,'130.220.81.47','downloaded'),('2010-10-03 20:17:06',139,'arp-refresh',0,'139.230.245.20','downloaded'),('2010-08-13 04:21:19',685,'resource',503,'172.28.5.40','approved'),('2010-08-17 03:03:12',254,'homeOrg',839,'131.181.87.108','modified'),('2010-08-16 21:58:58',791,'resource',557,'128.250.152.197','approved'),('2010-10-03 23:17:55',144,'arp-refresh',0,'131.181.188.212','downloaded'),('2010-08-17 03:03:29',260,'homeOrg',848,'130.56.103.150','created'),('2010-08-17 03:16:30',254,'homeOrg',839,'131.181.87.108','modified'),('2010-08-17 19:36:46',215,'arp-refresh',0,'66.249.67.115','downloaded'),('2010-08-17 03:34:55',254,'homeOrg',839,'131.181.87.108','modified'),('2010-08-17 03:37:16',254,'homeOrg',839,'131.181.87.108','modified'),('2010-08-17 03:38:47',254,'homeOrg',839,'131.181.87.108','modified'),('2010-08-17 03:38:49',254,'homeOrg',839,'131.181.87.108','modified'),('2010-08-17 03:56:06',260,'homeOrg',503,'131.181.87.108','approved'),('2010-08-31 06:15:53',803,'resource',839,'172.28.16.20','created'),('2010-09-02 10:54:13',770,'resource',503,'114.77.243.232','modified'),('2010-09-21 02:07:22',263,'homeOrg',860,'150.101.126.143','modified'),('2010-09-03 03:37:51',791,'resource',557,'128.250.152.197','modified'),('2010-08-17 04:46:18',260,'arp-refresh',0,'130.56.103.150','downloaded'),('2010-08-17 05:04:55',260,'arp-refresh',0,'130.56.103.150','downloaded'),('2010-09-01 03:24:12',215,'arp-refresh',0,'130.220.81.47','downloaded'),('2010-10-03 23:17:56',144,'arp-refresh',0,'131.181.188.212','downloaded'),('2010-10-03 23:48:58',144,'arp-refresh',0,'131.181.188.216','downloaded'),('2010-08-17 04:46:45',260,'arp-refresh',0,'130.56.103.150','downloaded'),('2010-10-03 23:49:01',144,'arp-refresh',0,'131.181.188.216','downloaded'),('2010-09-16 03:39:17',797,'resource',839,'172.28.16.1','modified'),('2010-09-22 02:38:39',236,'homeOrg',502,'172.28.16.1','modified'),('2010-09-03 00:48:21',770,'resource',503,'172.28.16.20','modified'),('2010-09-15 02:23:24',170,'arp-refresh',0,'172.28.16.1','downloaded'),('2010-10-03 23:17:53',144,'arp-refresh',0,'131.181.188.212','downloaded'),('2010-08-18 01:21:14',254,'homeOrg',839,'131.181.87.108','modified'),('2010-09-28 04:10:26',254,'arp-refresh',0,'131.181.188.216','downloaded'),('2010-08-19 01:36:12',800,'resource',839,'131.181.87.108','approved'),('2010-10-03 23:17:54',144,'arp-refresh',0,'131.181.188.212','downloaded'),('2010-08-20 04:48:15',770,'resource',707,'130.220.71.19','approved'),('2010-08-20 04:55:09',215,'arp-refresh',0,'130.220.81.47','downloaded'),('2010-08-31 06:16:36',803,'resource',839,'172.28.16.20','approved'),('2010-09-29 12:39:08',144,'homeOrg',502,'172.28.16.1','modified'),('2010-08-31 06:27:39',806,'resource',839,'172.28.16.20','approved'),('2010-08-31 06:33:44',809,'resource',839,'172.28.16.20','created'),('2010-08-31 06:34:33',809,'resource',839,'172.28.16.20','approved'),('2010-09-05 21:26:33',791,'resource',557,'128.250.152.197','modified'),('2010-09-28 01:18:37',269,'arp-refresh',0,'139.86.7.141','downloaded'),('2010-10-03 17:17:04',139,'arp-refresh',0,'139.230.245.20','downloaded'),('2010-09-03 01:06:25',770,'resource',728,'130.220.71.19','approved'),('2010-09-28 05:10:26',254,'arp-refresh',0,'131.181.188.216','downloaded'),('2010-09-03 03:38:13',791,'resource',557,'128.250.152.197','approved'),('2010-09-03 03:52:30',791,'resource',557,'128.250.152.197','modified'),('2010-09-03 03:52:40',791,'resource',557,'128.250.152.197','approved'),('2010-09-03 03:54:52',791,'resource',557,'128.250.152.197','modified'),('2010-09-03 03:55:05',791,'resource',557,'128.250.152.197','approved'),('2010-10-03 23:48:59',144,'arp-refresh',0,'131.181.188.216','downloaded'),('2010-09-03 04:16:27',791,'resource',557,'128.250.152.197','approved'),('2010-09-28 04:10:25',254,'arp-refresh',0,'131.181.188.216','downloaded'),('2010-09-05 21:26:42',791,'resource',557,'128.250.152.197','approved'),('2010-09-05 21:39:23',791,'resource',557,'128.250.152.197','modified'),('2010-09-05 21:39:31',791,'resource',557,'128.250.152.197','approved'),('2010-09-28 05:10:23',254,'arp-refresh',0,'131.181.188.216','downloaded'),('2010-09-06 03:41:05',797,'resource',839,'172.28.16.20','approved'),('2010-09-06 03:41:35',263,'homeOrg',851,'150.101.126.143','created'),('2010-09-06 03:52:21',797,'resource',839,'172.28.16.20','modified'),('2010-09-06 03:53:07',797,'resource',839,'172.28.16.20','approved'),('2010-09-15 23:36:15',266,'homeOrg',857,'137.166.101.220','created'),('2010-09-16 04:59:54',170,'homeOrg',737,'140.253.33.173','modified'),('2010-09-14 05:06:01',144,'homeOrg',502,'175.37.106.6','modified'),('2010-09-29 02:05:05',236,'homeOrg',502,'172.28.16.1','modified'),('2010-09-28 06:10:23',254,'arp-refresh',0,'131.181.188.216','downloaded'),('2010-10-03 22:17:03',139,'arp-refresh',0,'139.230.245.20','downloaded'),('2010-09-28 05:10:25',254,'arp-refresh',0,'131.181.188.216','downloaded'),('2010-09-16 03:39:28',797,'resource',839,'172.28.16.1','approved'),('2010-10-03 22:49:00',144,'arp-refresh',0,'131.181.188.216','downloaded'),('2010-09-16 05:00:01',170,'homeOrg',737,'140.253.33.173','modified'),('2010-09-16 05:00:45',170,'homeOrg',737,'140.253.33.173','modified'),('2010-09-16 05:03:13',266,'homeOrg',502,'172.28.16.1','approved'),('2010-09-27 06:33:12',269,'homeOrg',502,'172.28.16.1','approved'),('2010-09-27 06:15:24',269,'homeOrg',863,'139.86.2.15','created'),('2010-09-22 02:39:20',236,'homeOrg',502,'172.28.16.1','modified'),('2010-09-22 02:39:42',236,'homeOrg',502,'172.28.16.1','modified'),('2010-09-22 02:39:44',236,'homeOrg',502,'172.28.16.1','modified'),('2010-09-22 02:49:05',236,'homeOrg',502,'172.28.16.1','modified'),('2010-09-22 02:49:24',236,'homeOrg',502,'172.28.16.1','modified'),('2010-09-22 02:49:26',236,'homeOrg',502,'172.28.16.1','modified'),('2010-10-03 14:17:04',139,'arp-refresh',0,'139.230.245.20','downloaded'),('2010-10-03 15:17:04',139,'arp-refresh',0,'139.230.245.20','downloaded'),('2010-09-30 06:31:28',818,'resource',502,'172.28.16.1','created'),('2010-09-28 06:10:25',254,'arp-refresh',0,'131.181.188.216','downloaded'),('2010-09-28 01:20:17',269,'arp-refresh',0,'139.86.7.141','downloaded'),('2010-09-28 01:20:18',269,'arp-refresh',0,'139.86.7.141','downloaded'),('2010-09-28 01:29:31',269,'arp-refresh',0,'139.86.2.15','downloaded'),('2010-09-28 01:30:31',140,'arp-refresh',0,'139.86.2.15','downloaded'),('2010-09-28 01:43:31',269,'arp-refresh',0,'139.86.7.141','downloaded'),('2010-09-28 01:43:32',269,'arp-refresh',0,'139.86.7.141','downloaded'),('2010-10-03 22:48:59',144,'arp-refresh',0,'131.181.188.216','downloaded'),('2010-10-03 23:17:03',139,'arp-refresh',0,'139.230.245.20','downloaded'),('2010-09-29 02:05:26',236,'homeOrg',502,'172.28.16.1','modified'),('2010-09-29 02:05:28',236,'homeOrg',502,'172.28.16.1','modified'),('2010-09-29 02:12:14',806,'resource',502,'172.28.16.1','modified'),('2010-09-29 02:12:24',806,'resource',502,'172.28.16.1','approved'),('2010-10-03 21:17:03',139,'arp-refresh',0,'139.230.245.20','downloaded'),('2010-10-03 18:17:06',139,'arp-refresh',0,'139.230.245.20','downloaded'),('2010-09-30 06:32:04',818,'resource',502,'172.28.16.1','approved'),('2010-10-03 23:49:00',144,'arp-refresh',0,'131.181.188.216','downloaded');
/*!40000 ALTER TABLE `objectTimestamps` ENABLE KEYS */;
UNLOCK TABLES;

--
-- Table structure for table `regex`
--

DROP TABLE IF EXISTS `regex`;
/*!40101 SET @saved_cs_client     = @@character_set_client */;
/*!40101 SET character_set_client = utf8 */;
CREATE TABLE `regex` (
  `resourceID` int(6) NOT NULL DEFAULT '0',
  `attributeID` int(6) NOT NULL DEFAULT '0',
  `regex` varchar(255) DEFAULT '',
  PRIMARY KEY (`resourceID`,`attributeID`)
) ENGINE=MyISAM DEFAULT CHARSET=utf8;
/*!40101 SET character_set_client = @saved_cs_client */;

--
-- Dumping data for table `regex`
--

LOCK TABLES `regex` WRITE;
/*!40000 ALTER TABLE `regex` DISABLE KEYS */;
/*!40000 ALTER TABLE `regex` ENABLE KEYS */;
UNLOCK TABLES;

--
-- Table structure for table `resources`
--

DROP TABLE IF EXISTS `resources`;
/*!40101 SET @saved_cs_client     = @@character_set_client */;
/*!40101 SET character_set_client = utf8 */;
CREATE TABLE `resources` (
  `resourceID` int(6) NOT NULL,
  `mainLanguage` enum('en','de','fr','it') NOT NULL DEFAULT 'en',
  `federationID` smallint(6) NOT NULL DEFAULT '0',
  `homeURL` varchar(255) NOT NULL DEFAULT '',
  `providerID` varchar(255) NOT NULL DEFAULT '',
  `homeOrg` varchar(64) NOT NULL DEFAULT '',
  `validFrom` date NOT NULL DEFAULT '0000-00-00',
  `validUntil` date NOT NULL DEFAULT '0000-00-00',
  `errorURL` varchar(255) DEFAULT NULL,
  `relyingParty` varchar(255) NOT NULL,
  `visible` enum('true','false') NOT NULL DEFAULT 'true',
  `setup` varchar(16) DEFAULT NULL,
  `privateKey` varchar(128) DEFAULT NULL,
  `certificate` varchar(128) DEFAULT NULL,
  `librarypath` varchar(128) DEFAULT NULL,
  `monitor` enum('YES','NO') NOT NULL DEFAULT 'NO',
  `mon_ping` enum('YES','NO') NOT NULL DEFAULT 'NO',
  `mon_time` enum('YES','NO') NOT NULL DEFAULT 'NO',
  `mon_cert` enum('YES','NO') NOT NULL DEFAULT 'NO',
  `mon_shib` enum('YES','NO') NOT NULL DEFAULT 'NO',
  `mon_http` enum('YES','NO') NOT NULL DEFAULT 'NO',
  `publish` enum('true','false','wiki') NOT NULL,
  PRIMARY KEY (`resourceID`),
  KEY `providerID` (`providerID`),
  KEY `targetURI` (`homeURL`),
  KEY `homeOrg` (`homeOrg`),
  KEY `validFrom` (`validFrom`),
  KEY `validUntil` (`validUntil`),
  KEY `federationID` (`federationID`)
) ENGINE=MyISAM AUTO_INCREMENT=750 DEFAULT CHARSET=utf8;
/*!40101 SET character_set_client = @saved_cs_client */;

--
-- Dumping data for table `resources`
--

LOCK TABLES `resources` WRITE;
/*!40000 ALTER TABLE `resources` DISABLE KEYS */;
INSERT INTO `resources` VALUES (668,'en',1,'https://manager.test.aaf.edu.au/','https://manager.test.aaf.edu.au/shibboleth','qut.edu.au','2009-01-29','0000-00-00','','','true',NULL,NULL,NULL,NULL,'NO','NO','NO','NO','NO','NO','true'),(670,'en',1,'https://vho.test.aaf.edu.au/','https://vho.test.aaf.edu.au/shibboleth','qut.edu.au','2009-02-09','0000-00-00','','','true',NULL,NULL,NULL,NULL,'NO','NO','NO','NO','NO','NO','true'),(672,'en',1,'https://slcs2.arcs.org.au/','https://slcs2.arcs.org.au/shibboleth','arcs.ramp.org.au','2009-02-10','2010-02-09','','','true',NULL,NULL,NULL,NULL,'','','','','','','false'),(675,'en',1,'https://rrdev.arcs.org.au/','https://rrdev.arcs.org.au/shibboleth','arcs.ramp.org.au','2009-03-09','2019-03-09','','','true',NULL,NULL,NULL,NULL,'','','','','','','false'),(685,'en',1,'https://esoe-tst.qut.edu.au/','https://esoe-tst.qut.edu.au/shibboleth','qut.edu.au','2009-04-16','0000-00-00','','','true',NULL,NULL,NULL,NULL,'NO','NO','NO','NO','NO','NO','true'),(761,'en',1,'https://atlases.muni.cz/','https://atlases.muni.cz/shibboleth','vho.test.aaf.edu.au','2010-05-19','0000-00-00','','','true','linux2','/etc/shibboleth2/atlases.muni.cz.key','/etc/shibboleth2/atlases.muni.cz.crt','-','NO','NO','NO','NO','NO','NO','true'),(681,'en',1,'http://esoepoc.smart.uts.edu.au/web/login.htm','http://esoepoc.smart.uts.edu.au/shibdelegator','uts.edu.au','2009-03-24','0000-00-00','','','true',NULL,NULL,NULL,NULL,'','','','','','','false'),(674,'en',1,'http://wiki.unisa.edu.au/','urn:mace:federation.org.au:testfed:wiki.unisa.edu.au','unisa.edu.au','2009-02-26','0000-00-00','http://wiki.unisa.edu.au/display/AAI/','','true',NULL,NULL,NULL,NULL,'','','','','','','false'),(687,'en',1,'https://starflower.qut.edu.au/','https://starflower.qut.edu.au/shibboleth','qut.edu.au','2009-04-16','2020-01-01','','','true',NULL,NULL,NULL,NULL,'NO','NO','NO','NO','NO','NO','false'),(683,'en',1,'https://sp1.test.uq.edu.au/otrs/index.pl','https://sp1.test.uq.edu.au/simplesaml/sp/shibboleth','uq.edu.au','2009-04-03','0000-00-00','http://www.uq.edu.au','','true',NULL,NULL,NULL,NULL,'NO','NO','NO','NO','NO','NO','false'),(689,'en',1,'https://wiki.caudit.edu.au','https://wiki.caudit.edu.au/shibboleth','uq.edu.au','2009-04-28','0000-00-00','https://wiki.caudit.edu.au/otrs/customer.pl','','true',NULL,NULL,NULL,NULL,'NO','NO','NO','NO','NO','NO','false'),(728,'en',1,'https://hazchem.library.uq.edu.au/','https://hazchem.library.uq.edu.au/shibboleth','uq.edu.au','2009-12-14','0000-00-00','','','true',NULL,NULL,NULL,NULL,'NO','NO','NO','NO','NO','NO','false'),(697,'en',1,'https://starflower.qut.edu.au','https://testsp.qut.edu.au/shibboleth','vho.test.aaf.edu.au','2009-05-26','0000-00-00','','','true','linux2','/etc/shibboleth2/testsp.qut.edu.au.key','/etc/shibboleth2/testsp.qut.edu.au.crt','-','','','','','','','false'),(707,'en',1,'https://sp-test.versi.edu.au/','https://sp-test.versi.edu.au/shibboleth','versi.edu.au','2009-09-02','2011-09-02','','','true',NULL,NULL,NULL,NULL,'','','','','','','false'),(713,'en',1,'https://davis-vre.its.monash.edu.au/','https://davis-vre.its.monash.edu.au/shibboleth','monash.edu.au','2009-09-04','2010-09-04','http://monash.edu.au/eresearch/','','true','linux2','/etc/shibboleth2/davis-vre.its.monash.edu.au.key','/etc/shibboleth2/davis-vre.its.monash.edu.au.crt','-','','','','','','','false'),(701,'en',1,'https://www.bigpulse.com/','https://www.bigpulse.com/shibboleth','vho.test.aaf.edu.au','2009-08-27','0000-00-00','http://www.bigpulse.com/aaf/','','true','linux2','/etc/shibboleth/www.bigpulse.com.key','/etc/shibboleth/www.bigpulse.com.crt','-','','','','','','','false'),(716,'en',1,'https://slcstest.arcs.org.au/SLCS/','https://slcstest.arcs.org.au/shibboleth','vho.test.aaf.edu.au','2009-09-09','0000-00-00','http://www.arcs.org.au/support','','true',NULL,NULL,NULL,NULL,'','','','','','','false'),(722,'en',1,'https://collie.uws.edu.au/secure/','urn:mace:federation.org.au:testfed:collie.uws.edu.au','uws.edu.au','2009-10-12','0000-00-00','http://www.uws.edu.au/','','true',NULL,NULL,NULL,NULL,'','','','','','','false'),(725,'en',1,'https://vmdev-repo.library.uq.edu.au','urn:mace:federation.org.au:testfed:vmdev-repo.library.uq.edu.au','uq.edu.au','2009-11-23','0000-00-00','https://vmdev-repo.library.uq.edu.au','','true',NULL,NULL,NULL,NULL,'NO','NO','NO','NO','NO','NO','false'),(731,'en',1,'https://aafdemoidp.qut.edu.au/','https:///aaf13test.aaf.edu.au/shibboleth','vho.test.aaf.edu.au','2009-12-16','0000-00-00','','','true',NULL,NULL,NULL,NULL,'NO','NO','NO','NO','NO','NO','false'),(734,'en',1,'https://web-test.versi.edu.au/','https://web-test.versi.edu.au/shibboleth','versi.edu.au','2010-02-19','2012-02-19','','','true',NULL,NULL,NULL,NULL,'NO','NO','NO','NO','NO','NO','false'),(737,'en',1,'https://vbl-test.versi.edu.au/','https://vbl-test.versi.edu.au/shibboleth','versi.edu.au','2010-02-23','2012-02-23','','','true',NULL,NULL,NULL,NULL,'NO','NO','NO','NO','NO','NO','false'),(719,'en',1,'https://ng2dev.canterbury.ac.nz/','https://ng2dev.canterbury.ac.nz/shibboleth','idp20test.canterbury.ac.nz','2009-10-07','0000-00-00','','','true',NULL,NULL,NULL,NULL,'NO','NO','NO','NO','NO','NO','false'),(743,'en',1,'http://search.informit.com.au/','https://shibtest.informit.com.au/shibboleth','versi.edu.au','2010-04-16','0000-00-00','http://www.informit.com.au/support.html','','true',NULL,NULL,NULL,NULL,'NO','NO','NO','NO','NO','NO','true'),(749,'en',1,'https://itusw-wapsp1.ml.unisa.edu.au/','https://app-sp-test.unisa.edu.au/shibboleth','unisa.edu.au','2010-04-29','0000-00-00','','','true',NULL,NULL,NULL,NULL,'NO','NO','NO','NO','NO','NO','true'),(692,'en',1,'https://curry.qut.edu.au','urn:mace:AAF:curry.qut.edu.au','qut.edu.au','2009-05-14','0000-00-00','','','true',NULL,NULL,NULL,NULL,'NO','NO','NO','NO','NO','NO','false'),(791,'en',1,'https://ss2.versi.edu.au/','https://ss2.versi.edu.au/','versi.edu.au','2010-07-23','2015-02-19','','','true',NULL,NULL,NULL,NULL,'NO','NO','NO','NO','NO','NO','true'),(755,'en',1,'https://auth02.ac3.edu.au/echoer/main/index','https://auth02.ac3.edu.au/shibboleth','mams.melcoe.mq.edu.au','2010-05-05','2012-03-12','http://www.aaf.edu.au','','true',NULL,NULL,NULL,NULL,'NO','NO','NO','NO','NO','NO','true'),(758,'en',1,'https://vitro.versi.edu.au/','https://vitro.versi.edu.au/shibboleth','versi.edu.au','2010-05-06','2020-12-06','','','true',NULL,NULL,NULL,NULL,'NO','NO','NO','NO','NO','NO','true'),(740,'en',1,'http://readinglists.lib.monash.edu/index.html','https://readinglists.lib.monash.edu/shibboleth','vho.test.aaf.edu.au','2010-05-05','0000-00-00','','','false',NULL,NULL,NULL,NULL,'NO','NO','NO','NO','NO','NO','true'),(767,'en',1,'https://aafmoodle.netspot.com.au/','https://aafmoodle.netspot.com.au/shibboleth','vho.test.aaf.edu.au','2010-05-24','0000-00-00','','','true',NULL,NULL,NULL,NULL,'NO','NO','NO','NO','NO','NO','true'),(764,'en',1,'https://eppwiki.ph.unimelb.edu.au/','https://eppwiki.ph.unimelb.edu.au/shibboleth','versi.edu.au','2010-05-24','0000-00-00','','','false',NULL,NULL,NULL,NULL,'NO','NO','NO','NO','NO','NO','true'),(770,'en',1,'https://my-dev.unisa.edu.au/','https://app-sp-dev.unisa.edu.au/shibboleth','unisa.edu.au','2010-06-01','0000-00-00','','','true',NULL,NULL,NULL,NULL,'NO','NO','NO','NO','NO','NO','true'),(746,'en',1,'https://w-cah-790-01.infotech.monash.edu.au/cgi-bin/np-ml.cgi','https://w-cah-790-01.infotech.monash.edu.au/shibboleth','vho.test.aaf.edu.au','2010-04-26','2010-10-01','','https://service.aaf.edu.au/aaf/SAML1/Attribute-Push','false',NULL,NULL,NULL,NULL,'NO','NO','NO','NO','NO','NO','true'),(773,'en',1,'https://movetomoodle.netspot.com.au/','https://movetomoodle.netspot.com.au/shibboleth','vho.test.aaf.edu.au','2010-06-01','0000-00-00','','','true',NULL,NULL,NULL,NULL,'NO','NO','NO','NO','NO','NO','true'),(776,'en',1,'https://podd-aaf.metadata.net/','https://podd-aaf.metadata.net/shibboleth','uq.edu.au','2010-06-09','0000-00-00','','','true',NULL,NULL,NULL,NULL,'NO','NO','NO','NO','NO','NO','true'),(779,'en',1,'https://portaltest.sf.utas.edu.au/','https://portaltest.sf.utas.edu.au/shibboleth','utas.edu.au','2010-07-08','0000-00-00','','','true',NULL,NULL,NULL,NULL,'NO','NO','NO','NO','NO','NO','true'),(788,'en',1,'http://dev.telescope-net.com/','https://dev.telescope-net.com/shibboleth','uq.edu.au','2010-07-19','0000-00-00','http://dev.telescope-net.com/apta/HELP','','true',NULL,NULL,NULL,NULL,'NO','NO','NO','NO','NO','NO','true'),(785,'en',1,'https://idmdev.app.unimelb.edu.au:8443/attributes','https://idmdev.app.unimelb.edu.au/sso/aafsp','unimelb.edu.au','2010-07-15','0000-00-00','','','true',NULL,NULL,NULL,NULL,'NO','NO','NO','NO','NO','NO','true'),(782,'en',1,'https://aafmahara.netspot.com.au/','https://aafmahara.netspot.com.au/shibboleth','vho.test.aaf.edu.au','2010-07-09','0000-00-00','','','true',NULL,NULL,NULL,NULL,'NO','NO','NO','NO','NO','NO','true'),(794,'en',1,'https://arcs-dev.anu.edu.au/','https://arcs-dev.anu.edu.au/shibboleth','vho.test.aaf.edu.au','2010-08-09','0000-00-00','','','true',NULL,NULL,NULL,NULL,'NO','NO','NO','NO','NO','NO','true'),(797,'en',1,'http://www.aaf.edu.au/','https://newmanager.test.aaf.edu.au/shibboleth','vho.test.aaf.edu.au','2010-08-18','0000-00-00','http://support.aaf.edu.au','','true',NULL,NULL,NULL,NULL,'NO','NO','NO','NO','NO','NO','true'),(800,'en',1,'https://newvho.test.aaf.edu.au/','https://newvho.test.aaf.edu.au/shibboleth','vho.test.aaf.edu.au','2010-08-19','0000-00-00','http://support.aaf.edu.au','','true',NULL,NULL,NULL,NULL,'NO','NO','NO','NO','NO','NO','true'),(803,'en',1,'https://www.test.aaf.edu.au/','https://www.test.aaf.edu.au/shibboleth','vho.test.aaf.edu.au','2010-08-31','0000-00-00','http://support.aaf.edu.au','','true',NULL,NULL,NULL,NULL,'NO','NO','NO','NO','NO','NO','true'),(806,'en',1,'https://monitor.test.aaf.edu.au/','https://monitor.test.aaf.edu.au/shibboleth','vho.test.aaf.edu.au','2010-08-31','0000-00-00','https://manager.aaf.edu.au/support','','true',NULL,NULL,NULL,NULL,'NO','NO','NO','NO','NO','NO','true'),(809,'en',1,'https://wiki.test.aaf.edu.au/','https://wiki.test.aaf.edu.au/shibboleth','vho.test.aaf.edu.au','2010-08-31','0000-00-00','http://support.aaf.edu.au','','true',NULL,NULL,NULL,NULL,'NO','NO','NO','NO','NO','NO','true'),(818,'en',1,'https://gmt.test.aaf.edu.au/','https://gmt.test.aaf.edu.au/shibboleth','vho.test.aaf.edu.au','2010-09-30','0000-00-00','http://support.aaf.edu.au','','true',NULL,NULL,NULL,NULL,'NO','NO','NO','NO','NO','NO','true');
/*!40000 ALTER TABLE `resources` ENABLE KEYS */;
UNLOCK TABLES;

--
-- Table structure for table `serviceLocations`
--

DROP TABLE IF EXISTS `serviceLocations`;
/*!40101 SET @saved_cs_client     = @@character_set_client */;
/*!40101 SET character_set_client = utf8 */;
CREATE TABLE `serviceLocations` (
  `objectID` int(6) NOT NULL DEFAULT '0',
  `objectType` enum('resource','sso','aa','ars','status') NOT NULL DEFAULT 'resource',
  `serviceType` enum('AssertionConsumerService','ManageNameIDService','SingleLogoutService','SingleSignOnService','AttributeService','ArtifactResolutionService','Status','DiscoveryResponse') NOT NULL DEFAULT 'AssertionConsumerService',
  `serviceBinding` enum('urn:mace:shibboleth:1.0:profiles:AuthnRequest','urn:oasis:names:tc:SAML:1.0:profiles:browser-post','urn:oasis:names:tc:SAML:1.0:profiles:artifact-01','urn:oasis:names:tc:SAML:1.0:bindings:SOAP-binding','urn:oasis:names:tc:SAML:2.0:bindings:SOAP','urn:oasis:names:tc:SAML:2.0:bindings:HTTP-Redirect','urn:oasis:names:tc:SAML:2.0:bindings:HTTP-POST','urn:oasis:names:tc:SAML:2.0:bindings:HTTP-Artifact','urn:oasis:names:tc:SAML:2.0:bindings:HTTP-POST-SimpleSign','urn:oasis:names:tc:SAML:2.0:bindings:PAOS','urn:oasis:names:tc:SAML:2.0:bindings:SOAP-binding','Status','DiscoveryResponse') NOT NULL DEFAULT 'urn:oasis:names:tc:SAML:1.0:profiles:browser-post',
  `serviceLocation` varchar(255) NOT NULL DEFAULT '',
  `defaultLocation` enum('false','true') NOT NULL DEFAULT 'false',
  KEY `objectID` (`objectID`,`objectType`)
) ENGINE=MyISAM DEFAULT CHARSET=utf8;
/*!40101 SET character_set_client = @saved_cs_client */;

--
-- Dumping data for table `serviceLocations`
--

LOCK TABLES `serviceLocations` WRITE;
/*!40000 ALTER TABLE `serviceLocations` DISABLE KEYS */;
INSERT INTO `serviceLocations` VALUES (125,'ars','ArtifactResolutionService','urn:oasis:names:tc:SAML:1.0:bindings:SOAP-binding','https://auth-test-idp.qut.edu.au:8443/idp/profile/SAML1/SOAP/ArtifactResolution','false'),(125,'aa','AttributeService','urn:oasis:names:tc:SAML:2.0:bindings:SOAP','https://auth-test-idp.qut.edu.au:8443/idp/profile/SAML2/SOAP/AttributeQuery','false'),(125,'aa','AttributeService','urn:oasis:names:tc:SAML:1.0:bindings:SOAP-binding','https://auth-test-idp.qut.edu.au:8443/idp/profile/SAML1/SOAP/AttributeQuery','false'),(125,'sso','SingleSignOnService','urn:oasis:names:tc:SAML:2.0:bindings:HTTP-Redirect','https://auth-test-idp.qut.edu.au/idp/profile/SAML2/Redirect/SSO','false'),(125,'sso','SingleSignOnService','urn:oasis:names:tc:SAML:2.0:bindings:HTTP-POST-SimpleSign','https://auth-test-idp.qut.edu.au/idp/profile/SAML2/POST-SimpleSign/SSO','false'),(125,'sso','SingleSignOnService','urn:oasis:names:tc:SAML:2.0:bindings:HTTP-POST','https://auth-test-idp.qut.edu.au/idp/profile/SAML2/POST/SSO','false'),(125,'sso','SingleSignOnService','urn:mace:shibboleth:1.0:profiles:AuthnRequest','https://auth-test-idp.qut.edu.au/idp/profile/Shibboleth/SSO','false'),(731,'resource','Status','Status','https://aafdemoidp.qut.edu.au/Shibboleth.sso/Status','false'),(668,'resource','ManageNameIDService','urn:oasis:names:tc:SAML:2.0:bindings:HTTP-Artifact','https://manager.test.aaf.edu.au/Shibboleth.sso/NIM/Artifact','false'),(668,'resource','ManageNameIDService','urn:oasis:names:tc:SAML:2.0:bindings:HTTP-Redirect','https://manager.test.aaf.edu.au/Shibboleth.sso/NIM/Redirect','false'),(668,'resource','ManageNameIDService','urn:oasis:names:tc:SAML:2.0:bindings:HTTP-POST','https://manager.test.aaf.edu.au/Shibboleth.sso/NIM/POST','false'),(668,'resource','AssertionConsumerService','urn:oasis:names:tc:SAML:1.0:profiles:artifact-01','https://manager.test.aaf.edu.au/Shibboleth.sso/SAML/Artifact','false'),(668,'resource','ManageNameIDService','urn:oasis:names:tc:SAML:2.0:bindings:SOAP','https://manager.test.aaf.edu.au/Shibboleth.sso/NIM/SOAP','false'),(668,'resource','AssertionConsumerService','urn:oasis:names:tc:SAML:1.0:profiles:browser-post','https://manager.test.aaf.edu.au/Shibboleth.sso/SAML/POST','true'),(668,'resource','AssertionConsumerService','urn:oasis:names:tc:SAML:2.0:bindings:HTTP-Artifact','https://manager.test.aaf.edu.au/Shibboleth.sso/SAML2/Artifact','false'),(668,'resource','AssertionConsumerService','urn:oasis:names:tc:SAML:2.0:bindings:PAOS','https://manager.test.aaf.edu.au/Shibboleth.sso/SAML2/ECP','false'),(668,'resource','AssertionConsumerService','urn:oasis:names:tc:SAML:2.0:bindings:HTTP-POST','https://manager.test.aaf.edu.au/Shibboleth.sso/SAML2/POST','false'),(668,'resource','AssertionConsumerService','urn:oasis:names:tc:SAML:2.0:bindings:HTTP-POST-SimpleSign','https://manager.test.aaf.edu.au/Shibboleth.sso/SAML2/POST-SimpleSign','false'),(668,'resource','SingleLogoutService','urn:oasis:names:tc:SAML:2.0:bindings:HTTP-Artifact','https://manager.test.aaf.edu.au/Shibboleth.sso/SLO/Artifact','false'),(125,'ars','ArtifactResolutionService','urn:oasis:names:tc:SAML:2.0:bindings:SOAP','https://auth-test-idp.qut.edu.au:8443/idp/profile/SAML2/SOAP/ArtifactResolution','false'),(125,'status','Status','Status','https://auth-test-idp.qut.edu.au/idp/profile/Status','false'),(126,'sso','SingleSignOnService','urn:mace:shibboleth:1.0:profiles:AuthnRequest','https://arcs.ramp.org.au/shibboleth-idp/SSO','false'),(126,'aa','AttributeService','urn:oasis:names:tc:SAML:1.0:bindings:SOAP-binding','https://arcs.ramp.org.au:8443/shibboleth-idp/AA','false'),(127,'sso','SingleSignOnService','urn:mace:shibboleth:1.0:profiles:AuthnRequest','https://arcs.ramp.org.au/shibboleth-idp/SSO','false'),(127,'aa','AttributeService','urn:oasis:names:tc:SAML:1.0:bindings:SOAP-binding','https://arcs.ramp.org.au:8443/shibboleth-idp/AA','false'),(670,'resource','ManageNameIDService','urn:oasis:names:tc:SAML:2.0:bindings:HTTP-Redirect','https://vho.test.aaf.edu.au/Shibboleth.sso/NIM/Redirect','false'),(670,'resource','SingleLogoutService','urn:oasis:names:tc:SAML:2.0:bindings:SOAP','https://vho.test.aaf.edu.au/Shibboleth.sso/SLO/SOAP','false'),(670,'resource','SingleLogoutService','urn:oasis:names:tc:SAML:2.0:bindings:HTTP-Redirect','https://vho.test.aaf.edu.au/Shibboleth.sso/SLO/Redirect','false'),(670,'resource','SingleLogoutService','urn:oasis:names:tc:SAML:2.0:bindings:HTTP-POST','https://vho.test.aaf.edu.au/Shibboleth.sso/SLO/POST','false'),(670,'resource','SingleLogoutService','urn:oasis:names:tc:SAML:2.0:bindings:HTTP-Artifact','https://vho.test.aaf.edu.au/Shibboleth.sso/SLO/Artifact','false'),(670,'resource','AssertionConsumerService','urn:oasis:names:tc:SAML:2.0:bindings:HTTP-POST-SimpleSign','https://vho.test.aaf.edu.au/Shibboleth.sso/SAML2/POST-SimpleSign','false'),(670,'resource','AssertionConsumerService','urn:oasis:names:tc:SAML:2.0:bindings:HTTP-POST','https://vho.test.aaf.edu.au/Shibboleth.sso/SAML2/POST','false'),(670,'resource','AssertionConsumerService','urn:oasis:names:tc:SAML:2.0:bindings:PAOS','https://vho.test.aaf.edu.au/Shibboleth.sso/SAML2/ECP','false'),(670,'resource','AssertionConsumerService','urn:oasis:names:tc:SAML:2.0:bindings:HTTP-Artifact','https://vho.test.aaf.edu.au/Shibboleth.sso/SAML2/Artifact','false'),(670,'resource','AssertionConsumerService','urn:oasis:names:tc:SAML:1.0:profiles:browser-post','https://vho.test.aaf.edu.au/Shibboleth.sso/SAML/POST','true'),(670,'resource','AssertionConsumerService','urn:oasis:names:tc:SAML:1.0:profiles:artifact-01','https://vho.test.aaf.edu.au/Shibboleth.sso/SAML/Artifact','false'),(672,'resource','SingleLogoutService','urn:oasis:names:tc:SAML:2.0:bindings:HTTP-Artifact','https://slcs2.arcs.org.au/Shibboleth.sso/SLO/Artifact','false'),(672,'resource','AssertionConsumerService','urn:oasis:names:tc:SAML:2.0:bindings:HTTP-POST-SimpleSign','https://slcs2.arcs.org.au/Shibboleth.sso/SAML2/POST-SimpleSign','false'),(672,'resource','AssertionConsumerService','urn:oasis:names:tc:SAML:2.0:bindings:HTTP-POST','https://slcs2.arcs.org.au/Shibboleth.sso/SAML2/POST','false'),(672,'resource','AssertionConsumerService','urn:oasis:names:tc:SAML:2.0:bindings:PAOS','https://slcs2.arcs.org.au/Shibboleth.sso/SAML2/ECP','false'),(672,'resource','AssertionConsumerService','urn:oasis:names:tc:SAML:2.0:bindings:HTTP-Artifact','https://slcs2.arcs.org.au/Shibboleth.sso/SAML2/Artifact','false'),(672,'resource','AssertionConsumerService','urn:oasis:names:tc:SAML:1.0:profiles:browser-post','https://slcs2.arcs.org.au/Shibboleth.sso/SAML/POST','true'),(672,'resource','AssertionConsumerService','urn:oasis:names:tc:SAML:1.0:profiles:artifact-01','https://slcs2.arcs.org.au/Shibboleth.sso/SAML/Artifact','false'),(672,'resource','ManageNameIDService','urn:oasis:names:tc:SAML:2.0:bindings:SOAP','https://slcs2.arcs.org.au/Shibboleth.sso/NIM/SOAP','false'),(672,'resource','ManageNameIDService','urn:oasis:names:tc:SAML:2.0:bindings:HTTP-Redirect','https://slcs2.arcs.org.au/Shibboleth.sso/NIM/Redirect','false'),(672,'resource','ManageNameIDService','urn:oasis:names:tc:SAML:2.0:bindings:HTTP-POST','https://slcs2.arcs.org.au/Shibboleth.sso/NIM/POST','false'),(672,'resource','ManageNameIDService','urn:oasis:names:tc:SAML:2.0:bindings:HTTP-Artifact','https://slcs2.arcs.org.au/Shibboleth.sso/NIM/Artifact','false'),(672,'resource','DiscoveryResponse','DiscoveryResponse','https://slcs2.arcs.org.au/Shibboleth.sso/DS','false'),(672,'resource','SingleLogoutService','urn:oasis:names:tc:SAML:2.0:bindings:HTTP-POST','https://slcs2.arcs.org.au/Shibboleth.sso/SLO/POST','false'),(672,'resource','SingleLogoutService','urn:oasis:names:tc:SAML:2.0:bindings:HTTP-Redirect','https://slcs2.arcs.org.au/Shibboleth.sso/SLO/Redirect','false'),(672,'resource','SingleLogoutService','urn:oasis:names:tc:SAML:2.0:bindings:SOAP','https://slcs2.arcs.org.au/Shibboleth.sso/SLO/SOAP','false'),(672,'resource','Status','Status','https://slcs2.arcs.org.au/Shibboleth.sso/Status','false'),(734,'resource','AssertionConsumerService','urn:oasis:names:tc:SAML:2.0:bindings:PAOS','https://web-test.versi.edu.au/Shibboleth.sso/SAML2/ECP','false'),(734,'resource','AssertionConsumerService','urn:oasis:names:tc:SAML:2.0:bindings:HTTP-Artifact','https://web-test.versi.edu.au/Shibboleth.sso/SAML2/Artifact','false'),(129,'sso','SingleSignOnService','urn:mace:shibboleth:1.0:profiles:AuthnRequest','https://verbena.qut.edu.au:8443/idp/profile/Shibboleth/SSO','false'),(129,'aa','AttributeService','urn:oasis:names:tc:SAML:1.0:bindings:SOAP-binding','https://verbena.qut.edu.au:8443/idp/profile/SAML1/SOAP/AttributeQuery','false'),(130,'sso','SingleSignOnService','urn:mace:shibboleth:1.0:profiles:AuthnRequest','https://dev-auth-idp.griffith.edu.au/shibboleth-idp/SSO','false'),(130,'aa','AttributeService','urn:oasis:names:tc:SAML:1.0:bindings:SOAP-binding','https://dev-auth-idp.griffith.edu.au:8443/shibboleth-idp/AA','false'),(734,'resource','AssertionConsumerService','urn:oasis:names:tc:SAML:1.0:profiles:browser-post','https://web-test.versi.edu.au/Shibboleth.sso/SAML/POST','true'),(734,'resource','AssertionConsumerService','urn:oasis:names:tc:SAML:1.0:profiles:artifact-01','https://web-test.versi.edu.au/Shibboleth.sso/SAML/Artifact','false'),(734,'resource','ManageNameIDService','urn:oasis:names:tc:SAML:2.0:bindings:SOAP','https://web-test.versi.edu.au/Shibboleth.sso/NIM/SOAP','false'),(734,'resource','ManageNameIDService','urn:oasis:names:tc:SAML:2.0:bindings:HTTP-Redirect','https://web-test.versi.edu.au/Shibboleth.sso/NIM/Redirect','false'),(734,'resource','ManageNameIDService','urn:oasis:names:tc:SAML:2.0:bindings:HTTP-POST','https://web-test.versi.edu.au/Shibboleth.sso/NIM/POST','false'),(734,'resource','ManageNameIDService','urn:oasis:names:tc:SAML:2.0:bindings:HTTP-Artifact','https://web-test.versi.edu.au/Shibboleth.sso/NIM/Artifact','false'),(734,'resource','DiscoveryResponse','DiscoveryResponse','https://web-test.versi.edu.au/Shibboleth.sso/DS','false'),(131,'sso','SingleSignOnService','urn:mace:shibboleth:1.0:profiles:AuthnRequest','https://idp.ecu.edu.au/shibboleth-idp/SSO','false'),(131,'aa','AttributeService','urn:oasis:names:tc:SAML:1.0:bindings:SOAP-binding','https://idp.ecu.edu.au:8443/shibboleth-idp/AA','false'),(132,'sso','SingleSignOnService','urn:oasis:names:tc:SAML:2.0:bindings:HTTP-POST','https://chive.qut.edu.au/idp/profile/SAML2/POST/SSO','false'),(132,'sso','SingleSignOnService','urn:mace:shibboleth:1.0:profiles:AuthnRequest','https://chive.qut.edu.au/idp/profile/Shibboleth/SSO','false'),(133,'sso','SingleSignOnService','urn:mace:shibboleth:1.0:profiles:AuthnRequest','https://dev-auth-idp.griffith.edu.au/idp/profile/Shibboleth/SSO','false'),(133,'aa','AttributeService','urn:oasis:names:tc:SAML:1.0:bindings:SOAP-binding','https://dev-auth-idp.griffith.edu.au:8443/idp/profile/SAML1/SOAP/AttributeQuery','false'),(134,'sso','SingleSignOnService','urn:oasis:names:tc:SAML:2.0:bindings:HTTP-POST','https://caraway.qut.edu.au/idp/profile/SAML2/POST/SSO','false'),(134,'sso','SingleSignOnService','urn:mace:shibboleth:1.0:profiles:AuthnRequest','https://caraway.qut.edu.au/idp/profile/Shibboleth/SSO','false'),(675,'resource','AssertionConsumerService','urn:oasis:names:tc:SAML:1.0:profiles:artifact-01','https://rrdev.arcs.org.au/Shibboleth.sso/SAML/Artifact','false'),(675,'resource','AssertionConsumerService','urn:oasis:names:tc:SAML:1.0:profiles:browser-post','https://rrdev.arcs.org.au/Shibboleth.sso/SAML/POST','true'),(675,'resource','AssertionConsumerService','urn:oasis:names:tc:SAML:2.0:bindings:HTTP-POST','https://rrdev.arcs.org.au/Shibboleth.sso/SAML2/POST','false'),(675,'resource','AssertionConsumerService','urn:oasis:names:tc:SAML:2.0:bindings:HTTP-POST-SimpleSign','https://rrdev.arcs.org.au/Shibboleth.sso/SAML2/POST-SimpleSign','false'),(675,'resource','AssertionConsumerService','urn:oasis:names:tc:SAML:2.0:bindings:HTTP-Artifact','https://rrdev.arcs.org.au/Shibboleth.sso/SAML2/Artifact','false'),(675,'resource','AssertionConsumerService','urn:oasis:names:tc:SAML:2.0:bindings:PAOS','https://rrdev.arcs.org.au/Shibboleth.sso/SAML2/ECP','false'),(675,'resource','SingleLogoutService','urn:oasis:names:tc:SAML:2.0:bindings:SOAP','https://rrdev.arcs.org.au/Shibboleth.sso/SLO/SOAP','false'),(675,'resource','SingleLogoutService','urn:oasis:names:tc:SAML:2.0:bindings:HTTP-Redirect','https://rrdev.arcs.org.au/Shibboleth.sso/SLO/Redirect','false'),(675,'resource','SingleLogoutService','urn:oasis:names:tc:SAML:2.0:bindings:HTTP-POST','https://rrdev.arcs.org.au/Shibboleth.sso/SLO/POST','false'),(675,'resource','SingleLogoutService','urn:oasis:names:tc:SAML:2.0:bindings:HTTP-Artifact','https://rrdev.arcs.org.au/Shibboleth.sso/SLO/Artifact','false'),(675,'resource','ManageNameIDService','urn:oasis:names:tc:SAML:2.0:bindings:SOAP','https://rrdev.arcs.org.au/Shibboleth.sso/NIM/SOAP','false'),(675,'resource','ManageNameIDService','urn:oasis:names:tc:SAML:2.0:bindings:HTTP-Redirect','https://rrdev.arcs.org.au/Shibboleth.sso/NIM/Redirect','false'),(675,'resource','ManageNameIDService','urn:oasis:names:tc:SAML:2.0:bindings:HTTP-POST','https://rrdev.arcs.org.au/Shibboleth.sso/NIM/POST','false'),(675,'resource','ManageNameIDService','urn:oasis:names:tc:SAML:2.0:bindings:HTTP-Artifact','https://rrdev.arcs.org.au/Shibboleth.sso/NIM/Artifact','false'),(675,'resource','Status','Status','https://rrdev.arcs.org.au/Shibboleth.sso/Status','false'),(675,'resource','DiscoveryResponse','DiscoveryResponse','https://rrdev.arcs.org.au/Shibboleth.sso/DS','false'),(134,'sso','SingleSignOnService','urn:oasis:names:tc:SAML:2.0:bindings:HTTP-POST-SimpleSign','https://caraway.qut.edu.au/idp/profile/SAML2/POST-SimpleSign/SSO','false'),(134,'sso','SingleSignOnService','urn:oasis:names:tc:SAML:2.0:bindings:HTTP-Redirect','https://caraway.qut.edu.au/idp/profile/SAML2/Redirect/SSO','false'),(134,'aa','AttributeService','urn:oasis:names:tc:SAML:1.0:bindings:SOAP-binding','https://caraway.qut.edu.au:8443/idp/profile/SAML1/SOAP/AttributeQuery','false'),(134,'aa','AttributeService','urn:oasis:names:tc:SAML:2.0:bindings:SOAP','https://caraway.qut.edu.au:8443/idp/profile/SAML2/SOAP/AttributeQuery','false'),(134,'ars','ArtifactResolutionService','urn:oasis:names:tc:SAML:1.0:bindings:SOAP-binding','https://caraway.qut.edu.au:8443/idp/profile/SAML1/SOAP/ArtifactResolution','false'),(134,'ars','ArtifactResolutionService','urn:oasis:names:tc:SAML:2.0:bindings:SOAP','https://caraway.qut.edu.au:8443/idp/profile/SAML2/SOAP/ArtifactResolution','false'),(134,'status','Status','Status','https://caraway.qut.edu.au/idp/profile/Status','false'),(685,'resource','SingleLogoutService','urn:oasis:names:tc:SAML:2.0:bindings:HTTP-Artifact','https://esoe-tst.qut.edu.au/Shibboleth.sso/SLO/Artifact','false'),(685,'resource','AssertionConsumerService','urn:oasis:names:tc:SAML:2.0:bindings:HTTP-POST-SimpleSign','https://esoe-tst.qut.edu.au/Shibboleth.sso/SAML2/POST-SimpleSign','false'),(685,'resource','AssertionConsumerService','urn:oasis:names:tc:SAML:2.0:bindings:HTTP-POST','https://esoe-tst.qut.edu.au/Shibboleth.sso/SAML2/POST','false'),(132,'sso','SingleSignOnService','urn:oasis:names:tc:SAML:2.0:bindings:HTTP-Redirect','https://chive.qut.edu.au/idp/profile/SAML2/Redirect/SSO','false'),(132,'aa','AttributeService','urn:oasis:names:tc:SAML:1.0:bindings:SOAP-binding','https://chive.qut.edu.au:8443/idp/profile/SAML1/SOAP/AttributeQuery','false'),(132,'aa','AttributeService','urn:oasis:names:tc:SAML:2.0:bindings:SOAP','https://chive.qut.edu.au:8443/idp/profile/SAML2/SOAP/AttributeQuery','false'),(132,'ars','ArtifactResolutionService','urn:oasis:names:tc:SAML:1.0:bindings:SOAP-binding','https://chive.qut.edu.au:8443/idp/profile/SAML1/SOAP/ArtifactResolution','false'),(132,'ars','ArtifactResolutionService','urn:oasis:names:tc:SAML:2.0:bindings:SOAP','https://chive.qut.edu.au:8443/idp/profile/SAML2/SOAP/ArtifactResolution','false'),(132,'status','Status','Status','https://chive.qut.edu.au/idp/profile/Status','false'),(132,'sso','SingleSignOnService','urn:oasis:names:tc:SAML:2.0:bindings:HTTP-POST-SimpleSign','https://chive.qut.edu.au/idp/profile/SAML2/POST-SimpleSign/SSO','false'),(135,'sso','SingleSignOnService','urn:mace:shibboleth:1.0:profiles:AuthnRequest','https://test-idp.ramp.org.au/idp/profile/Shibboleth/SSO','false'),(135,'aa','AttributeService','urn:oasis:names:tc:SAML:1.0:bindings:SOAP-binding','https://test-idp.ramp.org.au:8443/idp/profile/SAML1/SOAP/AttributeQuery','false'),(136,'sso','SingleSignOnService','urn:mace:shibboleth:1.0:profiles:AuthnRequest','https://auth-test-idp.qut.edu.au/idp/profile/Shibboleth/SSO','false'),(136,'aa','AttributeService','urn:oasis:names:tc:SAML:1.0:bindings:SOAP-binding','https://auth-test-idp.qut.edu.au/idp/profile/SAML1/SOAP/AttributeQuery','false'),(137,'sso','SingleSignOnService','urn:mace:shibboleth:1.0:profiles:AuthnRequest','https://dev-auth-idp.griffith.edu.au/idp/profile/Shibboleth/SSO','false'),(137,'sso','SingleSignOnService','urn:oasis:names:tc:SAML:2.0:bindings:HTTP-POST','https://dev-auth-idp.griffith.edu.au/idp/profile/SAML2/POST/SSO','false'),(137,'sso','SingleSignOnService','urn:oasis:names:tc:SAML:2.0:bindings:HTTP-POST-SimpleSign','https://dev-auth-idp.griffith.edu.au/idp/profile/SAML2/POST-SimpleSign/SSO','false'),(137,'sso','SingleSignOnService','urn:oasis:names:tc:SAML:2.0:bindings:HTTP-Redirect','https://dev-auth-idp.griffith.edu.au/idp/profile/SAML2/Redirect/SSO','false'),(137,'aa','AttributeService','urn:oasis:names:tc:SAML:1.0:bindings:SOAP-binding','https://dev-auth-idp.griffith.edu.au:8443/idp/profile/SAML1/SOAP/AttributeQuery','false'),(137,'status','Status','Status','https://dev-auth-idp.griffith.edu.au/idp/profile/Status','false'),(137,'ars','ArtifactResolutionService','urn:oasis:names:tc:SAML:2.0:bindings:SOAP','https://dev-auth-idp.griffith.edu.au:8443/idp/profile/SAML2/SOAP/ArtifactResolution','false'),(137,'ars','ArtifactResolutionService','urn:oasis:names:tc:SAML:1.0:bindings:SOAP-binding','https://dev-auth-idp.griffith.edu.au:8443/idp/profile/SAML1/SOAP/ArtifactResolution','false'),(137,'aa','AttributeService','urn:oasis:names:tc:SAML:2.0:bindings:SOAP','https://dev-auth-idp.griffith.edu.au:8443/idp/profile/SAML2/SOAP/AttributeQuery','false'),(761,'resource','Status','Status','https://atlases.muni.cz/Shibboleth.sso/Status','false'),(761,'resource','SingleLogoutService','urn:oasis:names:tc:SAML:2.0:bindings:SOAP','https://atlases.muni.cz/Shibboleth.sso/SLO/SOAP','false'),(761,'resource','SingleLogoutService','urn:oasis:names:tc:SAML:2.0:bindings:HTTP-Redirect','https://atlases.muni.cz/Shibboleth.sso/SLO/Redirect','false'),(761,'resource','SingleLogoutService','urn:oasis:names:tc:SAML:2.0:bindings:HTTP-POST','https://atlases.muni.cz/Shibboleth.sso/SLO/POST','false'),(761,'resource','SingleLogoutService','urn:oasis:names:tc:SAML:2.0:bindings:HTTP-Artifact','https://atlases.muni.cz/Shibboleth.sso/SLO/Artifact','false'),(761,'resource','AssertionConsumerService','urn:oasis:names:tc:SAML:2.0:bindings:HTTP-POST-SimpleSign','https://atlases.muni.cz/Shibboleth.sso/SAML2/POST-SimpleSign','false'),(761,'resource','AssertionConsumerService','urn:oasis:names:tc:SAML:2.0:bindings:PAOS','https://atlases.muni.cz/Shibboleth.sso/SAML2/ECP','false'),(761,'resource','AssertionConsumerService','urn:oasis:names:tc:SAML:2.0:bindings:HTTP-Artifact','https://atlases.muni.cz/Shibboleth.sso/SAML2/Artifact','false'),(761,'resource','AssertionConsumerService','urn:oasis:names:tc:SAML:1.0:profiles:browser-post','https://atlases.muni.cz/Shibboleth.sso/SAML/POST','false'),(761,'resource','AssertionConsumerService','urn:oasis:names:tc:SAML:1.0:profiles:artifact-01','https://atlases.muni.cz/Shibboleth.sso/SAML/Artifact','false'),(761,'resource','ManageNameIDService','urn:oasis:names:tc:SAML:2.0:bindings:SOAP','https://atlases.muni.cz/Shibboleth.sso/NIM/SOAP','false'),(761,'resource','ManageNameIDService','urn:oasis:names:tc:SAML:2.0:bindings:HTTP-Redirect','https://atlases.muni.cz/Shibboleth.sso/NIM/Redirect','false'),(138,'aa','AttributeService','urn:oasis:names:tc:SAML:2.0:bindings:SOAP','http://esoepoc.smart.uts.edu.au/ws/services/esoe/attributeAuthority','false'),(138,'sso','SingleSignOnService','urn:oasis:names:tc:SAML:2.0:bindings:HTTP-POST','http://esoepoc.smart.uts.edu.au/sso','false'),(139,'ars','ArtifactResolutionService','urn:oasis:names:tc:SAML:1.0:bindings:SOAP-binding','https://aaf-idp.ecu.edu.au:8443/idp/profile/SAML1/SOAP/ArtifactResolution','false'),(140,'aa','AttributeService','urn:oasis:names:tc:SAML:1.0:bindings:SOAP-binding','https://idp2.test.uq.edu.au/simplesaml/shib13/idp/SSOService.php','false'),(140,'sso','SingleSignOnService','urn:oasis:names:tc:SAML:2.0:bindings:HTTP-Redirect','https://idp2.test.uq.edu.au/simplesaml/saml2/idp/SSOService.php','false'),(681,'resource','AssertionConsumerService','urn:oasis:names:tc:SAML:1.0:profiles:artifact-01','http://esoepoc.smart.uts.edu.au/Shibboleth.sso/SAML/Artifact','false'),(681,'resource','ManageNameIDService','urn:oasis:names:tc:SAML:2.0:bindings:SOAP','http://esoepoc.smart.uts.edu.au/Shibboleth.sso/NIM/SOAP','false'),(681,'resource','ManageNameIDService','urn:oasis:names:tc:SAML:2.0:bindings:HTTP-Redirect','http://esoepoc.smart.uts.edu.au/Shibboleth.sso/NIM/Redirect','false'),(681,'resource','ManageNameIDService','urn:oasis:names:tc:SAML:2.0:bindings:HTTP-POST','http://esoepoc.smart.uts.edu.au/Shibboleth.sso/NIM/POST','false'),(681,'resource','ManageNameIDService','urn:oasis:names:tc:SAML:2.0:bindings:HTTP-Artifact','http://esoepoc.smart.uts.edu.au/Shibboleth.sso/NIM/Artifact','false'),(681,'resource','SingleLogoutService','urn:oasis:names:tc:SAML:2.0:bindings:HTTP-Redirect','http://esoepoc.smart.uts.edu.au/Shibboleth.sso/SLO/Redirect','false'),(681,'resource','SingleLogoutService','urn:oasis:names:tc:SAML:2.0:bindings:HTTP-POST','http://esoepoc.smart.uts.edu.au/Shibboleth.sso/SLO/POST','false'),(681,'resource','SingleLogoutService','urn:oasis:names:tc:SAML:2.0:bindings:HTTP-Artifact','http://esoepoc.smart.uts.edu.au/Shibboleth.sso/SLO/Artifact','false'),(681,'resource','AssertionConsumerService','urn:oasis:names:tc:SAML:2.0:bindings:HTTP-POST-SimpleSign','http://esoepoc.smart.uts.edu.au/Shibboleth.sso/SAML2/POST-SimpleSign','false'),(681,'resource','AssertionConsumerService','urn:oasis:names:tc:SAML:2.0:bindings:HTTP-POST','http://esoepoc.smart.uts.edu.au/Shibboleth.sso/SAML2/POST','false'),(681,'resource','DiscoveryResponse','DiscoveryResponse','http://esoepoc.smart.uts.edu.au/Shibboleth.sso/DS','false'),(681,'resource','Status','Status','http://esoepoc.smart.uts.edu.au/Shibboleth.sso/Status','false'),(681,'resource','SingleLogoutService','urn:oasis:names:tc:SAML:2.0:bindings:SOAP','http://esoepoc.smart.uts.edu.au/Shibboleth.sso/SLO/SOAP','false'),(681,'resource','AssertionConsumerService','urn:oasis:names:tc:SAML:1.0:profiles:browser-post','http://esoepoc.smart.uts.edu.au/Shibboleth.sso/SAML/POST','true'),(681,'resource','AssertionConsumerService','urn:oasis:names:tc:SAML:2.0:bindings:HTTP-Artifact','http://esoepoc.smart.uts.edu.au/Shibboleth.sso/SAML2/Artifact','false'),(681,'resource','AssertionConsumerService','urn:oasis:names:tc:SAML:2.0:bindings:PAOS','http://esoepoc.smart.uts.edu.au/Shibboleth.sso/SAML2/ECP','false'),(674,'resource','SingleLogoutService','urn:oasis:names:tc:SAML:2.0:bindings:HTTP-Artifact','https://wiki.unisa.edu.au/Shibboleth.sso/SLO/Artifact','false'),(674,'resource','AssertionConsumerService','urn:oasis:names:tc:SAML:2.0:bindings:HTTP-POST-SimpleSign','https://wiki.unisa.edu.au/Shibboleth.sso/SAML2/POST-SimpleSign','false'),(674,'resource','AssertionConsumerService','urn:oasis:names:tc:SAML:2.0:bindings:HTTP-POST','https://wiki.unisa.edu.au/Shibboleth.sso/SAML2/POST','false'),(674,'resource','AssertionConsumerService','urn:oasis:names:tc:SAML:2.0:bindings:PAOS','https://wiki.unisa.edu.au/Shibboleth.sso/SAML2/ECP','false'),(674,'resource','AssertionConsumerService','urn:oasis:names:tc:SAML:2.0:bindings:HTTP-Artifact','https://wiki.unisa.edu.au/Shibboleth.sso/SAML2/Artifact','false'),(674,'resource','AssertionConsumerService','urn:oasis:names:tc:SAML:1.0:profiles:browser-post','https://wiki.unisa.edu.au/Shibboleth.sso/SAML/POST','true'),(674,'resource','AssertionConsumerService','urn:oasis:names:tc:SAML:1.0:profiles:artifact-01','https://wiki.unisa.edu.au/Shibboleth.sso/SAML/Artifact','false'),(674,'resource','ManageNameIDService','urn:oasis:names:tc:SAML:2.0:bindings:SOAP','https://wiki.unisa.edu.au/Shibboleth.sso/NIM/SOAP','false'),(674,'resource','ManageNameIDService','urn:oasis:names:tc:SAML:2.0:bindings:HTTP-Redirect','https://wiki.unisa.edu.au/Shibboleth.sso/NIM/Redirect','false'),(674,'resource','ManageNameIDService','urn:oasis:names:tc:SAML:2.0:bindings:HTTP-POST','https://wiki.unisa.edu.au/Shibboleth.sso/NIM/POST','false'),(674,'resource','ManageNameIDService','urn:oasis:names:tc:SAML:2.0:bindings:HTTP-Artifact','https://wiki.unisa.edu.au/Shibboleth.sso/NIM/Artifact','false'),(674,'resource','DiscoveryResponse','DiscoveryResponse','https://wiki.unisa.edu.au/Shibboleth.sso/DS','false'),(674,'resource','SingleLogoutService','urn:oasis:names:tc:SAML:2.0:bindings:HTTP-POST','https://wiki.unisa.edu.au/Shibboleth.sso/SLO/POST','false'),(674,'resource','SingleLogoutService','urn:oasis:names:tc:SAML:2.0:bindings:HTTP-Redirect','https://wiki.unisa.edu.au/Shibboleth.sso/SLO/Redirect','false'),(674,'resource','SingleLogoutService','urn:oasis:names:tc:SAML:2.0:bindings:SOAP','https://wiki.unisa.edu.au/Shibboleth.sso/SLO/SOAP','false'),(674,'resource','Status','Status','https://wiki.unisa.edu.au/Shibboleth.sso/Status','false'),(141,'sso','SingleSignOnService','urn:mace:shibboleth:1.0:profiles:AuthnRequest','https://test-idp.ramp.org.au/idp/profile/Shibboleth/SSO','false'),(141,'aa','AttributeService','urn:oasis:names:tc:SAML:1.0:bindings:SOAP-binding','https://test-idp.ramp.org.au:8443/idp/profile/SAML1/SOAP/AttributeQuery','false'),(670,'resource','ManageNameIDService','urn:oasis:names:tc:SAML:2.0:bindings:SOAP','https://vho.test.aaf.edu.au/Shibboleth.sso/NIM/SOAP','false'),(140,'sso','SingleSignOnService','urn:mace:shibboleth:1.0:profiles:AuthnRequest','https://idp2.test.uq.edu.au/simplesaml/shib13/idp/SSOService.php','false'),(761,'resource','ManageNameIDService','urn:oasis:names:tc:SAML:2.0:bindings:HTTP-POST','https://atlases.muni.cz/Shibboleth.sso/NIM/POST','false'),(761,'resource','ManageNameIDService','urn:oasis:names:tc:SAML:2.0:bindings:HTTP-Artifact','https://atlases.muni.cz/Shibboleth.sso/NIM/Artifact','false'),(761,'resource','DiscoveryResponse','DiscoveryResponse','https://atlases.muni.cz/Shibboleth.sso/DS','false'),(139,'aa','AttributeService','urn:oasis:names:tc:SAML:2.0:bindings:SOAP','https://aaf-idp.ecu.edu.au:8443/idp/profile/SAML2/SOAP/AttributeQuery','false'),(139,'aa','AttributeService','urn:oasis:names:tc:SAML:1.0:bindings:SOAP-binding','https://aaf-idp.ecu.edu.au:8443/idp/profile/SAML1/SOAP/AttributeQuery','false'),(139,'sso','SingleSignOnService','urn:oasis:names:tc:SAML:2.0:bindings:HTTP-Redirect','https://aaf-idp.ecu.edu.au/idp/profile/SAML2/Redirect/SSO','false'),(139,'sso','SingleSignOnService','urn:oasis:names:tc:SAML:2.0:bindings:HTTP-POST-SimpleSign','https://aaf-idp.ecu.edu.au/idp/profile/SAML2/POST-SimpleSign/SSO','false'),(139,'sso','SingleSignOnService','urn:oasis:names:tc:SAML:2.0:bindings:HTTP-POST','https://aaf-idp.ecu.edu.au/idp/profile/SAML2/POST/SSO','false'),(139,'sso','SingleSignOnService','urn:mace:shibboleth:1.0:profiles:AuthnRequest','https://aaf-idp.ecu.edu.au/idp/profile/Shibboleth/SSO','false'),(139,'ars','ArtifactResolutionService','urn:oasis:names:tc:SAML:2.0:bindings:SOAP','https://aaf-idp.ecu.edu.au:8443/idp/profile/SAML2/SOAP/ArtifactResolution','false'),(139,'status','Status','Status','https://aaf-idp.ecu.edu.au/idp/profile/Status','false'),(683,'resource','AssertionConsumerService','urn:oasis:names:tc:SAML:1.0:profiles:browser-post','https://sp1.test.uq.edu.au/simplesaml/shib13/sp/AssertionConsumerService.php','true'),(683,'resource','SingleLogoutService','urn:oasis:names:tc:SAML:2.0:bindings:HTTP-Redirect','https://sp1.test.uq.edu.au/simplesaml/saml2/sp/SingleLogoutService.php','false'),(683,'resource','AssertionConsumerService','urn:oasis:names:tc:SAML:2.0:bindings:HTTP-POST','https://sp1.test.uq.edu.au/simplesaml/saml2/sp/AssertionConsumerService.php','false'),(685,'resource','AssertionConsumerService','urn:oasis:names:tc:SAML:2.0:bindings:PAOS','https://esoe-tst.qut.edu.au/Shibboleth.sso/SAML2/ECP','false'),(685,'resource','AssertionConsumerService','urn:oasis:names:tc:SAML:2.0:bindings:HTTP-Artifact','https://esoe-tst.qut.edu.au/Shibboleth.sso/SAML2/Artifact','false'),(685,'resource','AssertionConsumerService','urn:oasis:names:tc:SAML:1.0:profiles:browser-post','https://esoe-tst.qut.edu.au/Shibboleth.sso/SAML/POST','true'),(685,'resource','AssertionConsumerService','urn:oasis:names:tc:SAML:1.0:profiles:artifact-01','https://esoe-tst.qut.edu.au/Shibboleth.sso/SAML/Artifact','false'),(685,'resource','ManageNameIDService','urn:oasis:names:tc:SAML:2.0:bindings:SOAP','https://esoe-tst.qut.edu.au/Shibboleth.sso/NIM/SOAP','false'),(685,'resource','ManageNameIDService','urn:oasis:names:tc:SAML:2.0:bindings:HTTP-Redirect','https://esoe-tst.qut.edu.au/Shibboleth.sso/NIM/Redirect','false'),(685,'resource','ManageNameIDService','urn:oasis:names:tc:SAML:2.0:bindings:HTTP-POST','https://esoe-tst.qut.edu.au/Shibboleth.sso/NIM/POST','false'),(685,'resource','ManageNameIDService','urn:oasis:names:tc:SAML:2.0:bindings:HTTP-Artifact','https://esoe-tst.qut.edu.au/Shibboleth.sso/NIM/Artifact','false'),(685,'resource','DiscoveryResponse','DiscoveryResponse','https://esoe-tst.qut.edu.au/Shibboleth.sso/DS','false'),(687,'resource','AssertionConsumerService','urn:oasis:names:tc:SAML:2.0:bindings:HTTP-Artifact','https://starflower.qut.edu.au/Shibboleth.sso/SAML2/Artifact','false'),(687,'resource','AssertionConsumerService','urn:oasis:names:tc:SAML:1.0:profiles:browser-post','https://starflower.qut.edu.au/Shibboleth.sso/SAML/POST','true'),(687,'resource','AssertionConsumerService','urn:oasis:names:tc:SAML:1.0:profiles:artifact-01','https://starflower.qut.edu.au/Shibboleth.sso/SAML/Artifact','false'),(687,'resource','ManageNameIDService','urn:oasis:names:tc:SAML:2.0:bindings:SOAP','https://starflower.qut.edu.au/Shibboleth.sso/NIM/SOAP','false'),(687,'resource','ManageNameIDService','urn:oasis:names:tc:SAML:2.0:bindings:HTTP-Redirect','https://starflower.qut.edu.au/Shibboleth.sso/NIM/Redirect','false'),(687,'resource','ManageNameIDService','urn:oasis:names:tc:SAML:2.0:bindings:HTTP-POST','https://starflower.qut.edu.au/Shibboleth.sso/NIM/POST','false'),(687,'resource','ManageNameIDService','urn:oasis:names:tc:SAML:2.0:bindings:HTTP-Artifact','https://starflower.qut.edu.au/Shibboleth.sso/NIM/Artifact','false'),(687,'resource','DiscoveryResponse','DiscoveryResponse','https://starflower.qut.edu.au/Shibboleth.sso/DS','false'),(200,'sso','SingleSignOnService','urn:mace:shibboleth:1.0:profiles:AuthnRequest','https://aafidp2x.aaf.edu.au/idp/Shibboleth/SSO','false'),(142,'sso','SingleSignOnService','urn:mace:shibboleth:1.0:profiles:AuthnRequest','https://chive.qut.edu.au/idp/profile/Shibboleth/SSO','false'),(142,'sso','SingleSignOnService','urn:oasis:names:tc:SAML:2.0:bindings:HTTP-POST','https://chive.qut.edu.au/idp/profile/SAML2/POST/SSO','false'),(142,'sso','SingleSignOnService','urn:oasis:names:tc:SAML:2.0:bindings:HTTP-POST-SimpleSign','https://chive.qut.edu.au/idp/profile/SAML2/POST-SimpleSign/SSO','false'),(142,'sso','SingleSignOnService','urn:oasis:names:tc:SAML:2.0:bindings:HTTP-Redirect','https://chive.qut.edu.au/idp/profile/SAML2/Redirect/SSO','false'),(142,'aa','AttributeService','urn:oasis:names:tc:SAML:1.0:bindings:SOAP-binding','https://chive.qut.edu.au:8443/idp/profile/SAML1/SOAP/AttributeQuery','false'),(142,'aa','AttributeService','urn:oasis:names:tc:SAML:2.0:bindings:SOAP','https://chive.qut.edu.au:8443/idp/profile/SAML2/SOAP/AttributeQuery','false'),(142,'ars','ArtifactResolutionService','urn:oasis:names:tc:SAML:1.0:bindings:SOAP-binding','https://chive.qut.edu.au:8443/idp/profile/SAML1/SOAP/ArtifactResolution','false'),(142,'ars','ArtifactResolutionService','urn:oasis:names:tc:SAML:2.0:bindings:SOAP','https://chive.qut.edu.au:8443/idp/profile/SAML2/SOAP/ArtifactResolution','false'),(142,'status','Status','Status','https://chive.qut.edu.au/idp/profile/Status','false'),(143,'ars','ArtifactResolutionService','urn:oasis:names:tc:SAML:1.0:bindings:SOAP-binding','https://manager.test.aaf.edu.au:8443/idp/profile/SAML1/SOAP/ArtifactResolution','false'),(143,'aa','AttributeService','urn:oasis:names:tc:SAML:2.0:bindings:SOAP','https://manager.test.aaf.edu.au:8443/idp/profile/SAML2/SOAP/AttributeQuery','false'),(143,'aa','AttributeService','urn:oasis:names:tc:SAML:1.0:bindings:SOAP-binding','https://manager.test.aaf.edu.au:8443/idp/profile/SAML1/SOAP/AttributeQuery','false'),(143,'sso','SingleSignOnService','urn:oasis:names:tc:SAML:2.0:bindings:HTTP-Redirect','https://manager.test.aaf.edu.au/idp/profile/SAML2/Redirect/SSO','false'),(143,'sso','SingleSignOnService','urn:oasis:names:tc:SAML:2.0:bindings:HTTP-POST-SimpleSign','https://manager.test.aaf.edu.au/idp/profile/SAML2/POST-SimpleSign/SSO','false'),(143,'sso','SingleSignOnService','urn:oasis:names:tc:SAML:2.0:bindings:HTTP-POST','https://manager.test.aaf.edu.au/idp/profile/SAML2/POST/SSO','false'),(143,'sso','SingleSignOnService','urn:mace:shibboleth:1.0:profiles:AuthnRequest','https://manager.test.aaf.edu.au/idp/profile/Shibboleth/SSO','false'),(143,'ars','ArtifactResolutionService','urn:oasis:names:tc:SAML:2.0:bindings:SOAP','https://manager.test.aaf.edu.au:8443/idp/profile/SAML2/SOAP/ArtifactResolution','false'),(143,'status','Status','Status','https://manager.test.aaf.edu.au/idp/profile/Status','false'),(689,'resource','ManageNameIDService','urn:oasis:names:tc:SAML:2.0:bindings:SOAP','https://wiki.caudit.edu.au/Shibboleth.sso/NIM/SOAP','false'),(689,'resource','AssertionConsumerService','urn:oasis:names:tc:SAML:1.0:profiles:artifact-01','https://wiki.caudit.edu.au/Shibboleth.sso/SAML/Artifact','false'),(689,'resource','AssertionConsumerService','urn:oasis:names:tc:SAML:1.0:profiles:browser-post','https://wiki.caudit.edu.au/Shibboleth.sso/SAML/POST','false'),(689,'resource','AssertionConsumerService','urn:oasis:names:tc:SAML:2.0:bindings:HTTP-Artifact','https://wiki.caudit.edu.au/Shibboleth.sso/SAML2/Artifact','false'),(689,'resource','AssertionConsumerService','urn:oasis:names:tc:SAML:2.0:bindings:PAOS','https://wiki.caudit.edu.au/Shibboleth.sso/SAML2/ECP','false'),(689,'resource','AssertionConsumerService','urn:oasis:names:tc:SAML:2.0:bindings:HTTP-POST','https://wiki.caudit.edu.au/Shibboleth.sso/SAML2/POST','false'),(689,'resource','AssertionConsumerService','urn:oasis:names:tc:SAML:2.0:bindings:HTTP-POST-SimpleSign','https://wiki.caudit.edu.au/Shibboleth.sso/SAML2/POST-SimpleSign','false'),(689,'resource','SingleLogoutService','urn:oasis:names:tc:SAML:2.0:bindings:HTTP-Artifact','https://wiki.caudit.edu.au/Shibboleth.sso/SLO/Artifact','false'),(689,'resource','SingleLogoutService','urn:oasis:names:tc:SAML:2.0:bindings:HTTP-POST','https://wiki.caudit.edu.au/Shibboleth.sso/SLO/POST','false'),(687,'resource','AssertionConsumerService','urn:oasis:names:tc:SAML:2.0:bindings:PAOS','https://starflower.qut.edu.au/Shibboleth.sso/SAML2/ECP','false'),(144,'ars','ArtifactResolutionService','urn:oasis:names:tc:SAML:1.0:bindings:SOAP-binding','https://vho.test.aaf.edu.au:8443/idp/profile/SAML1/SOAP/ArtifactResolution   ','false'),(144,'aa','AttributeService','urn:oasis:names:tc:SAML:2.0:bindings:SOAP','https://vho.test.aaf.edu.au:8443/idp/profile/SAML2/SOAP/AttributeQuery   ','false'),(144,'sso','SingleSignOnService','urn:oasis:names:tc:SAML:2.0:bindings:HTTP-Redirect','https://vho.test.aaf.edu.au/idp/profile/SAML2/Redirect/SSO   ','false'),(144,'sso','SingleSignOnService','urn:oasis:names:tc:SAML:2.0:bindings:HTTP-POST-SimpleSign','https://vho.test.aaf.edu.au/idp/profile/SAML2/POST-SimpleSign/SSO   ','false'),(145,'sso','SingleSignOnService','urn:mace:shibboleth:1.0:profiles:AuthnRequest','https://idp.arcs.org.au/idp/profile/Shibboleth/SSO','false'),(145,'aa','AttributeService','urn:oasis:names:tc:SAML:1.0:bindings:SOAP-binding','https://idp.arcs.org.au:8443/idp/profile/SAML1/SOAP/AttributeQuery','false'),(146,'sso','SingleSignOnService','urn:mace:shibboleth:1.0:profiles:AuthnRequest','https://starflower.qut.edu.au/shibboleth-idp/SSO','false'),(146,'aa','AttributeService','urn:oasis:names:tc:SAML:1.0:bindings:SOAP-binding','https://startflower.qut.edu.au:8443/shibboleth-idp/AA','false'),(147,'sso','SingleSignOnService','urn:mace:shibboleth:1.0:profiles:AuthnRequest','https://starflower.qut.edu.au/shibboleth-idp/SSO','false'),(147,'aa','AttributeService','urn:oasis:names:tc:SAML:1.0:bindings:SOAP-binding','https://starflower.qut.edu.au/shibboleth-idp/AA','false'),(148,'aa','AttributeService','urn:oasis:names:tc:SAML:1.0:bindings:SOAP-binding','https://starflower.qut.edu.au:8443/shibboleth-idp/AA','false'),(148,'sso','SingleSignOnService','urn:mace:shibboleth:1.0:profiles:AuthnRequest','https://starflower.qut.edu.au/shibboleth-idp/SSO','false'),(149,'sso','SingleSignOnService','urn:mace:shibboleth:1.0:profiles:AuthnRequest','https://auth86.ac3.edu.au/idp/profile/Shibboleth/SSO','false'),(149,'aa','AttributeService','urn:oasis:names:tc:SAML:1.0:bindings:SOAP-binding','https://auth86.ac3.edu.au:8443/idp/profile/SAML1/SOAP/AttributeQuery','false'),(689,'resource','ManageNameIDService','urn:oasis:names:tc:SAML:2.0:bindings:HTTP-Redirect','https://wiki.caudit.edu.au/Shibboleth.sso/NIM/Redirect','false'),(689,'resource','ManageNameIDService','urn:oasis:names:tc:SAML:2.0:bindings:HTTP-POST','https://wiki.caudit.edu.au/Shibboleth.sso/NIM/POST','false'),(689,'resource','ManageNameIDService','urn:oasis:names:tc:SAML:2.0:bindings:HTTP-Artifact','https://wiki.caudit.edu.au/Shibboleth.sso/NIM/Artifact','false'),(150,'sso','SingleSignOnService','urn:mace:shibboleth:1.0:profiles:AuthnRequest','https://curry.qut.edu.au/shibboleth-idp/SSO','false'),(150,'aa','AttributeService','urn:oasis:names:tc:SAML:1.0:bindings:SOAP-binding','https://curry.qut.edu.au:8443/shibboleth-idp/AA','false'),(151,'sso','SingleSignOnService','urn:oasis:names:tc:SAML:2.0:bindings:HTTP-POST','https://curry.qut.edu.au/idp/profile/SAML2/POST/SSO','false'),(151,'sso','SingleSignOnService','urn:mace:shibboleth:1.0:profiles:AuthnRequest','https://curry.qut.edu.au/idp/profile/Shibboleth/SSO','false'),(151,'sso','SingleSignOnService','urn:oasis:names:tc:SAML:2.0:bindings:HTTP-POST-SimpleSign','https://curry.qut.edu.au/idp/profile/SAML2/POST-SimpleSign/SSO','false'),(151,'sso','SingleSignOnService','urn:oasis:names:tc:SAML:2.0:bindings:HTTP-Redirect','https://curry.qut.edu.au/idp/profile/SAML2/Redirect/SSO','false'),(151,'aa','AttributeService','urn:oasis:names:tc:SAML:1.0:bindings:SOAP-binding','https://curry.qut.edu.au:8443/idp/profile/SAML1/SOAP/AttributeQuery','false'),(151,'aa','AttributeService','urn:oasis:names:tc:SAML:2.0:bindings:SOAP','https://curry.qut.edu.au:8443/idp/profile/SAML2/SOAP/AttributeQuery','false'),(151,'ars','ArtifactResolutionService','urn:oasis:names:tc:SAML:1.0:bindings:SOAP-binding','https://curry.qut.edu.au:8443/idp/profile/SAML1/SOAP/ArtifactResolution','false'),(151,'ars','ArtifactResolutionService','urn:oasis:names:tc:SAML:2.0:bindings:SOAP','https://curry.qut.edu.au:8443/idp/profile/SAML2/SOAP/ArtifactResolution','false'),(151,'status','Status','Status','https://curry.qut.edu.au/idp/profile/Status','false'),(162,'ars','ArtifactResolutionService','urn:oasis:names:tc:SAML:2.0:bindings:SOAP','https://idp-test.versi.edu.au:8443/idp/profile/SAML2/SOAP/ArtifactResolution\r\n','false'),(693,'resource','AssertionConsumerService','urn:oasis:names:tc:SAML:1.0:profiles:browser-post','https://chive.qut.edu.au/Shibboleth.sso/SAML/POST','true'),(695,'resource','AssertionConsumerService','urn:oasis:names:tc:SAML:1.0:profiles:browser-post','https://chive.qut.edu.au/Shibboleth.sso/SAML/POST','true'),(697,'resource','AssertionConsumerService','urn:oasis:names:tc:SAML:1.0:profiles:browser-post','https://starflower.qut.edu.au/Shibboleth.sso/SAML/POST','true'),(697,'resource','Status','Status','https://starflower.qut.edu.au/Shibboleth.sso/Status','false'),(0,'sso','SingleSignOnService','urn:mace:shibboleth:1.0:profiles:AuthnRequest','https://chive.qut.edu.au/idp/profile/Shibboleth/SSO','false'),(0,'aa','AttributeService','urn:oasis:names:tc:SAML:1.0:bindings:SOAP-binding','https://chive.qut.edu.au:8443/idp/profile/SAML1/SOAP/AttributeQuery','false'),(153,'sso','SingleSignOnService','urn:mace:shibboleth:1.0:profiles:AuthnRequest','https://test5.qut.edu.au/idp/profile/Shibboleth/SSO','false'),(153,'aa','AttributeService','urn:oasis:names:tc:SAML:1.0:bindings:SOAP-binding','https://test5.qut.edu.au:8443/idp/profile/SAML1/SOAP/AttributeQuery','false'),(188,'ars','ArtifactResolutionService','urn:oasis:names:tc:SAML:2.0:bindings:SOAP','https://idp-prod.uq.edu.au:8443/idp/profile/SAML2/SOAP/ArtifactResolution','false'),(689,'resource','DiscoveryResponse','DiscoveryResponse','https://wiki.caudit.edu.au/Shibboleth.sso/DS','false'),(155,'sso','SingleSignOnService','urn:oasis:names:tc:SAML:2.0:bindings:HTTP-POST','https://idp20test.canterbury.ac.nz/idp/profile/SAML2/POST/SSO','false'),(155,'sso','SingleSignOnService','urn:mace:shibboleth:1.0:profiles:AuthnRequest','https://idp20test.canterbury.ac.nz/idp/profile/Shibboleth/SSO','false'),(156,'sso','SingleSignOnService','urn:mace:shibboleth:1.0:profiles:AuthnRequest','https://arcs.ramp.org/shibboleth-idp/SSO','false'),(156,'aa','AttributeService','urn:oasis:names:tc:SAML:1.0:bindings:SOAP-binding','https://arcs.ramp.org:8443/shibboleth-idp/AA','false'),(157,'sso','SingleSignOnService','urn:mace:shibboleth:1.0:profiles:AuthnRequest','https://arcs.ramp.org.au/shibboleth-idp/SSO','false'),(157,'aa','AttributeService','urn:oasis:names:tc:SAML:1.0:bindings:SOAP-binding','https://arcs.ramp.org.au:8443/shibboleth-idp/AA','false'),(173,'ars','ArtifactResolutionService','urn:oasis:names:tc:SAML:2.0:bindings:SOAP','https://idp2.uq.edu.au:8443/idp/profile/SAML2/SOAP/ArtifactResolution','false'),(159,'ars','ArtifactResolutionService','urn:oasis:names:tc:SAML:1.0:bindings:SOAP-binding','https://aaf-test1-idp.its.utas.edu.au:8443/idp/profile/SAML1/SOAP/ArtifactResolution ','false'),(155,'sso','SingleSignOnService','urn:oasis:names:tc:SAML:2.0:bindings:HTTP-POST-SimpleSign','https://idp20test.canterbury.ac.nz/idp/profile/SAML2/POST-SimpleSign/SSO','false'),(155,'sso','SingleSignOnService','urn:oasis:names:tc:SAML:2.0:bindings:HTTP-Redirect','https://idp20test.canterbury.ac.nz/idp/profile/SAML2/Redirect/SSO','false'),(155,'aa','AttributeService','urn:oasis:names:tc:SAML:1.0:bindings:SOAP-binding','https://idp20test.canterbury.ac.nz:8443/idp/profile/SAML1/SOAP/AttributeQuery','false'),(155,'aa','AttributeService','urn:oasis:names:tc:SAML:2.0:bindings:SOAP','https://idp20test.canterbury.ac.nz:8443/idp/profile/SAML2/SOAP/AttributeQuery','false'),(155,'ars','ArtifactResolutionService','urn:oasis:names:tc:SAML:1.0:bindings:SOAP-binding','https://idp20test.canterbury.ac.nz:8443/idp/profile/SAML1/SOAP/ArtifactResolution','false'),(155,'ars','ArtifactResolutionService','urn:oasis:names:tc:SAML:2.0:bindings:SOAP','https://idp20test.canterbury.ac.nz:8443/idp/profile/SAML2/SOAP/ArtifactResolution','false'),(155,'status','Status','Status','https://idp20test.canterbury.ac.nz/idp/profile/Status','false'),(159,'aa','AttributeService','urn:oasis:names:tc:SAML:2.0:bindings:SOAP','https://aaf-test1-idp.its.utas.edu.au:8443/idp/profile/SAML2/SOAP/AttributeQuery ','false'),(159,'aa','AttributeService','urn:oasis:names:tc:SAML:1.0:bindings:SOAP-binding','https://aaf-test1-idp.its.utas.edu.au:8443/idp/profile/SAML1/SOAP/AttributeQuery ','false'),(159,'sso','SingleSignOnService','urn:oasis:names:tc:SAML:2.0:bindings:HTTP-Redirect','https://aaf-test1-idp.its.utas.edu.au/idp/profile/SAML2/Redirect/SSO ','false'),(159,'sso','SingleSignOnService','urn:oasis:names:tc:SAML:2.0:bindings:HTTP-POST-SimpleSign','https://aaf-test1-idp.its.utas.edu.au/idp/profile/SAML2/POST-SimpleSign/SSO ','false'),(159,'sso','SingleSignOnService','urn:oasis:names:tc:SAML:2.0:bindings:HTTP-POST','https://aaf-test1-idp.its.utas.edu.au/idp/profile/SAML2/POST/SSO ','false'),(159,'sso','SingleSignOnService','urn:mace:shibboleth:1.0:profiles:AuthnRequest','https://aaf-test1-idp.its.utas.edu.au/idp/profile/Shibboleth/SSO ','false'),(160,'sso','SingleSignOnService','urn:mace:shibboleth:1.0:profiles:AuthnRequest','https://mams.melcoe.mq.edu.au/shibboleth-idp/SSO','false'),(160,'aa','AttributeService','urn:oasis:names:tc:SAML:1.0:bindings:SOAP-binding','https://mams.melcoe.mq.edu.au:8443/shibboleth-idp/AA','false'),(162,'ars','ArtifactResolutionService','urn:oasis:names:tc:SAML:1.0:bindings:SOAP-binding','https://idp-test.versi.edu.au:8443/idp/profile/SAML1/SOAP/ArtifactResolution\r\n','false'),(164,'sso','SingleSignOnService','urn:mace:shibboleth:1.0:profiles:AuthnRequest','https://shib3.its.monash.edu.au/idp/profile/Shibboleth/SSO','false'),(164,'aa','AttributeService','urn:oasis:names:tc:SAML:1.0:bindings:SOAP-binding','https://shib3.its.monash.edu.au:8443/idp/profile/SAML1/SOAP/AttributeQuery','false'),(167,'ars','ArtifactResolutionService','urn:oasis:names:tc:SAML:1.0:bindings:SOAP-binding','https://coneflower.qut.edu.au:8443/idp/profile/SAML1/SOAP/ArtifactResolution','false'),(162,'aa','AttributeService','urn:oasis:names:tc:SAML:2.0:bindings:SOAP','https://idp-test.versi.edu.au:8443/idp/profile/SAML2/SOAP/AttributeQuery\r\n','false'),(162,'aa','AttributeService','urn:oasis:names:tc:SAML:1.0:bindings:SOAP-binding','https://idp-test.versi.edu.au:8443/idp/profile/SAML1/SOAP/AttributeQuery\r\n','false'),(162,'sso','SingleSignOnService','urn:oasis:names:tc:SAML:2.0:bindings:HTTP-Redirect','https://idp-test.versi.edu.au/idp/profile/SAML2/Redirect/SSO\r\n','false'),(162,'sso','SingleSignOnService','urn:oasis:names:tc:SAML:2.0:bindings:HTTP-POST-SimpleSign','https://idp-test.versi.edu.au/idp/profile/SAML2/POST-SimpleSign/SSO\r\n','false'),(162,'sso','SingleSignOnService','urn:oasis:names:tc:SAML:2.0:bindings:HTTP-POST','https://idp-test.versi.edu.au/idp/profile/SAML2/POST/SSO\r\n','false'),(162,'sso','SingleSignOnService','urn:mace:shibboleth:1.0:profiles:AuthnRequest','https://idp-test.versi.edu.au/idp/profile/Shibboleth/SSO\r\n','false'),(167,'aa','AttributeService','urn:oasis:names:tc:SAML:2.0:bindings:SOAP','https://coneflower.qut.edu.au:8443/idp/profile/SAML2/SOAP/AttributeQuery','false'),(167,'aa','AttributeService','urn:oasis:names:tc:SAML:1.0:bindings:SOAP-binding','https://coneflower.qut.edu.au:8443/idp/profile/SAML1/SOAP/AttributeQuery','false'),(167,'sso','SingleSignOnService','urn:oasis:names:tc:SAML:2.0:bindings:HTTP-Redirect','https://coneflower.qut.edu.au/idp/profile/SAML2/Redirect/SSO','false'),(167,'sso','SingleSignOnService','urn:oasis:names:tc:SAML:2.0:bindings:HTTP-POST-SimpleSign','https://coneflower.qut.edu.au/idp/profile/SAML2/POST-SimpleSign/SSO','false'),(167,'sso','SingleSignOnService','urn:oasis:names:tc:SAML:2.0:bindings:HTTP-POST','https://coneflower.qut.edu.au/idp/profile/SAML2/POST/SSO','false'),(167,'sso','SingleSignOnService','urn:mace:shibboleth:1.0:profiles:AuthnRequest','https://coneflower.qut.edu.au/idp/profile/Shibboleth/SSO','false'),(707,'resource','DiscoveryResponse','DiscoveryResponse','https://sp-test.versi.edu.au/Shibboleth.sso/DS','false'),(707,'resource','ManageNameIDService','urn:oasis:names:tc:SAML:2.0:bindings:HTTP-Artifact','https://sp-test.versi.edu.au/Shibboleth.sso/NIM/Artifact','false'),(707,'resource','ManageNameIDService','urn:oasis:names:tc:SAML:2.0:bindings:HTTP-POST','https://sp-test.versi.edu.au/Shibboleth.sso/NIM/POST','false'),(707,'resource','ManageNameIDService','urn:oasis:names:tc:SAML:2.0:bindings:HTTP-Redirect','https://sp-test.versi.edu.au/Shibboleth.sso/NIM/Redirect','false'),(707,'resource','ManageNameIDService','urn:oasis:names:tc:SAML:2.0:bindings:SOAP','https://sp-test.versi.edu.au/Shibboleth.sso/NIM/SOAP','false'),(707,'resource','AssertionConsumerService','urn:oasis:names:tc:SAML:1.0:profiles:artifact-01','https://sp-test.versi.edu.au/Shibboleth.sso/SAML/Artifact','false'),(707,'resource','AssertionConsumerService','urn:oasis:names:tc:SAML:1.0:profiles:browser-post','https://sp-test.versi.edu.au/Shibboleth.sso/SAML/POST','true'),(707,'resource','AssertionConsumerService','urn:oasis:names:tc:SAML:2.0:bindings:HTTP-Artifact','https://sp-test.versi.edu.au/Shibboleth.sso/SAML2/Artifact','false'),(707,'resource','AssertionConsumerService','urn:oasis:names:tc:SAML:2.0:bindings:PAOS','https://sp-test.versi.edu.au/Shibboleth.sso/SAML2/ECP','false'),(707,'resource','AssertionConsumerService','urn:oasis:names:tc:SAML:2.0:bindings:HTTP-POST','https://sp-test.versi.edu.au/Shibboleth.sso/SAML2/POST','false'),(707,'resource','AssertionConsumerService','urn:oasis:names:tc:SAML:2.0:bindings:HTTP-POST-SimpleSign','https://sp-test.versi.edu.au/Shibboleth.sso/SAML2/POST-SimpleSign','false'),(707,'resource','SingleLogoutService','urn:oasis:names:tc:SAML:2.0:bindings:HTTP-Artifact','https://sp-test.versi.edu.au/Shibboleth.sso/SLO/Artifact','false'),(707,'resource','SingleLogoutService','urn:oasis:names:tc:SAML:2.0:bindings:HTTP-POST','https://sp-test.versi.edu.au/Shibboleth.sso/SLO/POST','false'),(707,'resource','SingleLogoutService','urn:oasis:names:tc:SAML:2.0:bindings:HTTP-Redirect','https://sp-test.versi.edu.au/Shibboleth.sso/SLO/Redirect','false'),(707,'resource','SingleLogoutService','urn:oasis:names:tc:SAML:2.0:bindings:SOAP','https://sp-test.versi.edu.au/Shibboleth.sso/SLO/SOAP','false'),(707,'resource','Status','Status','https://sp-test.versi.edu.au/Shibboleth.sso/Status','false'),(167,'ars','ArtifactResolutionService','urn:oasis:names:tc:SAML:2.0:bindings:SOAP','https://coneflower.qut.edu.au:8443/idp/profile/SAML2/SOAP/ArtifactResolution','false'),(167,'status','Status','Status','https://coneflower.qut.edu.au/idp/profile/Status','false'),(713,'resource','AssertionConsumerService','urn:oasis:names:tc:SAML:1.0:profiles:artifact-01','http://davis-vre.its.monash.edu.au/Shibboleth.sso/SAML/Artifact','false'),(713,'resource','AssertionConsumerService','urn:oasis:names:tc:SAML:1.0:profiles:browser-post','http://davis-vre.its.monash.edu.au/Shibboleth.sso/SAML/POST','false'),(713,'resource','AssertionConsumerService','urn:oasis:names:tc:SAML:2.0:bindings:HTTP-Artifact','http://davis-vre.its.monash.edu.au/Shibboleth.sso/SAML2/Artifact','false'),(713,'resource','AssertionConsumerService','urn:oasis:names:tc:SAML:2.0:bindings:PAOS','http://davis-vre.its.monash.edu.au/Shibboleth.sso/SAML2/ECP','false'),(713,'resource','AssertionConsumerService','urn:oasis:names:tc:SAML:2.0:bindings:HTTP-POST','http://davis-vre.its.monash.edu.au/Shibboleth.sso/SAML2/POST','false'),(713,'resource','AssertionConsumerService','urn:oasis:names:tc:SAML:2.0:bindings:HTTP-POST-SimpleSign','http://davis-vre.its.monash.edu.au/Shibboleth.sso/SAML2/POST-SimpleSign','false'),(713,'resource','DiscoveryResponse','DiscoveryResponse','https://davis-vre.its.monash.edu.au/Shibboleth.sso/DS','false'),(713,'resource','ManageNameIDService','urn:oasis:names:tc:SAML:2.0:bindings:HTTP-Artifact','https://davis-vre.its.monash.edu.au/Shibboleth.sso/NIM/Artifact','false'),(713,'resource','ManageNameIDService','urn:oasis:names:tc:SAML:2.0:bindings:HTTP-POST','https://davis-vre.its.monash.edu.au/Shibboleth.sso/NIM/POST','false'),(713,'resource','ManageNameIDService','urn:oasis:names:tc:SAML:2.0:bindings:HTTP-Redirect','https://davis-vre.its.monash.edu.au/Shibboleth.sso/NIM/Redirect','false'),(713,'resource','ManageNameIDService','urn:oasis:names:tc:SAML:2.0:bindings:SOAP','https://davis-vre.its.monash.edu.au/Shibboleth.sso/NIM/SOAP','false'),(713,'resource','AssertionConsumerService','urn:oasis:names:tc:SAML:1.0:profiles:artifact-01','https://davis-vre.its.monash.edu.au/Shibboleth.sso/SAML/Artifact','false'),(713,'resource','AssertionConsumerService','urn:oasis:names:tc:SAML:1.0:profiles:browser-post','https://davis-vre.its.monash.edu.au/Shibboleth.sso/SAML/POST','true'),(713,'resource','AssertionConsumerService','urn:oasis:names:tc:SAML:2.0:bindings:HTTP-Artifact','https://davis-vre.its.monash.edu.au/Shibboleth.sso/SAML2/Artifact','false'),(713,'resource','AssertionConsumerService','urn:oasis:names:tc:SAML:2.0:bindings:PAOS','https://davis-vre.its.monash.edu.au/Shibboleth.sso/SAML2/ECP','false'),(713,'resource','AssertionConsumerService','urn:oasis:names:tc:SAML:2.0:bindings:HTTP-POST','https://davis-vre.its.monash.edu.au/Shibboleth.sso/SAML2/POST','false'),(713,'resource','AssertionConsumerService','urn:oasis:names:tc:SAML:2.0:bindings:HTTP-POST-SimpleSign','https://davis-vre.its.monash.edu.au/Shibboleth.sso/SAML2/POST-SimpleSign','false'),(713,'resource','SingleLogoutService','urn:oasis:names:tc:SAML:2.0:bindings:HTTP-Artifact','https://davis-vre.its.monash.edu.au/Shibboleth.sso/SLO/Artifact','false'),(713,'resource','SingleLogoutService','urn:oasis:names:tc:SAML:2.0:bindings:HTTP-POST','https://davis-vre.its.monash.edu.au/Shibboleth.sso/SLO/POST','false'),(713,'resource','SingleLogoutService','urn:oasis:names:tc:SAML:2.0:bindings:HTTP-Redirect','https://davis-vre.its.monash.edu.au/Shibboleth.sso/SLO/Redirect','false'),(713,'resource','SingleLogoutService','urn:oasis:names:tc:SAML:2.0:bindings:SOAP','https://davis-vre.its.monash.edu.au/Shibboleth.sso/SLO/SOAP','false'),(713,'resource','Status','Status','https://davis-vre.its.monash.edu.au/Shibboleth.sso/Status','false'),(170,'aa','AttributeService','urn:oasis:names:tc:SAML:1.0:bindings:SOAP-binding','https://aafidp-dev.csiro.au:8443/idp/profile/SAML1/SOAP/AttributeQuery ','false'),(170,'sso','SingleSignOnService','urn:mace:shibboleth:1.0:profiles:AuthnRequest','https://aafidp-dev.csiro.au/idp/profile/Shibboleth/SSO ','false'),(701,'resource','DiscoveryResponse','DiscoveryResponse','https://www.bigpulse.com/Shibboleth.sso/DS','false'),(701,'resource','ManageNameIDService','urn:oasis:names:tc:SAML:2.0:bindings:HTTP-Artifact','https://www.bigpulse.com/Shibboleth.sso/NIM/Artifact','false'),(701,'resource','ManageNameIDService','urn:oasis:names:tc:SAML:2.0:bindings:HTTP-POST','https://www.bigpulse.com/Shibboleth.sso/NIM/POST','false'),(701,'resource','ManageNameIDService','urn:oasis:names:tc:SAML:2.0:bindings:HTTP-Redirect','https://www.bigpulse.com/Shibboleth.sso/NIM/Redirect','false'),(701,'resource','ManageNameIDService','urn:oasis:names:tc:SAML:2.0:bindings:SOAP','https://www.bigpulse.com/Shibboleth.sso/NIM/SOAP','false'),(701,'resource','AssertionConsumerService','urn:oasis:names:tc:SAML:1.0:profiles:artifact-01','https://www.bigpulse.com/Shibboleth.sso/SAML/Artifact','false'),(701,'resource','AssertionConsumerService','urn:oasis:names:tc:SAML:1.0:profiles:browser-post','https://www.bigpulse.com/Shibboleth.sso/SAML/POST','true'),(701,'resource','AssertionConsumerService','urn:oasis:names:tc:SAML:2.0:bindings:HTTP-Artifact','https://www.bigpulse.com/Shibboleth.sso/SAML2/Artifact','false'),(701,'resource','AssertionConsumerService','urn:oasis:names:tc:SAML:2.0:bindings:PAOS','https://www.bigpulse.com/Shibboleth.sso/SAML2/ECP','false'),(701,'resource','AssertionConsumerService','urn:oasis:names:tc:SAML:2.0:bindings:HTTP-POST','https://www.bigpulse.com/Shibboleth.sso/SAML2/POST','false'),(701,'resource','AssertionConsumerService','urn:oasis:names:tc:SAML:2.0:bindings:HTTP-POST-SimpleSign','https://www.bigpulse.com/Shibboleth.sso/SAML2/POST-SimpleSign','false'),(701,'resource','SingleLogoutService','urn:oasis:names:tc:SAML:2.0:bindings:HTTP-Artifact','https://www.bigpulse.com/Shibboleth.sso/SLO/Artifact','false'),(701,'resource','SingleLogoutService','urn:oasis:names:tc:SAML:2.0:bindings:HTTP-POST','https://www.bigpulse.com/Shibboleth.sso/SLO/POST','false'),(701,'resource','SingleLogoutService','urn:oasis:names:tc:SAML:2.0:bindings:HTTP-Redirect','https://www.bigpulse.com/Shibboleth.sso/SLO/Redirect','false'),(701,'resource','SingleLogoutService','urn:oasis:names:tc:SAML:2.0:bindings:SOAP','https://www.bigpulse.com/Shibboleth.sso/SLO/SOAP','false'),(701,'resource','Status','Status','https://www.bigpulse.com/Shibboleth.sso/Status','false'),(716,'resource','SingleLogoutService','urn:oasis:names:tc:SAML:2.0:bindings:HTTP-Artifact','https://slcstest.arcs.org.au/Shibboleth.sso/SLO/Artifact','false'),(716,'resource','AssertionConsumerService','urn:oasis:names:tc:SAML:2.0:bindings:HTTP-POST-SimpleSign','https://slcstest.arcs.org.au/Shibboleth.sso/SAML2/POST-SimpleSign','false'),(716,'resource','AssertionConsumerService','urn:oasis:names:tc:SAML:2.0:bindings:HTTP-POST','https://slcstest.arcs.org.au/Shibboleth.sso/SAML2/POST','false'),(716,'resource','AssertionConsumerService','urn:oasis:names:tc:SAML:2.0:bindings:PAOS','https://slcstest.arcs.org.au/Shibboleth.sso/SAML2/ECP','false'),(716,'resource','AssertionConsumerService','urn:oasis:names:tc:SAML:2.0:bindings:HTTP-Artifact','https://slcstest.arcs.org.au/Shibboleth.sso/SAML2/Artifact','false'),(716,'resource','AssertionConsumerService','urn:oasis:names:tc:SAML:1.0:profiles:browser-post','https://slcstest.arcs.org.au/Shibboleth.sso/SAML/POST','true'),(716,'resource','AssertionConsumerService','urn:oasis:names:tc:SAML:1.0:profiles:artifact-01','https://slcstest.arcs.org.au/Shibboleth.sso/SAML/Artifact','false'),(716,'resource','ManageNameIDService','urn:oasis:names:tc:SAML:2.0:bindings:SOAP','https://slcstest.arcs.org.au/Shibboleth.sso/NIM/SOAP','false'),(716,'resource','ManageNameIDService','urn:oasis:names:tc:SAML:2.0:bindings:HTTP-Redirect','https://slcstest.arcs.org.au/Shibboleth.sso/NIM/Redirect','false'),(716,'resource','ManageNameIDService','urn:oasis:names:tc:SAML:2.0:bindings:HTTP-POST','https://slcstest.arcs.org.au/Shibboleth.sso/NIM/POST','false'),(716,'resource','ManageNameIDService','urn:oasis:names:tc:SAML:2.0:bindings:HTTP-Artifact','https://slcstest.arcs.org.au/Shibboleth.sso/NIM/Artifact','false'),(716,'resource','DiscoveryResponse','DiscoveryResponse','https://slcstest.arcs.org.au/Shibboleth.sso/DS','false'),(716,'resource','SingleLogoutService','urn:oasis:names:tc:SAML:2.0:bindings:HTTP-POST','https://slcstest.arcs.org.au/Shibboleth.sso/SLO/POST','false'),(716,'resource','SingleLogoutService','urn:oasis:names:tc:SAML:2.0:bindings:HTTP-Redirect','https://slcstest.arcs.org.au/Shibboleth.sso/SLO/Redirect','false'),(716,'resource','SingleLogoutService','urn:oasis:names:tc:SAML:2.0:bindings:SOAP','https://slcstest.arcs.org.au/Shibboleth.sso/SLO/SOAP','false'),(716,'resource','Status','Status','https://slcstest.arcs.org.au/Shibboleth.sso/Status','false'),(697,'resource','AssertionConsumerService','urn:oasis:names:tc:SAML:1.0:profiles:artifact-01','https://starflower.qut.edu.au/Shibboleth.sso/SAML/Artifact','false'),(173,'ars','ArtifactResolutionService','urn:oasis:names:tc:SAML:1.0:bindings:SOAP-binding','https://idp2.uq.edu.au:8443/idp/profile/SAML1/SOAP/ArtifactResolution','false'),(173,'aa','AttributeService','urn:oasis:names:tc:SAML:2.0:bindings:SOAP','https://idp2.uq.edu.au:8443/idp/profile/SAML2/SOAP/AttributeQuery','false'),(173,'aa','AttributeService','urn:oasis:names:tc:SAML:1.0:bindings:SOAP-binding','https://idp2.uq.edu.au:8443/idp/profile/SAML1/SOAP/AttributeQuery','false'),(173,'sso','SingleSignOnService','urn:oasis:names:tc:SAML:2.0:bindings:HTTP-Redirect','https://idp2.uq.edu.au/idp/profile/SAML2/Redirect/SSO','false'),(173,'sso','SingleSignOnService','urn:oasis:names:tc:SAML:2.0:bindings:HTTP-POST-SimpleSign','https://idp2.uq.edu.au/idp/profile/SAML2/POST-SimpleSign/SSO','false'),(173,'sso','SingleSignOnService','urn:oasis:names:tc:SAML:2.0:bindings:HTTP-POST','https://idp2.uq.edu.au/idp/profile/SAML2/POST/SSO','false'),(173,'sso','SingleSignOnService','urn:mace:shibboleth:1.0:profiles:AuthnRequest','https://idp2.uq.edu.au/idp/profile/Shibboleth/SSO','false'),(176,'sso','SingleSignOnService','urn:mace:shibboleth:1.0:profiles:AuthnRequest','https://idp.uws.edu.au/shibboleth-idp/SSO','false'),(176,'aa','AttributeService','urn:oasis:names:tc:SAML:1.0:bindings:SOAP-binding','https://idp.uws.edu.au:8443/shibboleth-idp/AA','false'),(179,'sso','SingleSignOnService','urn:oasis:names:tc:SAML:2.0:bindings:HTTP-POST','https://idpt1.curtin.edu.au/idp/profile/SAML2/POST/SSO','false'),(179,'sso','SingleSignOnService','urn:mace:shibboleth:1.0:profiles:AuthnRequest','https://idpt1.curtin.edu.au/idp/profile/Shibboleth/SSO','false'),(722,'resource','AssertionConsumerService','urn:oasis:names:tc:SAML:1.0:profiles:artifact-01','https://collie.uws.edu.au/Shibboleth.sso/SAML/Artifact','false'),(722,'resource','AssertionConsumerService','urn:oasis:names:tc:SAML:1.0:profiles:browser-post','https://collie.uws.edu.au/Shibboleth.sso/SAML/POST','false'),(144,'sso','SingleSignOnService','urn:oasis:names:tc:SAML:2.0:bindings:HTTP-POST','https://vho.test.aaf.edu.au/idp/profile/SAML2/POST/SSO   ','false'),(144,'sso','SingleSignOnService','urn:mace:shibboleth:1.0:profiles:AuthnRequest','https://vho.test.aaf.edu.au/idp/profile/Shibboleth/SSO   ','false'),(179,'sso','SingleSignOnService','urn:oasis:names:tc:SAML:2.0:bindings:HTTP-POST-SimpleSign','https://idpt1.curtin.edu.au/idp/profile/SAML2/POST-SimpleSign/SSO','false'),(179,'sso','SingleSignOnService','urn:oasis:names:tc:SAML:2.0:bindings:HTTP-Redirect','https://idpt1.curtin.edu.au/idp/profile/SAML2/Redirect/SSO','false'),(179,'aa','AttributeService','urn:oasis:names:tc:SAML:1.0:bindings:SOAP-binding','https://idpt1.curtin.edu.au:8443/idp/profile/SAML1/SOAP/AttributeQuery','false'),(179,'aa','AttributeService','urn:oasis:names:tc:SAML:2.0:bindings:SOAP','https://idpt1.curtin.edu.au:8443/idp/profile/SAML2/SOAP/AttributeQuery','false'),(179,'ars','ArtifactResolutionService','urn:oasis:names:tc:SAML:1.0:bindings:SOAP-binding','https://idpt1.curtin.edu.au:8443/idp/profile/SAML1/SOAP/ArtifactResolution','false'),(179,'ars','ArtifactResolutionService','urn:oasis:names:tc:SAML:2.0:bindings:SOAP','https://idpt1.curtin.edu.au:8443/idp/profile/SAML2/SOAP/ArtifactResolution','false'),(182,'sso','SingleSignOnService','urn:mace:shibboleth:1.0:profiles:AuthnRequest','https://auth03.ac3.edu.au/idp/profile/Shibboleth/SSO','false'),(182,'aa','AttributeService','urn:oasis:names:tc:SAML:1.0:bindings:SOAP-binding','https://auth03.ac3.edu.au:8443/idp/profile/SAML1/SOAP/AttributeQuery','false'),(188,'status','Status','Status','https://idp-prod.uq.edu.au/idp/profile/Status','false'),(185,'aa','AttributeService','urn:oasis:names:tc:SAML:1.0:bindings:SOAP-binding','https://shibdvts.its.rmit.edu.au:8443/shibboleth-idp/AA\r\n','false'),(185,'sso','SingleSignOnService','urn:mace:shibboleth:1.0:profiles:AuthnRequest','https://shibdvts.its.rmit.edu.au/shibboleth-idp/SSO','false'),(185,'ars','ArtifactResolutionService','urn:oasis:names:tc:SAML:1.0:bindings:SOAP-binding','https://shibdvts.its.rmit.edu.au:8443/shibboleth-idp/Artifact','false'),(188,'ars','ArtifactResolutionService','urn:oasis:names:tc:SAML:1.0:bindings:SOAP-binding','https://idp-prod.uq.edu.au:8443/idp/profile/SAML1/SOAP/ArtifactResolution','false'),(188,'aa','AttributeService','urn:oasis:names:tc:SAML:2.0:bindings:SOAP','https://idp-prod.uq.edu.au:8443/idp/profile/SAML2/SOAP/AttributeQuery','false'),(188,'aa','AttributeService','urn:oasis:names:tc:SAML:1.0:bindings:SOAP-binding','https://idp-prod.uq.edu.au:8443/idp/profile/SAML1/SOAP/AttributeQuery','false'),(188,'sso','SingleSignOnService','urn:oasis:names:tc:SAML:2.0:bindings:HTTP-Redirect','https://idp-prod.uq.edu.au/idp/profile/SAML2/Redirect/SSO','false'),(188,'sso','SingleSignOnService','urn:oasis:names:tc:SAML:2.0:bindings:HTTP-POST-SimpleSign','https://idp-prod.uq.edu.au/idp/profile/SAML2/POST-SimpleSign/SSO','false'),(188,'sso','SingleSignOnService','urn:oasis:names:tc:SAML:2.0:bindings:HTTP-POST','https://idp-prod.uq.edu.au/idp/profile/SAML2/POST/SSO','false'),(188,'sso','SingleSignOnService','urn:mace:shibboleth:1.0:profiles:AuthnRequest','https://idp-prod.uq.edu.au/idp/profile/Shibboleth/SSO','false'),(725,'resource','AssertionConsumerService','urn:oasis:names:tc:SAML:1.0:profiles:browser-post','https://vmdev-repo.library.uq.edu.au/Shibboleth.sso/SAML/POST','false'),(162,'status','Status','Status','https://idp-test.versi.edu.au/idp/profile/Status\r\n','false'),(725,'resource','AssertionConsumerService','urn:oasis:names:tc:SAML:1.0:profiles:artifact-01','https://vmdev-repo.library.uq.edu.au/Shibboleth.sso/SAML/Artifact','false'),(689,'resource','SingleLogoutService','urn:oasis:names:tc:SAML:2.0:bindings:HTTP-Redirect','https://wiki.caudit.edu.au/Shibboleth.sso/SLO/Redirect','false'),(689,'resource','SingleLogoutService','urn:oasis:names:tc:SAML:2.0:bindings:SOAP','https://wiki.caudit.edu.au/Shibboleth.sso/SLO/SOAP','false'),(191,'aa','AttributeService','urn:oasis:names:tc:SAML:1.0:bindings:SOAP-binding','https://idp2.griffith.edu.au:8443/idp/profile/SAML1/SOAP/','false'),(191,'sso','SingleSignOnService','urn:mace:shibboleth:1.0:profiles:AuthnRequest','https://idp2.griffith.edu.au/idp/profile/Shibboleth/SSO\r\n','false'),(194,'sso','SingleSignOnService','urn:oasis:names:tc:SAML:2.0:bindings:HTTP-POST','https://shib-idp.acu.edu.au/idp/profile/SAML2/POST/SSO','false'),(194,'sso','SingleSignOnService','urn:mace:shibboleth:1.0:profiles:AuthnRequest','https://shib-idp.acu.edu.au/idp/profile/Shibboleth/SSO','false'),(194,'sso','SingleSignOnService','urn:oasis:names:tc:SAML:2.0:bindings:HTTP-POST-SimpleSign','https://shib-idp.acu.edu.au/idp/profile/SAML2/POST-SimpleSign/SSO','false'),(194,'sso','SingleSignOnService','urn:oasis:names:tc:SAML:2.0:bindings:HTTP-Redirect','https://shib-idp.acu.edu.au/idp/profile/SAML2/Redirect/SSO','false'),(194,'aa','AttributeService','urn:oasis:names:tc:SAML:1.0:bindings:SOAP-binding','https://shib-idp.acu.edu.au:8443/idp/profile/SAML1/SOAP/AttributeQuery','false'),(194,'aa','AttributeService','urn:oasis:names:tc:SAML:2.0:bindings:SOAP','https://shib-idp.acu.edu.au:8443/idp/profile/SAML2/SOAP/AttributeQuery','false'),(194,'ars','ArtifactResolutionService','urn:oasis:names:tc:SAML:1.0:bindings:SOAP-binding','https://shib-idp.acu.edu.au:8443/idp/profile/SAML1/SOAP/ArtifactResolution','false'),(194,'ars','ArtifactResolutionService','urn:oasis:names:tc:SAML:2.0:bindings:SOAP','https://shib-idp.acu.edu.au:8443/idp/profile/SAML2/SOAP/ArtifactResolution','false'),(194,'status','Status','Status','https://shib-idp.acu.edu.au/idp/profile/Status','false'),(197,'status','Status','Status','https://verbena.qut.edu.au/idp/profile/Status\r\n','false'),(197,'sso','SingleSignOnService','urn:oasis:names:tc:SAML:2.0:bindings:HTTP-POST-SimpleSign','https://verbena.qut.edu.au/idp/profile/SAML2/POST-SimpleSign/SSO\r\n','false'),(197,'sso','SingleSignOnService','urn:oasis:names:tc:SAML:2.0:bindings:HTTP-Redirect','https://verbena.qut.edu.au/idp/profile/SAML2/Redirect/SSO\r\n','false'),(197,'aa','AttributeService','urn:oasis:names:tc:SAML:1.0:bindings:SOAP-binding','https://verbena.qut.edu.au:8443/idp/profile/SAML1/SOAP/AttributeQuery\r\n','false'),(197,'aa','AttributeService','urn:oasis:names:tc:SAML:2.0:bindings:SOAP','https://verbena.qut.edu.au:8443/idp/profile/SAML2/SOAP/AttributeQuery\r\n','false'),(197,'ars','ArtifactResolutionService','urn:oasis:names:tc:SAML:1.0:bindings:SOAP-binding','https://verbena.qut.edu.au:8443/idp/profile/SAML1/SOAP/ArtifactResolution\r\n','false'),(197,'ars','ArtifactResolutionService','urn:oasis:names:tc:SAML:2.0:bindings:SOAP','https://verbena.qut.edu.au:8443/idp/profile/SAML2/SOAP/ArtifactResolution\r\n','false'),(728,'resource','SingleLogoutService','urn:oasis:names:tc:SAML:2.0:bindings:HTTP-Artifact','https://hazchem.library.uq.edu.au/Shibboleth.sso/SLO/Artifact','false'),(728,'resource','AssertionConsumerService','urn:oasis:names:tc:SAML:2.0:bindings:HTTP-POST-SimpleSign','https://hazchem.library.uq.edu.au/Shibboleth.sso/SAML2/POST-SimpleSign','false'),(728,'resource','AssertionConsumerService','urn:oasis:names:tc:SAML:2.0:bindings:HTTP-POST','https://hazchem.library.uq.edu.au/Shibboleth.sso/SAML2/POST','false'),(728,'resource','AssertionConsumerService','urn:oasis:names:tc:SAML:2.0:bindings:PAOS','https://hazchem.library.uq.edu.au/Shibboleth.sso/SAML2/ECP','false'),(728,'resource','AssertionConsumerService','urn:oasis:names:tc:SAML:2.0:bindings:HTTP-Artifact','https://hazchem.library.uq.edu.au/Shibboleth.sso/SAML2/Artifact','false'),(728,'resource','AssertionConsumerService','urn:oasis:names:tc:SAML:1.0:profiles:browser-post','https://hazchem.library.uq.edu.au/Shibboleth.sso/SAML/POST','false'),(728,'resource','AssertionConsumerService','urn:oasis:names:tc:SAML:1.0:profiles:artifact-01','https://hazchem.library.uq.edu.au/Shibboleth.sso/SAML/Artifact','false'),(728,'resource','ManageNameIDService','urn:oasis:names:tc:SAML:2.0:bindings:SOAP','https://hazchem.library.uq.edu.au/Shibboleth.sso/NIM/SOAP','false'),(728,'resource','ManageNameIDService','urn:oasis:names:tc:SAML:2.0:bindings:HTTP-Redirect','https://hazchem.library.uq.edu.au/Shibboleth.sso/NIM/Redirect','false'),(728,'resource','ManageNameIDService','urn:oasis:names:tc:SAML:2.0:bindings:HTTP-POST','https://hazchem.library.uq.edu.au/Shibboleth.sso/NIM/POST','false'),(728,'resource','ManageNameIDService','urn:oasis:names:tc:SAML:2.0:bindings:HTTP-Artifact','https://hazchem.library.uq.edu.au/Shibboleth.sso/NIM/Artifact','false'),(728,'resource','SingleLogoutService','urn:oasis:names:tc:SAML:2.0:bindings:HTTP-POST','https://hazchem.library.uq.edu.au/Shibboleth.sso/SLO/POST','false'),(728,'resource','SingleLogoutService','urn:oasis:names:tc:SAML:2.0:bindings:HTTP-Redirect','https://hazchem.library.uq.edu.au/Shibboleth.sso/SLO/Redirect','false'),(728,'resource','SingleLogoutService','urn:oasis:names:tc:SAML:2.0:bindings:SOAP','https://hazchem.library.uq.edu.au/Shibboleth.sso/SLO/SOAP','false'),(668,'resource','SingleLogoutService','urn:oasis:names:tc:SAML:2.0:bindings:HTTP-POST','https://manager.test.aaf.edu.au/Shibboleth.sso/SLO/POST','false'),(668,'resource','SingleLogoutService','urn:oasis:names:tc:SAML:2.0:bindings:HTTP-Redirect','https://manager.test.aaf.edu.au/Shibboleth.sso/SLO/Redirect','false'),(731,'resource','AssertionConsumerService','urn:oasis:names:tc:SAML:1.0:profiles:browser-post','https://aafdemoidp.qut.edu.au/Shibboleth.sso/SAML/POST','false'),(731,'resource','AssertionConsumerService','urn:oasis:names:tc:SAML:1.0:profiles:artifact-01','https://aafdemoidp.qut.edu.au/Shibboleth.sso/SAML/Artifact','false'),(197,'sso','SingleSignOnService','urn:mace:shibboleth:1.0:profiles:AuthnRequest','https://verbena.qut.edu.au/idp/profile/Shibboleth/SSO\r\n','false'),(197,'sso','SingleSignOnService','urn:oasis:names:tc:SAML:2.0:bindings:HTTP-POST','https://verbena.qut.edu.au/idp/profile/SAML2/POST/SSO\r\n','false'),(687,'resource','AssertionConsumerService','urn:oasis:names:tc:SAML:2.0:bindings:HTTP-POST','https://starflower.qut.edu.au/Shibboleth.sso/SAML2/POST','false'),(687,'resource','AssertionConsumerService','urn:oasis:names:tc:SAML:2.0:bindings:HTTP-POST-SimpleSign','https://starflower.qut.edu.au/Shibboleth.sso/SAML2/POST-SimpleSign','false'),(687,'resource','SingleLogoutService','urn:oasis:names:tc:SAML:2.0:bindings:HTTP-Artifact','https://starflower.qut.edu.au/Shibboleth.sso/SLO/Artifact','false'),(200,'aa','AttributeService','urn:oasis:names:tc:SAML:1.0:bindings:SOAP-binding','https://aafidp2x.aaf.edu.au:8443/idp/SAML1/SOAP/AttributeQuery','false'),(203,'sso','SingleSignOnService','urn:mace:shibboleth:1.0:profiles:AuthnRequest','https://test-aaf-login.uts.edu.au/idp/profile/Shibboleth/SSO','false'),(203,'aa','AttributeService','urn:oasis:names:tc:SAML:1.0:bindings:SOAP-binding','https://idp.example.org:8443/idp/profile/SAML1/SOAP/AttributeQuery','false'),(206,'sso','SingleSignOnService','urn:mace:shibboleth:1.0:profiles:AuthnRequest','https://test-aaf-login.uts.edu.au/idp/profile/Shibboleth/SSO','false'),(206,'aa','AttributeService','urn:oasis:names:tc:SAML:1.0:bindings:SOAP-binding','https://test-aaf-login.uts.edu.au:8443/idp/profile/SAML1/SOAP/AttributeQuery','false'),(209,'sso','SingleSignOnService','urn:mace:shibboleth:1.0:profiles:AuthnRequest','https://idp.intersect.org.au/idp/profile/Shibboleth/SSO','false'),(209,'aa','AttributeService','urn:oasis:names:tc:SAML:1.0:bindings:SOAP-binding','https://idp.intersect.org.au:8443/idp/profile/SAML1/SOAP/AttributeQuery','false'),(212,'sso','SingleSignOnService','urn:oasis:names:tc:SAML:2.0:bindings:HTTP-POST-SimpleSign','https://idp.ckn.dotsec.com/idp/profile/SAML2/POST-SimpleSign/SSO\r\n','false'),(212,'sso','SingleSignOnService','urn:oasis:names:tc:SAML:2.0:bindings:HTTP-Redirect','https://idp.ckn.dotsec.com/idp/profile/SAML2/Redirect/SSO\r\n','false'),(212,'aa','AttributeService','urn:oasis:names:tc:SAML:1.0:bindings:SOAP-binding','https://idp.ckn.dotsec.com/idp/profile/SAML1/SOAP/AttributeQuery\r\n\r\n','false'),(212,'sso','SingleSignOnService','urn:oasis:names:tc:SAML:2.0:bindings:HTTP-POST','https://idp.ckn.dotsec.com/idp/profile/SAML2/POST/SSO\r\n','false'),(212,'sso','SingleSignOnService','urn:mace:shibboleth:1.0:profiles:AuthnRequest','https://idp.ckn.dotsec.com/idp/profile/Shibboleth/SSO\r\n\r\n','false'),(212,'aa','AttributeService','urn:oasis:names:tc:SAML:2.0:bindings:SOAP','https://idp.ckn.dotsec.com/idp/profile/SAML2/SOAP/AttributeQuery\r\n','false'),(734,'resource','AssertionConsumerService','urn:oasis:names:tc:SAML:2.0:bindings:HTTP-POST','https://web-test.versi.edu.au/Shibboleth.sso/SAML2/POST','false'),(734,'resource','AssertionConsumerService','urn:oasis:names:tc:SAML:2.0:bindings:HTTP-POST-SimpleSign','https://web-test.versi.edu.au/Shibboleth.sso/SAML2/POST-SimpleSign','false'),(734,'resource','SingleLogoutService','urn:oasis:names:tc:SAML:2.0:bindings:HTTP-Artifact','https://web-test.versi.edu.au/Shibboleth.sso/SLO/Artifact','false'),(734,'resource','SingleLogoutService','urn:oasis:names:tc:SAML:2.0:bindings:HTTP-POST','https://web-test.versi.edu.au/Shibboleth.sso/SLO/POST','false'),(734,'resource','SingleLogoutService','urn:oasis:names:tc:SAML:2.0:bindings:HTTP-Redirect','https://web-test.versi.edu.au/Shibboleth.sso/SLO/Redirect','false'),(734,'resource','SingleLogoutService','urn:oasis:names:tc:SAML:2.0:bindings:SOAP','https://web-test.versi.edu.au/Shibboleth.sso/SLO/SOAP','false'),(734,'resource','Status','Status','https://web-test.versi.edu.au/Shibboleth.sso/Status','false'),(737,'resource','ManageNameIDService','urn:oasis:names:tc:SAML:2.0:bindings:HTTP-Redirect','https://vbl-test.versi.edu.au/Shibboleth.sso/NIM/Redirect','false'),(737,'resource','ManageNameIDService','urn:oasis:names:tc:SAML:2.0:bindings:SOAP','https://vbl-test.versi.edu.au/Shibboleth.sso/NIM/SOAP','false'),(737,'resource','AssertionConsumerService','urn:oasis:names:tc:SAML:1.0:profiles:artifact-01','https://vbl-test.versi.edu.au/Shibboleth.sso/SAML/Artifact','false'),(737,'resource','AssertionConsumerService','urn:oasis:names:tc:SAML:1.0:profiles:browser-post','https://vbl-test.versi.edu.au/Shibboleth.sso/SAML/POST','true'),(737,'resource','AssertionConsumerService','urn:oasis:names:tc:SAML:2.0:bindings:HTTP-Artifact','https://vbl-test.versi.edu.au/Shibboleth.sso/SAML2/Artifact','false'),(737,'resource','AssertionConsumerService','urn:oasis:names:tc:SAML:2.0:bindings:PAOS','https://vbl-test.versi.edu.au/Shibboleth.sso/SAML2/ECP','false'),(737,'resource','AssertionConsumerService','urn:oasis:names:tc:SAML:2.0:bindings:HTTP-POST','https://vbl-test.versi.edu.au/Shibboleth.sso/SAML2/POST','false'),(737,'resource','AssertionConsumerService','urn:oasis:names:tc:SAML:2.0:bindings:HTTP-POST-SimpleSign','https://vbl-test.versi.edu.au/Shibboleth.sso/SAML2/POST-SimpleSign','false'),(737,'resource','SingleLogoutService','urn:oasis:names:tc:SAML:2.0:bindings:HTTP-Artifact','https://vbl-test.versi.edu.au/Shibboleth.sso/SLO/Artifact','false'),(737,'resource','SingleLogoutService','urn:oasis:names:tc:SAML:2.0:bindings:HTTP-POST','https://vbl-test.versi.edu.au/Shibboleth.sso/SLO/POST','false'),(737,'resource','SingleLogoutService','urn:oasis:names:tc:SAML:2.0:bindings:HTTP-Redirect','https://vbl-test.versi.edu.au/Shibboleth.sso/SLO/Redirect','false'),(737,'resource','SingleLogoutService','urn:oasis:names:tc:SAML:2.0:bindings:SOAP','https://vbl-test.versi.edu.au/Shibboleth.sso/SLO/SOAP','false'),(737,'resource','Status','Status','https://vbl-test.versi.edu.au/Shibboleth.sso/Status','false'),(737,'resource','ManageNameIDService','urn:oasis:names:tc:SAML:2.0:bindings:HTTP-POST','https://vbl-test.versi.edu.au/Shibboleth.sso/NIM/POST','false'),(737,'resource','ManageNameIDService','urn:oasis:names:tc:SAML:2.0:bindings:HTTP-Artifact','https://vbl-test.versi.edu.au/Shibboleth.sso/NIM/Artifact','false'),(737,'resource','DiscoveryResponse','DiscoveryResponse','https://vbl-test.versi.edu.au/Shibboleth.sso/DS','false'),(215,'ars','ArtifactResolutionService','urn:oasis:names:tc:SAML:1.0:bindings:SOAP-binding','https://login-idp-dev.unisa.edu.au:8443/idp/profile/SAML1/SOAP/ArtifactResolution\r\n','false'),(215,'aa','AttributeService','urn:oasis:names:tc:SAML:1.0:bindings:SOAP-binding','https://login-idp-dev.unisa.edu.au:8443/idp/profile/SAML1/SOAP/AttributeQuery\r\n','false'),(668,'resource','SingleLogoutService','urn:oasis:names:tc:SAML:2.0:bindings:SOAP','https://manager.test.aaf.edu.au/Shibboleth.sso/SLO/SOAP','false'),(668,'resource','Status','Status','https://manager.test.aaf.edu.au/Shibboleth.sso/Status','false'),(755,'resource','DiscoveryResponse','DiscoveryResponse','https://auth02.ac3.edu.au/Shibboleth.sso/DS','false'),(218,'sso','SingleSignOnService','urn:mace:shibboleth:1.0:profiles:AuthnRequest','https://idp-dev.its.uwa.edu.au/idp/profile/Shibboleth/SSO','false'),(218,'aa','AttributeService','urn:oasis:names:tc:SAML:1.0:bindings:SOAP-binding','https://idp-dev.its.uwa.edu.au:8443/idp/profile/SAML1/SOAP/AttributeQuery','false'),(221,'sso','SingleSignOnService','urn:mace:shibboleth:1.0:profiles:AuthnRequest','https://idp-dev.its.uwa.edu.au/idp/profile/Shibboleth/SSO','false'),(221,'aa','AttributeService','urn:oasis:names:tc:SAML:1.0:bindings:SOAP-binding','https://idp-dev.its.uwa.edu.au:8443/idp/profile/SAML1/SOAP/AttributeQuery','false'),(144,'aa','AttributeService','urn:oasis:names:tc:SAML:1.0:bindings:SOAP-binding','https://vho.test.aaf.edu.au:8443/idp/profile/SAML1/SOAP/AttributeQuery   ','false'),(670,'resource','ManageNameIDService','urn:oasis:names:tc:SAML:2.0:bindings:HTTP-POST','https://vho.test.aaf.edu.au/Shibboleth.sso/NIM/POST','false'),(670,'resource','ManageNameIDService','urn:oasis:names:tc:SAML:2.0:bindings:HTTP-Artifact','https://vho.test.aaf.edu.au/Shibboleth.sso/NIM/Artifact','false'),(670,'resource','DiscoveryResponse','DiscoveryResponse','https://vho.test.aaf.edu.au/Shibboleth.sso/DS','false'),(668,'resource','DiscoveryResponse','DiscoveryResponse','https://manager.test.aaf.edu.au/Shibboleth.sso/DS','false'),(224,'sso','SingleSignOnService','urn:mace:shibboleth:1.0:profiles:AuthnRequest','https://aafipd2x.aaf.edu.au/idp/profile/Shibboleth/SSO','false'),(224,'aa','AttributeService','urn:oasis:names:tc:SAML:1.0:bindings:SOAP-binding','https://aafipd2x.aaf.edu.au:8443/idp/profile/SAML1/SOAP/AttributeQuery','false'),(227,'sso','SingleSignOnService','urn:mace:shibboleth:1.0:profiles:AuthnRequest','https://aafidp2x.aaf.edu.au/idp/profile/Shibboleth/SSO','false'),(227,'aa','AttributeService','urn:oasis:names:tc:SAML:1.0:bindings:SOAP-binding','https://aafidp2x.aaf.edu.au:8443/idp/profile/SAML1/SOAP/AttributeQuery','false'),(230,'sso','SingleSignOnService','urn:mace:shibboleth:1.0:profiles:AuthnRequest','https://idp-dev.deakin.edu.au/idp/profile/Shibboleth/SSO','false'),(230,'aa','AttributeService','urn:oasis:names:tc:SAML:1.0:bindings:SOAP-binding','https://idp-dev.deakin.edu.au:8443/idp/profile/SAML1/SOAP/AttributeQuery','false'),(719,'resource','DiscoveryResponse','DiscoveryResponse','https://ng2dev.canterbury.ac.nz/Shibboleth.sso/DS','false'),(719,'resource','ManageNameIDService','urn:oasis:names:tc:SAML:2.0:bindings:HTTP-Artifact','https://ng2dev.canterbury.ac.nz/Shibboleth.sso/NIM/Artifact','false'),(719,'resource','ManageNameIDService','urn:oasis:names:tc:SAML:2.0:bindings:HTTP-POST','https://ng2dev.canterbury.ac.nz/Shibboleth.sso/NIM/POST','false'),(719,'resource','ManageNameIDService','urn:oasis:names:tc:SAML:2.0:bindings:HTTP-Redirect','https://ng2dev.canterbury.ac.nz/Shibboleth.sso/NIM/Redirect','false'),(719,'resource','ManageNameIDService','urn:oasis:names:tc:SAML:2.0:bindings:SOAP','https://ng2dev.canterbury.ac.nz/Shibboleth.sso/NIM/SOAP','false'),(719,'resource','AssertionConsumerService','urn:oasis:names:tc:SAML:1.0:profiles:artifact-01','https://ng2dev.canterbury.ac.nz/Shibboleth.sso/SAML/Artifact','false'),(719,'resource','AssertionConsumerService','urn:oasis:names:tc:SAML:1.0:profiles:browser-post','https://ng2dev.canterbury.ac.nz/Shibboleth.sso/SAML/POST','true'),(719,'resource','AssertionConsumerService','urn:oasis:names:tc:SAML:2.0:bindings:HTTP-Artifact','https://ng2dev.canterbury.ac.nz/Shibboleth.sso/SAML2/Artifact','false'),(719,'resource','AssertionConsumerService','urn:oasis:names:tc:SAML:2.0:bindings:PAOS','https://ng2dev.canterbury.ac.nz/Shibboleth.sso/SAML2/ECP','false'),(719,'resource','AssertionConsumerService','urn:oasis:names:tc:SAML:2.0:bindings:HTTP-POST','https://ng2dev.canterbury.ac.nz/Shibboleth.sso/SAML2/POST','false'),(719,'resource','AssertionConsumerService','urn:oasis:names:tc:SAML:2.0:bindings:HTTP-POST-SimpleSign','https://ng2dev.canterbury.ac.nz/Shibboleth.sso/SAML2/POST-SimpleSign','false'),(719,'resource','SingleLogoutService','urn:oasis:names:tc:SAML:2.0:bindings:HTTP-Artifact','https://ng2dev.canterbury.ac.nz/Shibboleth.sso/SLO/Artifact','false'),(719,'resource','SingleLogoutService','urn:oasis:names:tc:SAML:2.0:bindings:HTTP-POST','https://ng2dev.canterbury.ac.nz/Shibboleth.sso/SLO/POST','false'),(719,'resource','SingleLogoutService','urn:oasis:names:tc:SAML:2.0:bindings:HTTP-Redirect','https://ng2dev.canterbury.ac.nz/Shibboleth.sso/SLO/Redirect','false'),(719,'resource','SingleLogoutService','urn:oasis:names:tc:SAML:2.0:bindings:SOAP','https://ng2dev.canterbury.ac.nz/Shibboleth.sso/SLO/SOAP','false'),(719,'resource','Status','Status','https://ng2dev.canterbury.ac.nz/Shibboleth.sso/Status','false'),(743,'resource','SingleLogoutService','urn:oasis:names:tc:SAML:2.0:bindings:HTTP-Artifact','https://shibtest.informit.com.au/Shibboleth.sso/SLO/Artifact','false'),(743,'resource','AssertionConsumerService','urn:oasis:names:tc:SAML:2.0:bindings:HTTP-POST-SimpleSign','https://shibtest.informit.com.au/Shibboleth.sso/SAML2/POST-SimpleSign','false'),(743,'resource','AssertionConsumerService','urn:oasis:names:tc:SAML:2.0:bindings:HTTP-POST','https://shibtest.informit.com.au/Shibboleth.sso/SAML2/POST','false'),(743,'resource','AssertionConsumerService','urn:oasis:names:tc:SAML:2.0:bindings:PAOS','https://shibtest.informit.com.au/Shibboleth.sso/SAML2/ECP','false'),(743,'resource','AssertionConsumerService','urn:oasis:names:tc:SAML:2.0:bindings:HTTP-Artifact','https://shibtest.informit.com.au/Shibboleth.sso/SAML2/Artifact','false'),(743,'resource','AssertionConsumerService','urn:oasis:names:tc:SAML:1.0:profiles:browser-post','https://shibtest.informit.com.au/Shibboleth.sso/SAML/POST','true'),(743,'resource','AssertionConsumerService','urn:oasis:names:tc:SAML:1.0:profiles:artifact-01','https://shibtest.informit.com.au/Shibboleth.sso/SAML/Artifact','false'),(743,'resource','ManageNameIDService','urn:oasis:names:tc:SAML:2.0:bindings:SOAP','https://shibtest.informit.com.au/Shibboleth.sso/NIM/SOAP','false'),(743,'resource','ManageNameIDService','urn:oasis:names:tc:SAML:2.0:bindings:HTTP-Redirect','https://shibtest.informit.com.au/Shibboleth.sso/NIM/Redirect','false'),(743,'resource','ManageNameIDService','urn:oasis:names:tc:SAML:2.0:bindings:HTTP-POST','https://shibtest.informit.com.au/Shibboleth.sso/NIM/POST','false'),(743,'resource','ManageNameIDService','urn:oasis:names:tc:SAML:2.0:bindings:HTTP-Artifact','https://shibtest.informit.com.au/Shibboleth.sso/NIM/Artifact','false'),(743,'resource','DiscoveryResponse','DiscoveryResponse','https://shibtest.informit.com.au/Shibboleth.sso/DS','false'),(743,'resource','Status','Status','https://shibtest.informit.com.au/Shibboleth.sso/Status','false'),(215,'aa','AttributeService','urn:oasis:names:tc:SAML:2.0:bindings:SOAP','https://login-idp-dev.unisa.edu.au:8443/idp/profile/SAML2/SOAP/AttributeQuery\r\n','false'),(215,'sso','SingleSignOnService','urn:oasis:names:tc:SAML:2.0:bindings:HTTP-Redirect','https://login-idp-dev.unisa.edu.au/idp/profile/SAML2/Redirect/SSO\r\n','false'),(215,'sso','SingleSignOnService','urn:oasis:names:tc:SAML:2.0:bindings:HTTP-POST-SimpleSign','https://login-idp-dev.unisa.edu.au/idp/profile/SAML2/POST-SimpleSign/SSO\r\n','false'),(215,'sso','SingleSignOnService','urn:oasis:names:tc:SAML:2.0:bindings:HTTP-POST','https://login-idp-dev.unisa.edu.au/idp/profile/SAML2/POST/SSO\r\n','false'),(215,'sso','SingleSignOnService','urn:mace:shibboleth:1.0:profiles:AuthnRequest','https://login-idp-dev.unisa.edu.au/idp/profile/Shibboleth/SSO\r\n','false'),(749,'resource','DiscoveryResponse','DiscoveryResponse','http://itusw-wapsp1.ml.unisa.edu.au/Shibboleth.sso/DS','false'),(749,'resource','ManageNameIDService','urn:oasis:names:tc:SAML:2.0:bindings:HTTP-Artifact','http://itusw-wapsp1.ml.unisa.edu.au/Shibboleth.sso/NIM/Artifact','false'),(749,'resource','ManageNameIDService','urn:oasis:names:tc:SAML:2.0:bindings:HTTP-POST','http://itusw-wapsp1.ml.unisa.edu.au/Shibboleth.sso/NIM/POST','false'),(749,'resource','ManageNameIDService','urn:oasis:names:tc:SAML:2.0:bindings:HTTP-Redirect','http://itusw-wapsp1.ml.unisa.edu.au/Shibboleth.sso/NIM/Redirect','false'),(749,'resource','ManageNameIDService','urn:oasis:names:tc:SAML:2.0:bindings:SOAP','http://itusw-wapsp1.ml.unisa.edu.au/Shibboleth.sso/NIM/SOAP','false'),(749,'resource','AssertionConsumerService','urn:oasis:names:tc:SAML:1.0:profiles:artifact-01','http://itusw-wapsp1.ml.unisa.edu.au/Shibboleth.sso/SAML/Artifact','false'),(749,'resource','AssertionConsumerService','urn:oasis:names:tc:SAML:1.0:profiles:browser-post','http://itusw-wapsp1.ml.unisa.edu.au/Shibboleth.sso/SAML/POST','true'),(749,'resource','AssertionConsumerService','urn:oasis:names:tc:SAML:2.0:bindings:HTTP-Artifact','http://itusw-wapsp1.ml.unisa.edu.au/Shibboleth.sso/SAML2/Artifact','false'),(749,'resource','AssertionConsumerService','urn:oasis:names:tc:SAML:2.0:bindings:PAOS','http://itusw-wapsp1.ml.unisa.edu.au/Shibboleth.sso/SAML2/ECP','false'),(749,'resource','AssertionConsumerService','urn:oasis:names:tc:SAML:2.0:bindings:HTTP-POST','http://itusw-wapsp1.ml.unisa.edu.au/Shibboleth.sso/SAML2/POST','false'),(749,'resource','AssertionConsumerService','urn:oasis:names:tc:SAML:2.0:bindings:HTTP-POST-SimpleSign','http://itusw-wapsp1.ml.unisa.edu.au/Shibboleth.sso/SAML2/POST-SimpleSign','false'),(749,'resource','SingleLogoutService','urn:oasis:names:tc:SAML:2.0:bindings:HTTP-Artifact','http://itusw-wapsp1.ml.unisa.edu.au/Shibboleth.sso/SLO/Artifact','false'),(749,'resource','SingleLogoutService','urn:oasis:names:tc:SAML:2.0:bindings:HTTP-POST','http://itusw-wapsp1.ml.unisa.edu.au/Shibboleth.sso/SLO/POST','false'),(749,'resource','SingleLogoutService','urn:oasis:names:tc:SAML:2.0:bindings:HTTP-Redirect','http://itusw-wapsp1.ml.unisa.edu.au/Shibboleth.sso/SLO/Redirect','false'),(749,'resource','SingleLogoutService','urn:oasis:names:tc:SAML:2.0:bindings:SOAP','http://itusw-wapsp1.ml.unisa.edu.au/Shibboleth.sso/SLO/SOAP','false'),(749,'resource','Status','Status','http://itusw-wapsp1.ml.unisa.edu.au/Shibboleth.sso/Status','false'),(692,'resource','AssertionConsumerService','urn:oasis:names:tc:SAML:1.0:profiles:browser-post','https://curry.qut.edu.au/Shibboleth.sso/SAML/POST','true'),(687,'resource','SingleLogoutService','urn:oasis:names:tc:SAML:2.0:bindings:HTTP-POST','https://starflower.qut.edu.au/Shibboleth.sso/SLO/POST','false'),(687,'resource','SingleLogoutService','urn:oasis:names:tc:SAML:2.0:bindings:HTTP-Redirect','https://starflower.qut.edu.au/Shibboleth.sso/SLO/Redirect','false'),(687,'resource','SingleLogoutService','urn:oasis:names:tc:SAML:2.0:bindings:SOAP','https://starflower.qut.edu.au/Shibboleth.sso/SLO/SOAP','false'),(687,'resource','Status','Status','https://starflower.qut.edu.au/Shibboleth.sso/Status','false'),(215,'ars','ArtifactResolutionService','urn:oasis:names:tc:SAML:2.0:bindings:SOAP','https://login-idp-dev.unisa.edu.au:8443/idp/profile/SAML2/SOAP/ArtifactResolution\r\n','false'),(215,'status','Status','Status','https://login-idp-dev.unisa.edu.au/idp/profile/Status\r\n','false'),(764,'resource','ManageNameIDService','urn:oasis:names:tc:SAML:2.0:bindings:HTTP-Redirect','https://eppwiki.ph.unimelb.edu.au/Shibboleth.sso/NIM/Redirect','false'),(746,'resource','DiscoveryResponse','DiscoveryResponse','https://w-cah-790-01.infotech.monash.edu.au/Shibboleth.sso/DS','false'),(767,'resource','Status','Status','https://aafmoodle.netspot.com.au/Shibboleth.sso/Status','false'),(670,'resource','Status','Status','https://vho.test.aaf.edu.au/Shibboleth.sso/Status','false'),(743,'resource','SingleLogoutService','urn:oasis:names:tc:SAML:2.0:bindings:SOAP','https://shibtest.informit.com.au/Shibboleth.sso/SLO/SOAP','false'),(743,'resource','SingleLogoutService','urn:oasis:names:tc:SAML:2.0:bindings:HTTP-Redirect','https://shibtest.informit.com.au/Shibboleth.sso/SLO/Redirect','false'),(743,'resource','SingleLogoutService','urn:oasis:names:tc:SAML:2.0:bindings:HTTP-POST','https://shibtest.informit.com.au/Shibboleth.sso/SLO/POST','false'),(794,'resource','ManageNameIDService','urn:oasis:names:tc:SAML:2.0:bindings:HTTP-Redirect','https://arcs-dev.anu.edu.au/Shibboleth.sso/NIM/Redirect','false'),(788,'resource','SingleLogoutService','urn:oasis:names:tc:SAML:2.0:bindings:HTTP-Artifact','https://dev.telescope-net.com/Shibboleth.sso/SLO/Artifact','false'),(788,'resource','AssertionConsumerService','urn:oasis:names:tc:SAML:2.0:bindings:HTTP-POST-SimpleSign','https://dev.telescope-net.com/Shibboleth.sso/SAML2/POST-SimpleSign','false'),(755,'resource','ManageNameIDService','urn:oasis:names:tc:SAML:2.0:bindings:HTTP-Artifact','https://auth02.ac3.edu.au/Shibboleth.sso/NIM/Artifact','false'),(755,'resource','ManageNameIDService','urn:oasis:names:tc:SAML:2.0:bindings:HTTP-POST','https://auth02.ac3.edu.au/Shibboleth.sso/NIM/POST','false'),(755,'resource','ManageNameIDService','urn:oasis:names:tc:SAML:2.0:bindings:HTTP-Redirect','https://auth02.ac3.edu.au/Shibboleth.sso/NIM/Redirect','false'),(755,'resource','ManageNameIDService','urn:oasis:names:tc:SAML:2.0:bindings:SOAP','https://auth02.ac3.edu.au/Shibboleth.sso/NIM/SOAP','false'),(755,'resource','AssertionConsumerService','urn:oasis:names:tc:SAML:1.0:profiles:artifact-01','https://auth02.ac3.edu.au/Shibboleth.sso/SAML/Artifact','false'),(755,'resource','AssertionConsumerService','urn:oasis:names:tc:SAML:1.0:profiles:browser-post','https://auth02.ac3.edu.au/Shibboleth.sso/SAML/POST','true'),(755,'resource','AssertionConsumerService','urn:oasis:names:tc:SAML:2.0:bindings:HTTP-Artifact','https://auth02.ac3.edu.au/Shibboleth.sso/SAML2/Artifact','false'),(755,'resource','AssertionConsumerService','urn:oasis:names:tc:SAML:2.0:bindings:PAOS','https://auth02.ac3.edu.au/Shibboleth.sso/SAML2/ECP','false'),(755,'resource','AssertionConsumerService','urn:oasis:names:tc:SAML:2.0:bindings:HTTP-POST','https://auth02.ac3.edu.au/Shibboleth.sso/SAML2/POST','false'),(755,'resource','AssertionConsumerService','urn:oasis:names:tc:SAML:2.0:bindings:HTTP-POST-SimpleSign','https://auth02.ac3.edu.au/Shibboleth.sso/SAML2/POST-SimpleSign','false'),(755,'resource','SingleLogoutService','urn:oasis:names:tc:SAML:2.0:bindings:HTTP-Artifact','https://auth02.ac3.edu.au/Shibboleth.sso/SLO/Artifact','false'),(755,'resource','SingleLogoutService','urn:oasis:names:tc:SAML:2.0:bindings:HTTP-POST','https://auth02.ac3.edu.au/Shibboleth.sso/SLO/POST','false'),(755,'resource','SingleLogoutService','urn:oasis:names:tc:SAML:2.0:bindings:HTTP-Redirect','https://auth02.ac3.edu.au/Shibboleth.sso/SLO/Redirect','false'),(755,'resource','SingleLogoutService','urn:oasis:names:tc:SAML:2.0:bindings:SOAP','https://auth02.ac3.edu.au/Shibboleth.sso/SLO/SOAP','false'),(755,'resource','Status','Status','https://auth02.ac3.edu.au/Shibboleth.sso/Status','false'),(758,'resource','DiscoveryResponse','DiscoveryResponse','https://vitro.versi.edu.au/Shibboleth.sso/DS','false'),(758,'resource','ManageNameIDService','urn:oasis:names:tc:SAML:2.0:bindings:HTTP-Artifact','https://vitro.versi.edu.au/Shibboleth.sso/NIM/Artifact','false'),(758,'resource','ManageNameIDService','urn:oasis:names:tc:SAML:2.0:bindings:HTTP-POST','https://vitro.versi.edu.au/Shibboleth.sso/NIM/POST','false'),(758,'resource','ManageNameIDService','urn:oasis:names:tc:SAML:2.0:bindings:HTTP-Redirect','https://vitro.versi.edu.au/Shibboleth.sso/NIM/Redirect','false'),(758,'resource','ManageNameIDService','urn:oasis:names:tc:SAML:2.0:bindings:SOAP','https://vitro.versi.edu.au/Shibboleth.sso/NIM/SOAP','false'),(758,'resource','AssertionConsumerService','urn:oasis:names:tc:SAML:1.0:profiles:artifact-01','https://vitro.versi.edu.au/Shibboleth.sso/SAML/Artifact','false'),(758,'resource','AssertionConsumerService','urn:oasis:names:tc:SAML:1.0:profiles:browser-post','https://vitro.versi.edu.au/Shibboleth.sso/SAML/POST','true'),(758,'resource','AssertionConsumerService','urn:oasis:names:tc:SAML:2.0:bindings:HTTP-Artifact','https://vitro.versi.edu.au/Shibboleth.sso/SAML2/Artifact','false'),(758,'resource','AssertionConsumerService','urn:oasis:names:tc:SAML:2.0:bindings:PAOS','https://vitro.versi.edu.au/Shibboleth.sso/SAML2/ECP','false'),(758,'resource','AssertionConsumerService','urn:oasis:names:tc:SAML:2.0:bindings:HTTP-POST','https://vitro.versi.edu.au/Shibboleth.sso/SAML2/POST','false'),(758,'resource','AssertionConsumerService','urn:oasis:names:tc:SAML:2.0:bindings:HTTP-POST-SimpleSign','https://vitro.versi.edu.au/Shibboleth.sso/SAML2/POST-SimpleSign','false'),(758,'resource','SingleLogoutService','urn:oasis:names:tc:SAML:2.0:bindings:HTTP-Artifact','https://vitro.versi.edu.au/Shibboleth.sso/SLO/Artifact','false'),(758,'resource','SingleLogoutService','urn:oasis:names:tc:SAML:2.0:bindings:HTTP-POST','https://vitro.versi.edu.au/Shibboleth.sso/SLO/POST','false'),(758,'resource','SingleLogoutService','urn:oasis:names:tc:SAML:2.0:bindings:HTTP-Redirect','https://vitro.versi.edu.au/Shibboleth.sso/SLO/Redirect','false'),(758,'resource','SingleLogoutService','urn:oasis:names:tc:SAML:2.0:bindings:SOAP','https://vitro.versi.edu.au/Shibboleth.sso/SLO/SOAP','false'),(758,'resource','Status','Status','https://vitro.versi.edu.au/Shibboleth.sso/Status','false'),(233,'aa','AttributeService','urn:oasis:names:tc:SAML:1.0:bindings:SOAP-binding','https://starflower.qut.edu.au/simplesaml/shib13/idp/SSOService.php ','false'),(233,'sso','SingleSignOnService','urn:mace:shibboleth:1.0:profiles:AuthnRequest','https://starflower.qut.edu.au/simplesaml/shib13/idp/SSOService.php ','false'),(740,'resource','AssertionConsumerService','urn:oasis:names:tc:SAML:1.0:profiles:browser-post','https://readinglists.lib.monash.edu/Shibboleth.sso/SAML/POST','true'),(740,'resource','AssertionConsumerService','urn:oasis:names:tc:SAML:2.0:bindings:HTTP-POST','http://readinglists.lib.monash.edu/saml/assertions','false'),(740,'resource','SingleLogoutService','urn:oasis:names:tc:SAML:2.0:bindings:HTTP-Redirect','http://readinglists.lib.monash.edu/saml/saml2/sp/SingleLogoutService.php','false'),(764,'resource','ManageNameIDService','urn:oasis:names:tc:SAML:2.0:bindings:HTTP-Artifact','https://eppwiki.ph.unimelb.edu.au/Shibboleth.sso/NIM/Artifact','false'),(764,'resource','DiscoveryResponse','DiscoveryResponse','https://eppwiki.ph.unimelb.edu.au/Shibboleth.sso/DS','false'),(764,'resource','ManageNameIDService','urn:oasis:names:tc:SAML:2.0:bindings:SOAP','https://eppwiki.ph.unimelb.edu.au/Shibboleth.sso/NIM/SOAP','false'),(764,'resource','AssertionConsumerService','urn:oasis:names:tc:SAML:1.0:profiles:browser-post','https://eppwiki.ph.unimelb.edu.au/Shibboleth.sso/SAML/POST','true'),(764,'resource','AssertionConsumerService','urn:oasis:names:tc:SAML:1.0:profiles:artifact-01','https://eppwiki.ph.unimelb.edu.au/Shibboleth.sso/SAML/Artifact','false'),(764,'resource','AssertionConsumerService','urn:oasis:names:tc:SAML:2.0:bindings:HTTP-Artifact','https://eppwiki.ph.unimelb.edu.au/Shibboleth.sso/SAML2/Artifact','false'),(764,'resource','AssertionConsumerService','urn:oasis:names:tc:SAML:2.0:bindings:HTTP-POST-SimpleSign','https://eppwiki.ph.unimelb.edu.au/Shibboleth.sso/SAML2/POST-SimpleSign','false'),(764,'resource','AssertionConsumerService','urn:oasis:names:tc:SAML:2.0:bindings:HTTP-POST','https://eppwiki.ph.unimelb.edu.au/Shibboleth.sso/SAML2/POST','false'),(764,'resource','AssertionConsumerService','urn:oasis:names:tc:SAML:2.0:bindings:PAOS','https://eppwiki.ph.unimelb.edu.au/Shibboleth.sso/SAML2/ECP','false'),(764,'resource','SingleLogoutService','urn:oasis:names:tc:SAML:2.0:bindings:HTTP-Artifact','https://eppwiki.ph.unimelb.edu.au/Shibboleth.sso/SLO/Artifact','false'),(764,'resource','SingleLogoutService','urn:oasis:names:tc:SAML:2.0:bindings:HTTP-POST','https://eppwiki.ph.unimelb.edu.au/Shibboleth.sso/SLO/POST','false'),(764,'resource','SingleLogoutService','urn:oasis:names:tc:SAML:2.0:bindings:HTTP-Redirect','https://eppwiki.ph.unimelb.edu.au/Shibboleth.sso/SLO/Redirect','false'),(767,'resource','SingleLogoutService','urn:oasis:names:tc:SAML:2.0:bindings:SOAP','https://aafmoodle.netspot.com.au/Shibboleth.sso/SLO/SOAP','false'),(767,'resource','SingleLogoutService','urn:oasis:names:tc:SAML:2.0:bindings:HTTP-Redirect','https://aafmoodle.netspot.com.au/Shibboleth.sso/SLO/Redirect','false'),(767,'resource','SingleLogoutService','urn:oasis:names:tc:SAML:2.0:bindings:HTTP-POST','https://aafmoodle.netspot.com.au/Shibboleth.sso/SLO/POST','false'),(767,'resource','SingleLogoutService','urn:oasis:names:tc:SAML:2.0:bindings:HTTP-Artifact','https://aafmoodle.netspot.com.au/Shibboleth.sso/SLO/Artifact','false'),(767,'resource','AssertionConsumerService','urn:oasis:names:tc:SAML:2.0:bindings:HTTP-POST-SimpleSign','https://aafmoodle.netspot.com.au/Shibboleth.sso/SAML2/POST-SimpleSign','false'),(767,'resource','AssertionConsumerService','urn:oasis:names:tc:SAML:2.0:bindings:HTTP-POST','https://aafmoodle.netspot.com.au/Shibboleth.sso/SAML2/POST','false'),(767,'resource','AssertionConsumerService','urn:oasis:names:tc:SAML:2.0:bindings:PAOS','https://aafmoodle.netspot.com.au/Shibboleth.sso/SAML2/ECP','false'),(767,'resource','AssertionConsumerService','urn:oasis:names:tc:SAML:2.0:bindings:HTTP-Artifact','https://aafmoodle.netspot.com.au/Shibboleth.sso/SAML2/Artifact','false'),(767,'resource','AssertionConsumerService','urn:oasis:names:tc:SAML:1.0:profiles:browser-post','https://aafmoodle.netspot.com.au/Shibboleth.sso/SAML/POST','true'),(767,'resource','AssertionConsumerService','urn:oasis:names:tc:SAML:1.0:profiles:artifact-01','https://aafmoodle.netspot.com.au/Shibboleth.sso/SAML/Artifact','false'),(767,'resource','DiscoveryResponse','DiscoveryResponse','https://aafmoodle.netspot.com.au/Shibboleth.sso/DS','false'),(767,'resource','ManageNameIDService','urn:oasis:names:tc:SAML:2.0:bindings:HTTP-Artifact','https://aafmoodle.netspot.com.au/Shibboleth.sso/NIM/Artifact','false'),(767,'resource','ManageNameIDService','urn:oasis:names:tc:SAML:2.0:bindings:HTTP-POST','https://aafmoodle.netspot.com.au/Shibboleth.sso/NIM/POST','false'),(767,'resource','ManageNameIDService','urn:oasis:names:tc:SAML:2.0:bindings:HTTP-Redirect','https://aafmoodle.netspot.com.au/Shibboleth.sso/NIM/Redirect','false'),(767,'resource','ManageNameIDService','urn:oasis:names:tc:SAML:2.0:bindings:SOAP','https://aafmoodle.netspot.com.au/Shibboleth.sso/NIM/SOAP','false'),(236,'aa','AttributeService','urn:oasis:names:tc:SAML:1.0:bindings:SOAP-binding','https://au-idp-dev.adelaide.edu.au:8443/shibboleth-idp/profile/SAML1/SOAP/AttributeQuery   ','false'),(236,'sso','SingleSignOnService','urn:mace:shibboleth:1.0:profiles:AuthnRequest','https://au-idp-dev.adelaide.edu.au/shibboleth-idp/profile/Shibboleth/SSO   ','false'),(770,'resource','SingleLogoutService','urn:oasis:names:tc:SAML:2.0:bindings:HTTP-Artifact','https://itudw-wap1.ml.unisa.edu.au/Shibboleth.sso/SLO/Artifact','false'),(770,'resource','AssertionConsumerService','urn:oasis:names:tc:SAML:2.0:bindings:HTTP-POST-SimpleSign','https://itudw-wap1.ml.unisa.edu.au/Shibboleth.sso/SAML2/POST-SimpleSign','false'),(770,'resource','AssertionConsumerService','urn:oasis:names:tc:SAML:2.0:bindings:HTTP-POST','https://itudw-wap1.ml.unisa.edu.au/Shibboleth.sso/SAML2/POST','false'),(770,'resource','AssertionConsumerService','urn:oasis:names:tc:SAML:2.0:bindings:PAOS','https://itudw-wap1.ml.unisa.edu.au/Shibboleth.sso/SAML2/ECP','false'),(770,'resource','AssertionConsumerService','urn:oasis:names:tc:SAML:2.0:bindings:HTTP-Artifact','https://itudw-wap1.ml.unisa.edu.au/Shibboleth.sso/SAML2/Artifact','false'),(770,'resource','AssertionConsumerService','urn:oasis:names:tc:SAML:1.0:profiles:browser-post','https://itudw-wap1.ml.unisa.edu.au/Shibboleth.sso/SAML/POST','true'),(770,'resource','AssertionConsumerService','urn:oasis:names:tc:SAML:1.0:profiles:artifact-01','https://itudw-wap1.ml.unisa.edu.au/Shibboleth.sso/SAML/Artifact','false'),(770,'resource','ManageNameIDService','urn:oasis:names:tc:SAML:2.0:bindings:SOAP','https://itudw-wap1.ml.unisa.edu.au/Shibboleth.sso/NIM/SOAP','false'),(770,'resource','ManageNameIDService','urn:oasis:names:tc:SAML:2.0:bindings:HTTP-Redirect','https://itudw-wap1.ml.unisa.edu.au/Shibboleth.sso/NIM/Redirect','false'),(773,'resource','SingleLogoutService','urn:oasis:names:tc:SAML:2.0:bindings:HTTP-POST','https://movetomoodle.netspot.com.au/Shibboleth.sso/SLO/POST','false'),(773,'resource','SingleLogoutService','urn:oasis:names:tc:SAML:2.0:bindings:HTTP-Artifact','https://movetomoodle.netspot.com.au/Shibboleth.sso/SLO/Artifact','false'),(773,'resource','AssertionConsumerService','urn:oasis:names:tc:SAML:2.0:bindings:HTTP-POST-SimpleSign','https://movetomoodle.netspot.com.au/Shibboleth.sso/SAML2/POST-SimpleSign','false'),(773,'resource','AssertionConsumerService','urn:oasis:names:tc:SAML:2.0:bindings:HTTP-POST','https://movetomoodle.netspot.com.au/Shibboleth.sso/SAML2/POST','false'),(773,'resource','AssertionConsumerService','urn:oasis:names:tc:SAML:2.0:bindings:PAOS','https://movetomoodle.netspot.com.au/Shibboleth.sso/SAML2/ECP','false'),(773,'resource','AssertionConsumerService','urn:oasis:names:tc:SAML:2.0:bindings:HTTP-Artifact','https://movetomoodle.netspot.com.au/Shibboleth.sso/SAML2/Artifact','false'),(773,'resource','AssertionConsumerService','urn:oasis:names:tc:SAML:1.0:profiles:browser-post','https://movetomoodle.netspot.com.au/Shibboleth.sso/SAML/POST','true'),(773,'resource','AssertionConsumerService','urn:oasis:names:tc:SAML:1.0:profiles:artifact-01','https://movetomoodle.netspot.com.au/Shibboleth.sso/SAML/Artifact','false'),(773,'resource','ManageNameIDService','urn:oasis:names:tc:SAML:2.0:bindings:SOAP','https://movetomoodle.netspot.com.au/Shibboleth.sso/NIM/SOAP','false'),(773,'resource','ManageNameIDService','urn:oasis:names:tc:SAML:2.0:bindings:HTTP-Redirect','https://movetomoodle.netspot.com.au/Shibboleth.sso/NIM/Redirect','false'),(773,'resource','ManageNameIDService','urn:oasis:names:tc:SAML:2.0:bindings:HTTP-POST','https://movetomoodle.netspot.com.au/Shibboleth.sso/NIM/POST','false'),(773,'resource','ManageNameIDService','urn:oasis:names:tc:SAML:2.0:bindings:HTTP-Artifact','https://movetomoodle.netspot.com.au/Shibboleth.sso/NIM/Artifact','false'),(746,'resource','ManageNameIDService','urn:oasis:names:tc:SAML:2.0:bindings:HTTP-Artifact','https://w-cah-790-01.infotech.monash.edu.au/Shibboleth.sso/NIM/Artifact','false'),(746,'resource','ManageNameIDService','urn:oasis:names:tc:SAML:2.0:bindings:HTTP-POST','https://w-cah-790-01.infotech.monash.edu.au/Shibboleth.sso/NIM/POST','false'),(746,'resource','ManageNameIDService','urn:oasis:names:tc:SAML:2.0:bindings:HTTP-Redirect','https://w-cah-790-01.infotech.monash.edu.au/Shibboleth.sso/NIM/Redirect','false'),(746,'resource','ManageNameIDService','urn:oasis:names:tc:SAML:2.0:bindings:SOAP','https://w-cah-790-01.infotech.monash.edu.au/Shibboleth.sso/NIM/SOAP','false'),(746,'resource','AssertionConsumerService','urn:oasis:names:tc:SAML:1.0:profiles:artifact-01','https://w-cah-790-01.infotech.monash.edu.au/Shibboleth.sso/SAML/Artifact','false'),(746,'resource','AssertionConsumerService','urn:oasis:names:tc:SAML:1.0:profiles:browser-post','https://w-cah-790-01.infotech.monash.edu.au/Shibboleth.sso/SAML/POST','true'),(746,'resource','AssertionConsumerService','urn:oasis:names:tc:SAML:2.0:bindings:HTTP-Artifact','https://w-cah-790-01.infotech.monash.edu.au/Shibboleth.sso/SAML2/Artifact','false'),(746,'resource','AssertionConsumerService','urn:oasis:names:tc:SAML:2.0:bindings:PAOS','https://w-cah-790-01.infotech.monash.edu.au/Shibboleth.sso/SAML2/ECP','false'),(746,'resource','AssertionConsumerService','urn:oasis:names:tc:SAML:2.0:bindings:HTTP-POST','https://w-cah-790-01.infotech.monash.edu.au/Shibboleth.sso/SAML2/POST','false'),(746,'resource','AssertionConsumerService','urn:oasis:names:tc:SAML:2.0:bindings:HTTP-POST-SimpleSign','https://w-cah-790-01.infotech.monash.edu.au/Shibboleth.sso/SAML2/POST-SimpleSign','false'),(746,'resource','SingleLogoutService','urn:oasis:names:tc:SAML:2.0:bindings:HTTP-Artifact','https://w-cah-790-01.infotech.monash.edu.au/Shibboleth.sso/SLO/Artifact','false'),(746,'resource','SingleLogoutService','urn:oasis:names:tc:SAML:2.0:bindings:HTTP-POST','https://w-cah-790-01.infotech.monash.edu.au/Shibboleth.sso/SLO/POST','false'),(746,'resource','SingleLogoutService','urn:oasis:names:tc:SAML:2.0:bindings:HTTP-Redirect','https://w-cah-790-01.infotech.monash.edu.au/Shibboleth.sso/SLO/Redirect','false'),(746,'resource','SingleLogoutService','urn:oasis:names:tc:SAML:2.0:bindings:SOAP','https://w-cah-790-01.infotech.monash.edu.au/Shibboleth.sso/SLO/SOAP','false'),(746,'resource','Status','Status','https://w-cah-790-01.infotech.monash.edu.au/Shibboleth.sso/Status','false'),(776,'resource','DiscoveryResponse','DiscoveryResponse','http://podd-aaf.metadata.net/Shibboleth.sso/DS','false'),(776,'resource','ManageNameIDService','urn:oasis:names:tc:SAML:2.0:bindings:HTTP-POST','http://podd-aaf.metadata.net/Shibboleth.sso/NIM/POST','false'),(776,'resource','ManageNameIDService','urn:oasis:names:tc:SAML:2.0:bindings:HTTP-Redirect','http://podd-aaf.metadata.net/Shibboleth.sso/NIM/Redirect','false'),(776,'resource','ManageNameIDService','urn:oasis:names:tc:SAML:2.0:bindings:SOAP','http://podd-aaf.metadata.net/Shibboleth.sso/NIM/SOAP','false'),(776,'resource','SingleLogoutService','urn:oasis:names:tc:SAML:2.0:bindings:HTTP-Artifact','http://podd-aaf.metadata.net/Shibboleth.sso/SLO/Artifact','false'),(776,'resource','SingleLogoutService','urn:oasis:names:tc:SAML:2.0:bindings:HTTP-POST','http://podd-aaf.metadata.net/Shibboleth.sso/SLO/POST','false'),(776,'resource','SingleLogoutService','urn:oasis:names:tc:SAML:2.0:bindings:HTTP-Redirect','http://podd-aaf.metadata.net/Shibboleth.sso/SLO/Redirect','false'),(776,'resource','SingleLogoutService','urn:oasis:names:tc:SAML:2.0:bindings:SOAP','http://podd-aaf.metadata.net/Shibboleth.sso/SLO/SOAP','false'),(776,'resource','AssertionConsumerService','urn:oasis:names:tc:SAML:2.0:bindings:PAOS','http://podd-aaf.metadata.net/Shibboleth.sso/SAML2/ECP','false'),(776,'resource','ManageNameIDService','urn:oasis:names:tc:SAML:2.0:bindings:HTTP-Artifact','http://podd-aaf.metadata.net/Shibboleth.sso/NIM/Artifact','false'),(776,'resource','AssertionConsumerService','urn:oasis:names:tc:SAML:2.0:bindings:HTTP-POST-SimpleSign','http://podd-aaf.metadata.net/Shibboleth.sso/SAML2/POST-SimpleSign','false'),(776,'resource','AssertionConsumerService','urn:oasis:names:tc:SAML:2.0:bindings:HTTP-POST','http://podd-aaf.metadata.net/Shibboleth.sso/SAML2/POST','false'),(776,'resource','AssertionConsumerService','urn:oasis:names:tc:SAML:1.0:profiles:artifact-01','http://podd-aaf.metadata.net/Shibboleth.sso/SAML/Artifact','false'),(776,'resource','AssertionConsumerService','urn:oasis:names:tc:SAML:1.0:profiles:browser-post','http://podd-aaf.metadata.net/Shibboleth.sso/SAML/POST','false'),(239,'sso','SingleSignOnService','urn:mace:shibboleth:1.0:profiles:AuthnRequest','https://ssqidp.smartservice.qld.gov.au/idp/SSO','false'),(239,'aa','AttributeService','urn:oasis:names:tc:SAML:1.0:bindings:SOAP-binding','https://ssqidp.smartservice.qld.gov.au:8443/idp/profile/SAML1/SOAP/AttributeQuery','false'),(242,'sso','SingleSignOnService','urn:oasis:names:tc:SAML:2.0:bindings:HTTP-POST','https://shibaa-dev.unisa.edu.au/idp/profile/SAML2/POST/SSO','false'),(242,'sso','SingleSignOnService','urn:mace:shibboleth:1.0:profiles:AuthnRequest','https://shibaa-dev.unisa.edu.au/idp/profile/Shibboleth/SSO','false'),(770,'resource','ManageNameIDService','urn:oasis:names:tc:SAML:2.0:bindings:HTTP-POST','https://itudw-wap1.ml.unisa.edu.au/Shibboleth.sso/NIM/POST','false'),(770,'resource','ManageNameIDService','urn:oasis:names:tc:SAML:2.0:bindings:HTTP-Artifact','https://itudw-wap1.ml.unisa.edu.au/Shibboleth.sso/NIM/Artifact','false'),(773,'resource','SingleLogoutService','urn:oasis:names:tc:SAML:2.0:bindings:HTTP-Redirect','https://movetomoodle.netspot.com.au/Shibboleth.sso/SLO/Redirect','false'),(773,'resource','SingleLogoutService','urn:oasis:names:tc:SAML:2.0:bindings:SOAP','https://movetomoodle.netspot.com.au/Shibboleth.sso/SLO/SOAP','false'),(773,'resource','Status','Status','https://movetomoodle.netspot.com.au/Shibboleth.sso/Status','false'),(773,'resource','DiscoveryResponse','DiscoveryResponse','https://movetomoodle.netspot.com.au/Shibboleth.sso/DS','false'),(242,'sso','SingleSignOnService','urn:oasis:names:tc:SAML:2.0:bindings:HTTP-POST-SimpleSign','https://shibaa-dev.unisa.edu.au/idp/profile/SAML2/POST-SimpleSign/SSO','false'),(242,'sso','SingleSignOnService','urn:oasis:names:tc:SAML:2.0:bindings:HTTP-Redirect','https://shibaa-dev.unisa.edu.au/idp/profile/SAML2/Redirect/SSO','false'),(242,'aa','AttributeService','urn:oasis:names:tc:SAML:1.0:bindings:SOAP-binding','https://shibaa-dev.unisa.edu.au:8443/idp/profile/SAML1/SOAP/AttributeQuery','false'),(242,'aa','AttributeService','urn:oasis:names:tc:SAML:2.0:bindings:SOAP','https://shibaa-dev.unisa.edu.au:8443/idp/profile/SAML2/SOAP/AttributeQuery','false'),(242,'ars','ArtifactResolutionService','urn:oasis:names:tc:SAML:1.0:bindings:SOAP-binding','https://shibaa-dev.unisa.edu.au:8443/idp/profile/SAML1/SOAP/ArtifactResolution','false'),(242,'ars','ArtifactResolutionService','urn:oasis:names:tc:SAML:2.0:bindings:SOAP','https://shibaa-dev.unisa.edu.au:8443/idp/profile/SAML2/SOAP/ArtifactResolution','false'),(242,'status','Status','Status','https://shibaa-dev.unisa.edu.au/idp/profile/Status','false'),(770,'resource','DiscoveryResponse','DiscoveryResponse','https://itudw-wap1.ml.unisa.edu.au/Shibboleth.sso/DS','false'),(245,'sso','SingleSignOnService','urn:oasis:names:tc:SAML:2.0:bindings:HTTP-POST','https://idmdev.app.unimelb.edu.au:8443/opensso/SSOPOST/metaAlias/idp','false'),(245,'sso','SingleSignOnService','urn:oasis:names:tc:SAML:2.0:bindings:HTTP-Redirect','https://idmdev.app.unimelb.edu.au:8443/opensso/SSORedirect/metaAlias/idp    ','false'),(779,'resource','SingleLogoutService','urn:oasis:names:tc:SAML:2.0:bindings:HTTP-Artifact','https://portaltest.sf.utas.edu.au/Shibboleth.sso/SLO/Artifact','false'),(779,'resource','AssertionConsumerService','urn:oasis:names:tc:SAML:2.0:bindings:HTTP-POST-SimpleSign','https://portaltest.sf.utas.edu.au/Shibboleth.sso/SAML2/POST-SimpleSign','false'),(779,'resource','AssertionConsumerService','urn:oasis:names:tc:SAML:2.0:bindings:HTTP-POST','https://portaltest.sf.utas.edu.au/Shibboleth.sso/SAML2/POST','false'),(779,'resource','AssertionConsumerService','urn:oasis:names:tc:SAML:2.0:bindings:PAOS','https://portaltest.sf.utas.edu.au/Shibboleth.sso/SAML2/ECP','false'),(779,'resource','AssertionConsumerService','urn:oasis:names:tc:SAML:2.0:bindings:HTTP-Artifact','https://portaltest.sf.utas.edu.au/Shibboleth.sso/SAML2/Artifact','false'),(779,'resource','AssertionConsumerService','urn:oasis:names:tc:SAML:1.0:profiles:browser-post','https://portaltest.sf.utas.edu.au/Shibboleth.sso/SAML/POST','true'),(779,'resource','AssertionConsumerService','urn:oasis:names:tc:SAML:1.0:profiles:artifact-01','https://portaltest.sf.utas.edu.au/Shibboleth.sso/SAML/Artifact','false'),(779,'resource','ManageNameIDService','urn:oasis:names:tc:SAML:2.0:bindings:SOAP','https://portaltest.sf.utas.edu.au/Shibboleth.sso/NIM/SOAP','false'),(779,'resource','ManageNameIDService','urn:oasis:names:tc:SAML:2.0:bindings:HTTP-Redirect','https://portaltest.sf.utas.edu.au/Shibboleth.sso/NIM/Redirect','false'),(779,'resource','ManageNameIDService','urn:oasis:names:tc:SAML:2.0:bindings:HTTP-POST','https://portaltest.sf.utas.edu.au/Shibboleth.sso/NIM/POST','false'),(779,'resource','ManageNameIDService','urn:oasis:names:tc:SAML:2.0:bindings:HTTP-Artifact','https://portaltest.sf.utas.edu.au/Shibboleth.sso/NIM/Artifact','false'),(779,'resource','DiscoveryResponse','DiscoveryResponse','https://portaltest.sf.utas.edu.au/Shibboleth.sso/DS','false'),(779,'resource','SingleLogoutService','urn:oasis:names:tc:SAML:2.0:bindings:HTTP-POST','https://portaltest.sf.utas.edu.au/Shibboleth.sso/SLO/POST','false'),(779,'resource','SingleLogoutService','urn:oasis:names:tc:SAML:2.0:bindings:HTTP-Redirect','https://portaltest.sf.utas.edu.au/Shibboleth.sso/SLO/Redirect','false'),(779,'resource','SingleLogoutService','urn:oasis:names:tc:SAML:2.0:bindings:SOAP','https://portaltest.sf.utas.edu.au/Shibboleth.sso/SLO/SOAP','false'),(779,'resource','Status','Status','https://portaltest.sf.utas.edu.au/Shibboleth.sso/Status','false'),(159,'ars','ArtifactResolutionService','urn:oasis:names:tc:SAML:2.0:bindings:SOAP','https://aaf-test1-idp.its.utas.edu.au:8443/idp/profile/SAML2/SOAP/ArtifactResolution ','false'),(159,'status','Status','Status','https://aaf-test1-idp.its.utas.edu.au/idp/profile/Status ','false'),(245,'aa','AttributeService','urn:oasis:names:tc:SAML:1.0:bindings:SOAP-binding','https://idmdev.app.unimelb.edu.au:8443/opensso/ArtifactResolver/metaAlias/idp     ','false'),(245,'ars','ArtifactResolutionService','urn:oasis:names:tc:SAML:2.0:bindings:SOAP','https://idmdev.app.unimelb.edu.au:8443/opensso/ArtifactResolver/metaAlias/idp    ','false'),(764,'resource','ManageNameIDService','urn:oasis:names:tc:SAML:2.0:bindings:HTTP-POST','https://eppwiki.ph.unimelb.edu.au/Shibboleth.sso/NIM/POST','false'),(764,'resource','Status','Status','https://eppwiki.ph.unimelb.edu.au/Shibboleth.sso/Status','false'),(764,'resource','SingleLogoutService','urn:oasis:names:tc:SAML:2.0:bindings:SOAP','https://eppwiki.ph.unimelb.edu.au/Shibboleth.sso/SLO/SOAP','false'),(248,'sso','SingleSignOnService','urn:mace:shibboleth:1.0:profiles:AuthnRequest','https://ssqidp.smartserver.qld.gov.au/idp/profile/Shibboleth/SSO','false'),(248,'aa','AttributeService','urn:oasis:names:tc:SAML:1.0:bindings:SOAP-binding','https://ssqidp.smartserver.qld.gov.au:8443/idp/profile/SAML1/SOAP/AttributeQuery','false'),(794,'resource','ManageNameIDService','urn:oasis:names:tc:SAML:2.0:bindings:HTTP-POST','https://arcs-dev.anu.edu.au/Shibboleth.sso/NIM/POST','false'),(785,'resource','SingleLogoutService','urn:oasis:names:tc:SAML:2.0:bindings:HTTP-Redirect','https://idmdev.app.unimelb.edu.au:8443/opensso/SPSloRedirect/metaAlias/sp1','false'),(785,'resource','SingleLogoutService','urn:oasis:names:tc:SAML:2.0:bindings:HTTP-POST','https://idmdev.app.unimelb.edu.au:8443/opensso/SPSloPOST/metaAlias/sp1','false'),(785,'resource','ManageNameIDService','urn:oasis:names:tc:SAML:2.0:bindings:SOAP','https://idmdev.app.unimelb.edu.au:8443/opensso/SPMniSoap/metaAlias/sp1','false'),(785,'resource','ManageNameIDService','urn:oasis:names:tc:SAML:2.0:bindings:HTTP-Redirect','https://idmdev.app.unimelb.edu.au:8443/opensso/SPMniRedirect/metaAlias/sp1','false'),(785,'resource','ManageNameIDService','urn:oasis:names:tc:SAML:2.0:bindings:HTTP-POST','https://idmdev.app.unimelb.edu.au:8443/opensso/SPMniPOST/metaAlias/sp1','false'),(788,'resource','AssertionConsumerService','urn:oasis:names:tc:SAML:2.0:bindings:HTTP-POST','https://dev.telescope-net.com/Shibboleth.sso/SAML2/POST','false'),(788,'resource','AssertionConsumerService','urn:oasis:names:tc:SAML:2.0:bindings:PAOS','https://dev.telescope-net.com/Shibboleth.sso/SAML2/ECP','false'),(788,'resource','AssertionConsumerService','urn:oasis:names:tc:SAML:2.0:bindings:HTTP-Artifact','https://dev.telescope-net.com/Shibboleth.sso/SAML2/Artifact','false'),(788,'resource','AssertionConsumerService','urn:oasis:names:tc:SAML:1.0:profiles:browser-post','https://dev.telescope-net.com/Shibboleth.sso/SAML/POST','true'),(788,'resource','AssertionConsumerService','urn:oasis:names:tc:SAML:1.0:profiles:artifact-01','https://dev.telescope-net.com/Shibboleth.sso/SAML/Artifact','false'),(788,'resource','ManageNameIDService','urn:oasis:names:tc:SAML:2.0:bindings:SOAP','https://dev.telescope-net.com/Shibboleth.sso/NIM/SOAP','false'),(788,'resource','ManageNameIDService','urn:oasis:names:tc:SAML:2.0:bindings:HTTP-Redirect','https://dev.telescope-net.com/Shibboleth.sso/NIM/Redirect','false'),(788,'resource','ManageNameIDService','urn:oasis:names:tc:SAML:2.0:bindings:HTTP-POST','https://dev.telescope-net.com/Shibboleth.sso/NIM/POST','false'),(788,'resource','ManageNameIDService','urn:oasis:names:tc:SAML:2.0:bindings:HTTP-Artifact','https://dev.telescope-net.com/Shibboleth.sso/NIM/Artifact','false'),(788,'resource','DiscoveryResponse','DiscoveryResponse','https://dev.telescope-net.com/Shibboleth.sso/DS','false'),(782,'resource','AssertionConsumerService','urn:oasis:names:tc:SAML:1.0:profiles:browser-post','https://aafmahara.netspot.com.au/Shibboleth.sso/SAML/POST','true'),(785,'resource','AssertionConsumerService','urn:oasis:names:tc:SAML:2.0:bindings:HTTP-Artifact','https://idmdev.app.unimelb.edu.au:8443/opensso/Consumer/metaAlias/sp1','false'),(785,'resource','AssertionConsumerService','urn:oasis:names:tc:SAML:2.0:bindings:HTTP-POST','https://idmdev.app.unimelb.edu.au:8443/opensso/Consumer/metaAlias/sp1','true'),(785,'resource','AssertionConsumerService','urn:oasis:names:tc:SAML:2.0:bindings:PAOS','https://idmdev.app.unimelb.edu.au:8443/opensso/Consumer/ECP/metaAlias/sp1','false'),(785,'resource','SingleLogoutService','urn:oasis:names:tc:SAML:2.0:bindings:SOAP','https://idmdev.app.unimelb.edu.au:8443/opensso/SPSloSoap/metaAlias/sp1','false'),(788,'resource','SingleLogoutService','urn:oasis:names:tc:SAML:2.0:bindings:HTTP-POST','https://dev.telescope-net.com/Shibboleth.sso/SLO/POST','false'),(788,'resource','SingleLogoutService','urn:oasis:names:tc:SAML:2.0:bindings:HTTP-Redirect','https://dev.telescope-net.com/Shibboleth.sso/SLO/Redirect','false'),(788,'resource','SingleLogoutService','urn:oasis:names:tc:SAML:2.0:bindings:SOAP','https://dev.telescope-net.com/Shibboleth.sso/SLO/SOAP','false'),(788,'resource','Status','Status','https://dev.telescope-net.com/Shibboleth.sso/Status','false'),(794,'resource','ManageNameIDService','urn:oasis:names:tc:SAML:2.0:bindings:HTTP-Artifact','https://arcs-dev.anu.edu.au/Shibboleth.sso/NIM/Artifact','false'),(685,'resource','SingleLogoutService','urn:oasis:names:tc:SAML:2.0:bindings:HTTP-Redirect','https://esoe-tst.qut.edu.au/Shibboleth.sso/SLO/Redirect','false'),(251,'sso','SingleSignOnService','urn:mace:shibboleth:1.0:profiles:AuthnRequest','https://ss2idp-test.versi.edu.au/simplesaml/shib13/idp/SSOService.php','false'),(251,'aa','AttributeService','urn:oasis:names:tc:SAML:1.0:bindings:SOAP-binding','https://ss2idp-test.versi.edu.au/simplesaml/shib13/idp/SSOService.php','false'),(254,'ars','ArtifactResolutionService','urn:oasis:names:tc:SAML:1.0:bindings:SOAP-binding','https://newvho.test.aaf.edu.au:8443/idp/profile/SAML1/SOAP/ArtifactResolution ','false'),(794,'resource','DiscoveryResponse','DiscoveryResponse','https://arcs-dev.anu.edu.au/Shibboleth.sso/DS','false'),(685,'resource','SingleLogoutService','urn:oasis:names:tc:SAML:2.0:bindings:HTTP-POST','https://esoe-tst.qut.edu.au/Shibboleth.sso/SLO/POST','false'),(791,'resource','AssertionConsumerService','urn:oasis:names:tc:SAML:1.0:profiles:browser-post','https://ss2.versi.edu.au/','true'),(791,'resource','AssertionConsumerService','urn:oasis:names:tc:SAML:1.0:profiles:browser-post','https://ss2.versi.edu.au/simplesaml/module.php/saml/sp/saml1-acs.php/default-sp','false'),(791,'resource','SingleLogoutService','urn:oasis:names:tc:SAML:2.0:bindings:HTTP-Redirect','https://ss2.versi.edu.au/simplesaml/module.php/saml/sp/saml2-logout.php/default-sp','false'),(794,'resource','ManageNameIDService','urn:oasis:names:tc:SAML:2.0:bindings:SOAP','https://arcs-dev.anu.edu.au/Shibboleth.sso/NIM/SOAP','false'),(794,'resource','AssertionConsumerService','urn:oasis:names:tc:SAML:1.0:profiles:artifact-01','https://arcs-dev.anu.edu.au/Shibboleth.sso/SAML/Artifact','false'),(794,'resource','AssertionConsumerService','urn:oasis:names:tc:SAML:1.0:profiles:browser-post','https://arcs-dev.anu.edu.au/Shibboleth.sso/SAML/POST','true'),(794,'resource','AssertionConsumerService','urn:oasis:names:tc:SAML:2.0:bindings:HTTP-Artifact','https://arcs-dev.anu.edu.au/Shibboleth.sso/SAML2/Artifact','false'),(794,'resource','AssertionConsumerService','urn:oasis:names:tc:SAML:2.0:bindings:PAOS','https://arcs-dev.anu.edu.au/Shibboleth.sso/SAML2/ECP','false'),(794,'resource','AssertionConsumerService','urn:oasis:names:tc:SAML:2.0:bindings:HTTP-POST','https://arcs-dev.anu.edu.au/Shibboleth.sso/SAML2/POST','false'),(794,'resource','AssertionConsumerService','urn:oasis:names:tc:SAML:2.0:bindings:HTTP-POST-SimpleSign','https://arcs-dev.anu.edu.au/Shibboleth.sso/SAML2/POST-SimpleSign','false'),(794,'resource','SingleLogoutService','urn:oasis:names:tc:SAML:2.0:bindings:HTTP-Artifact','https://arcs-dev.anu.edu.au/Shibboleth.sso/SLO/Artifact','false'),(794,'resource','SingleLogoutService','urn:oasis:names:tc:SAML:2.0:bindings:HTTP-POST','https://arcs-dev.anu.edu.au/Shibboleth.sso/SLO/POST','false'),(794,'resource','SingleLogoutService','urn:oasis:names:tc:SAML:2.0:bindings:HTTP-Redirect','https://arcs-dev.anu.edu.au/Shibboleth.sso/SLO/Redirect','false'),(794,'resource','SingleLogoutService','urn:oasis:names:tc:SAML:2.0:bindings:SOAP','https://arcs-dev.anu.edu.au/Shibboleth.sso/SLO/SOAP','false'),(794,'resource','Status','Status','https://arcs-dev.anu.edu.au/Shibboleth.sso/Status','false'),(257,'sso','SingleSignOnService','urn:mace:shibboleth:1.0:profiles:AuthnRequest','https://aaf-test.latrobe.edu.au/idp/profile/Shibboleth/SSO','false'),(257,'aa','AttributeService','urn:oasis:names:tc:SAML:1.0:bindings:SOAP-binding','https://aaf-test.latrobe.edu.au:8443/idp/profile/SAML1/SOAP/AttributeQuery','false'),(685,'resource','SingleLogoutService','urn:oasis:names:tc:SAML:2.0:bindings:SOAP','https://esoe-tst.qut.edu.au/Shibboleth.sso/SLO/SOAP','false'),(685,'resource','Status','Status','https://esoe-tst.qut.edu.au/Shibboleth.sso/Status','false'),(260,'sso','SingleSignOnService','urn:mace:shibboleth:1.0:profiles:AuthnRequest','https://arcs-dev.anu.edu.au/idp/profile/Shibboleth/SSO','false'),(260,'aa','AttributeService','urn:oasis:names:tc:SAML:1.0:bindings:SOAP-binding','https://arcs-dev.anu.edu.au:8443/idp/profile/SAML1/SOAP/AttributeQuery','false'),(254,'aa','AttributeService','urn:oasis:names:tc:SAML:2.0:bindings:SOAP','https://newvho.test.aaf.edu.au:8443/idp/profile/SAML2/SOAP/AttributeQuery ','false'),(254,'aa','AttributeService','urn:oasis:names:tc:SAML:1.0:bindings:SOAP-binding','https://newvho.test.aaf.edu.au:8443/idp/profile/SAML1/SOAP/AttributeQuery ','false'),(254,'sso','SingleSignOnService','urn:oasis:names:tc:SAML:2.0:bindings:HTTP-Redirect','https://newvho.test.aaf.edu.au/idp/profile/SAML2/Redirect/SSO ','false'),(254,'sso','SingleSignOnService','urn:oasis:names:tc:SAML:2.0:bindings:HTTP-POST-SimpleSign','https://newvho.test.aaf.edu.au/idp/profile/SAML2/POST-SimpleSign/SSO ','false'),(254,'sso','SingleSignOnService','urn:oasis:names:tc:SAML:2.0:bindings:HTTP-POST','https://newvho.test.aaf.edu.au/idp/profile/SAML2/POST/SSO ','false'),(254,'sso','SingleSignOnService','urn:mace:shibboleth:1.0:profiles:AuthnRequest','https://newvho.test.aaf.edu.au/idp/profile/Shibboleth/SSO ','false'),(254,'ars','ArtifactResolutionService','urn:oasis:names:tc:SAML:2.0:bindings:SOAP','https://newvho.test.aaf.edu.au:8443/idp/profile/SAML2/SOAP/ArtifactResolution ','false'),(254,'status','Status','Status','https://newvho.test.aaf.edu.au/idp/profile/Status ','false'),(797,'resource','SingleLogoutService','urn:oasis:names:tc:SAML:2.0:bindings:HTTP-Redirect','https://newmanager.test.aaf.edu.au/Shibboleth.sso/SLO/Redirect','false'),(797,'resource','SingleLogoutService','urn:oasis:names:tc:SAML:2.0:bindings:SOAP','https://newmanager.test.aaf.edu.au/Shibboleth.sso/SLO/SOAP','false'),(797,'resource','Status','Status','https://newmanager.test.aaf.edu.au/Shibboleth.sso/Status','false'),(797,'resource','SingleLogoutService','urn:oasis:names:tc:SAML:2.0:bindings:HTTP-Artifact','https://newmanager.test.aaf.edu.au/Shibboleth.sso/SLO/Artifact','false'),(797,'resource','SingleLogoutService','urn:oasis:names:tc:SAML:2.0:bindings:HTTP-POST','https://newmanager.test.aaf.edu.au/Shibboleth.sso/SLO/POST','false'),(797,'resource','AssertionConsumerService','urn:oasis:names:tc:SAML:2.0:bindings:HTTP-POST','https://newmanager.test.aaf.edu.au/Shibboleth.sso/SAML2/POST','false'),(797,'resource','AssertionConsumerService','urn:oasis:names:tc:SAML:2.0:bindings:HTTP-POST-SimpleSign','https://newmanager.test.aaf.edu.au/Shibboleth.sso/SAML2/POST-SimpleSign','false'),(797,'resource','AssertionConsumerService','urn:oasis:names:tc:SAML:1.0:profiles:browser-post','https://newmanager.test.aaf.edu.au/Shibboleth.sso/SAML/POST','true'),(797,'resource','AssertionConsumerService','urn:oasis:names:tc:SAML:2.0:bindings:HTTP-Artifact','https://newmanager.test.aaf.edu.au/Shibboleth.sso/SAML2/Artifact','false'),(797,'resource','AssertionConsumerService','urn:oasis:names:tc:SAML:2.0:bindings:PAOS','https://newmanager.test.aaf.edu.au/Shibboleth.sso/SAML2/ECP','false'),(797,'resource','ManageNameIDService','urn:oasis:names:tc:SAML:2.0:bindings:SOAP','https://newmanager.test.aaf.edu.au/Shibboleth.sso/NIM/SOAP','false'),(797,'resource','AssertionConsumerService','urn:oasis:names:tc:SAML:1.0:profiles:artifact-01','https://newmanager.test.aaf.edu.au/Shibboleth.sso/SAML/Artifact','false'),(800,'resource','DiscoveryResponse','DiscoveryResponse','https://newvho.test.aaf.edu.au/Shibboleth.sso/DS','false'),(800,'resource','ManageNameIDService','urn:oasis:names:tc:SAML:2.0:bindings:HTTP-Artifact','https://newvho.test.aaf.edu.au/Shibboleth.sso/NIM/Artifact','false'),(800,'resource','ManageNameIDService','urn:oasis:names:tc:SAML:2.0:bindings:HTTP-POST','https://newvho.test.aaf.edu.au/Shibboleth.sso/NIM/POST','false'),(800,'resource','ManageNameIDService','urn:oasis:names:tc:SAML:2.0:bindings:HTTP-Redirect','https://newvho.test.aaf.edu.au/Shibboleth.sso/NIM/Redirect','false'),(800,'resource','ManageNameIDService','urn:oasis:names:tc:SAML:2.0:bindings:SOAP','https://newvho.test.aaf.edu.au/Shibboleth.sso/NIM/SOAP','false'),(800,'resource','AssertionConsumerService','urn:oasis:names:tc:SAML:1.0:profiles:artifact-01','https://newvho.test.aaf.edu.au/Shibboleth.sso/SAML/Artifact','false'),(800,'resource','AssertionConsumerService','urn:oasis:names:tc:SAML:1.0:profiles:browser-post','https://newvho.test.aaf.edu.au/Shibboleth.sso/SAML/POST','true'),(800,'resource','AssertionConsumerService','urn:oasis:names:tc:SAML:2.0:bindings:HTTP-Artifact','https://newvho.test.aaf.edu.au/Shibboleth.sso/SAML2/Artifact','false'),(800,'resource','AssertionConsumerService','urn:oasis:names:tc:SAML:2.0:bindings:PAOS','https://newvho.test.aaf.edu.au/Shibboleth.sso/SAML2/ECP','false'),(800,'resource','AssertionConsumerService','urn:oasis:names:tc:SAML:2.0:bindings:HTTP-POST','https://newvho.test.aaf.edu.au/Shibboleth.sso/SAML2/POST','false'),(800,'resource','AssertionConsumerService','urn:oasis:names:tc:SAML:2.0:bindings:HTTP-POST-SimpleSign','https://newvho.test.aaf.edu.au/Shibboleth.sso/SAML2/POST-SimpleSign','false'),(800,'resource','SingleLogoutService','urn:oasis:names:tc:SAML:2.0:bindings:HTTP-Artifact','https://newvho.test.aaf.edu.au/Shibboleth.sso/SLO/Artifact','false'),(800,'resource','SingleLogoutService','urn:oasis:names:tc:SAML:2.0:bindings:HTTP-POST','https://newvho.test.aaf.edu.au/Shibboleth.sso/SLO/POST','false'),(800,'resource','SingleLogoutService','urn:oasis:names:tc:SAML:2.0:bindings:HTTP-Redirect','https://newvho.test.aaf.edu.au/Shibboleth.sso/SLO/Redirect','false'),(800,'resource','SingleLogoutService','urn:oasis:names:tc:SAML:2.0:bindings:SOAP','https://newvho.test.aaf.edu.au/Shibboleth.sso/SLO/SOAP','false'),(800,'resource','Status','Status','https://newvho.test.aaf.edu.au/Shibboleth.sso/Status','false'),(803,'resource','DiscoveryResponse','DiscoveryResponse','https://www.test.aaf.edu.au/Shibboleth.sso/DS','false'),(803,'resource','ManageNameIDService','urn:oasis:names:tc:SAML:2.0:bindings:HTTP-Artifact','https://www.test.aaf.edu.au/Shibboleth.sso/NIM/Artifact','false'),(803,'resource','ManageNameIDService','urn:oasis:names:tc:SAML:2.0:bindings:HTTP-POST','https://www.test.aaf.edu.au/Shibboleth.sso/NIM/POST','false'),(803,'resource','ManageNameIDService','urn:oasis:names:tc:SAML:2.0:bindings:HTTP-Redirect','https://www.test.aaf.edu.au/Shibboleth.sso/NIM/Redirect','false'),(803,'resource','ManageNameIDService','urn:oasis:names:tc:SAML:2.0:bindings:SOAP','https://www.test.aaf.edu.au/Shibboleth.sso/NIM/SOAP','false'),(803,'resource','AssertionConsumerService','urn:oasis:names:tc:SAML:1.0:profiles:artifact-01','https://www.test.aaf.edu.au/Shibboleth.sso/SAML/Artifact','false'),(803,'resource','AssertionConsumerService','urn:oasis:names:tc:SAML:1.0:profiles:browser-post','https://www.test.aaf.edu.au/Shibboleth.sso/SAML/POST','true'),(803,'resource','AssertionConsumerService','urn:oasis:names:tc:SAML:2.0:bindings:HTTP-Artifact','https://www.test.aaf.edu.au/Shibboleth.sso/SAML2/Artifact','false'),(803,'resource','AssertionConsumerService','urn:oasis:names:tc:SAML:2.0:bindings:PAOS','https://www.test.aaf.edu.au/Shibboleth.sso/SAML2/ECP','false'),(803,'resource','AssertionConsumerService','urn:oasis:names:tc:SAML:2.0:bindings:HTTP-POST','https://www.test.aaf.edu.au/Shibboleth.sso/SAML2/POST','false'),(803,'resource','AssertionConsumerService','urn:oasis:names:tc:SAML:2.0:bindings:HTTP-POST-SimpleSign','https://www.test.aaf.edu.au/Shibboleth.sso/SAML2/POST-SimpleSign','false'),(803,'resource','SingleLogoutService','urn:oasis:names:tc:SAML:2.0:bindings:HTTP-Artifact','https://www.test.aaf.edu.au/Shibboleth.sso/SLO/Artifact','false'),(803,'resource','SingleLogoutService','urn:oasis:names:tc:SAML:2.0:bindings:HTTP-POST','https://www.test.aaf.edu.au/Shibboleth.sso/SLO/POST','false'),(803,'resource','SingleLogoutService','urn:oasis:names:tc:SAML:2.0:bindings:HTTP-Redirect','https://www.test.aaf.edu.au/Shibboleth.sso/SLO/Redirect','false'),(803,'resource','SingleLogoutService','urn:oasis:names:tc:SAML:2.0:bindings:SOAP','https://www.test.aaf.edu.au/Shibboleth.sso/SLO/SOAP','false'),(803,'resource','Status','Status','https://www.test.aaf.edu.au/Shibboleth.sso/Status','false'),(806,'resource','SingleLogoutService','urn:oasis:names:tc:SAML:2.0:bindings:HTTP-Artifact','https://monitor.test.aaf.edu.au/Shibboleth.sso/SLO/Artifact','false'),(806,'resource','AssertionConsumerService','urn:oasis:names:tc:SAML:2.0:bindings:HTTP-POST-SimpleSign','https://monitor.test.aaf.edu.au/Shibboleth.sso/SAML2/POST-SimpleSign','false'),(806,'resource','AssertionConsumerService','urn:oasis:names:tc:SAML:2.0:bindings:HTTP-POST','https://monitor.test.aaf.edu.au/Shibboleth.sso/SAML2/POST','false'),(806,'resource','AssertionConsumerService','urn:oasis:names:tc:SAML:2.0:bindings:PAOS','https://monitor.test.aaf.edu.au/Shibboleth.sso/SAML2/ECP','false'),(806,'resource','AssertionConsumerService','urn:oasis:names:tc:SAML:2.0:bindings:HTTP-Artifact','https://monitor.test.aaf.edu.au/Shibboleth.sso/SAML2/Artifact','false'),(806,'resource','AssertionConsumerService','urn:oasis:names:tc:SAML:1.0:profiles:browser-post','https://monitor.test.aaf.edu.au/Shibboleth.sso/SAML/POST','true'),(806,'resource','AssertionConsumerService','urn:oasis:names:tc:SAML:1.0:profiles:artifact-01','https://monitor.test.aaf.edu.au/Shibboleth.sso/SAML/Artifact','false'),(806,'resource','ManageNameIDService','urn:oasis:names:tc:SAML:2.0:bindings:SOAP','https://monitor.test.aaf.edu.au/Shibboleth.sso/NIM/SOAP','false'),(806,'resource','ManageNameIDService','urn:oasis:names:tc:SAML:2.0:bindings:HTTP-Redirect','https://monitor.test.aaf.edu.au/Shibboleth.sso/NIM/Redirect','false'),(806,'resource','ManageNameIDService','urn:oasis:names:tc:SAML:2.0:bindings:HTTP-POST','https://monitor.test.aaf.edu.au/Shibboleth.sso/NIM/POST','false'),(806,'resource','ManageNameIDService','urn:oasis:names:tc:SAML:2.0:bindings:HTTP-Artifact','https://monitor.test.aaf.edu.au/Shibboleth.sso/NIM/Artifact','false'),(806,'resource','DiscoveryResponse','DiscoveryResponse','https://monitor.test.aaf.edu.au/Shibboleth.sso/DS','false'),(809,'resource','DiscoveryResponse','DiscoveryResponse','https://wiki.test.aaf.edu.au/Shibboleth.sso/DS','false'),(809,'resource','ManageNameIDService','urn:oasis:names:tc:SAML:2.0:bindings:HTTP-Artifact','https://wiki.test.aaf.edu.au/Shibboleth.sso/NIM/Artifact','false'),(809,'resource','ManageNameIDService','urn:oasis:names:tc:SAML:2.0:bindings:HTTP-POST','https://wiki.test.aaf.edu.au/Shibboleth.sso/NIM/POST','false'),(809,'resource','ManageNameIDService','urn:oasis:names:tc:SAML:2.0:bindings:HTTP-Redirect','https://wiki.test.aaf.edu.au/Shibboleth.sso/NIM/Redirect','false'),(809,'resource','ManageNameIDService','urn:oasis:names:tc:SAML:2.0:bindings:SOAP','https://wiki.test.aaf.edu.au/Shibboleth.sso/NIM/SOAP','false'),(809,'resource','AssertionConsumerService','urn:oasis:names:tc:SAML:1.0:profiles:artifact-01','https://wiki.test.aaf.edu.au/Shibboleth.sso/SAML/Artifact','false'),(809,'resource','AssertionConsumerService','urn:oasis:names:tc:SAML:1.0:profiles:browser-post','https://wiki.test.aaf.edu.au/Shibboleth.sso/SAML/POST','true'),(809,'resource','AssertionConsumerService','urn:oasis:names:tc:SAML:2.0:bindings:HTTP-Artifact','https://wiki.test.aaf.edu.au/Shibboleth.sso/SAML2/Artifact','false'),(809,'resource','AssertionConsumerService','urn:oasis:names:tc:SAML:2.0:bindings:PAOS','https://wiki.test.aaf.edu.au/Shibboleth.sso/SAML2/ECP','false'),(809,'resource','AssertionConsumerService','urn:oasis:names:tc:SAML:2.0:bindings:HTTP-POST','https://wiki.test.aaf.edu.au/Shibboleth.sso/SAML2/POST','false'),(809,'resource','AssertionConsumerService','urn:oasis:names:tc:SAML:2.0:bindings:HTTP-POST-SimpleSign','https://wiki.test.aaf.edu.au/Shibboleth.sso/SAML2/POST-SimpleSign','false'),(809,'resource','SingleLogoutService','urn:oasis:names:tc:SAML:2.0:bindings:HTTP-Artifact','https://wiki.test.aaf.edu.au/Shibboleth.sso/SLO/Artifact','false'),(809,'resource','SingleLogoutService','urn:oasis:names:tc:SAML:2.0:bindings:HTTP-POST','https://wiki.test.aaf.edu.au/Shibboleth.sso/SLO/POST','false'),(809,'resource','SingleLogoutService','urn:oasis:names:tc:SAML:2.0:bindings:HTTP-Redirect','https://wiki.test.aaf.edu.au/Shibboleth.sso/SLO/Redirect','false'),(809,'resource','SingleLogoutService','urn:oasis:names:tc:SAML:2.0:bindings:SOAP','https://wiki.test.aaf.edu.au/Shibboleth.sso/SLO/SOAP','false'),(809,'resource','Status','Status','https://wiki.test.aaf.edu.au/Shibboleth.sso/Status','false'),(770,'resource','SingleLogoutService','urn:oasis:names:tc:SAML:2.0:bindings:HTTP-POST','https://itudw-wap1.ml.unisa.edu.au/Shibboleth.sso/SLO/POST','false'),(770,'resource','SingleLogoutService','urn:oasis:names:tc:SAML:2.0:bindings:HTTP-Redirect','https://itudw-wap1.ml.unisa.edu.au/Shibboleth.sso/SLO/Redirect','false'),(770,'resource','SingleLogoutService','urn:oasis:names:tc:SAML:2.0:bindings:SOAP','https://itudw-wap1.ml.unisa.edu.au/Shibboleth.sso/SLO/SOAP','false'),(770,'resource','Status','Status','https://itudw-wap1.ml.unisa.edu.au/Shibboleth.sso/Status','false'),(791,'resource','AssertionConsumerService','urn:oasis:names:tc:SAML:2.0:bindings:HTTP-POST','https://ss2.versi.edu.au/simplesaml/module.php/saml/sp/saml2-acs.php/default-sp','false'),(797,'resource','ManageNameIDService','urn:oasis:names:tc:SAML:2.0:bindings:HTTP-Redirect','https://newmanager.test.aaf.edu.au/Shibboleth.sso/NIM/Redirect','false'),(797,'resource','ManageNameIDService','urn:oasis:names:tc:SAML:2.0:bindings:HTTP-POST','https://newmanager.test.aaf.edu.au/Shibboleth.sso/NIM/POST','false'),(797,'resource','ManageNameIDService','urn:oasis:names:tc:SAML:2.0:bindings:HTTP-Artifact','https://newmanager.test.aaf.edu.au/Shibboleth.sso/NIM/Artifact','false'),(263,'aa','AttributeService','urn:oasis:names:tc:SAML:1.0:bindings:SOAP-binding','https://auth02.ac3.edu.au:8443/idp/profile/SAML1/SOAP/AttributeQuery ','false'),(263,'sso','SingleSignOnService','urn:mace:shibboleth:1.0:profiles:AuthnRequest','https://auth02.ac3.edu.au/idp/profile/Shibboleth/SSO ','false'),(797,'resource','DiscoveryResponse','DiscoveryResponse','https://newmanager.test.aaf.edu.au/Shibboleth.sso/DS','false'),(144,'ars','ArtifactResolutionService','urn:oasis:names:tc:SAML:2.0:bindings:SOAP','https://vho.test.aaf.edu.au:8443/idp/profile/SAML2/SOAP/ArtifactResolution   ','false'),(144,'status','Status','Status','https://vho.test.aaf.edu.au/idp/profile/Status   ','false'),(266,'sso','SingleSignOnService','urn:mace:shibboleth:1.0:profiles:AuthnRequest','https://idp-test.csu.edu.au/idp/profile/Shibboleth/SSO','false'),(266,'aa','AttributeService','urn:oasis:names:tc:SAML:1.0:bindings:SOAP-binding','https://idp-test.csu.edu.au:8443/idp/profile/SAML1/SOAP/AttributeQuery','false'),(269,'sso','SingleSignOnService','urn:mace:shibboleth:1.0:profiles:AuthnRequest','https://idp1-aaftest.usq.edu.au/idp/profile/Shibboleth/SSO','false'),(269,'aa','AttributeService','urn:oasis:names:tc:SAML:1.0:bindings:SOAP-binding','https://idp1-aaftest.usq.edu.au:8443/idp/profile/SAML1/SOAP/AttributeQuery','false'),(806,'resource','SingleLogoutService','urn:oasis:names:tc:SAML:2.0:bindings:HTTP-POST','https://monitor.test.aaf.edu.au/Shibboleth.sso/SLO/POST','false'),(806,'resource','SingleLogoutService','urn:oasis:names:tc:SAML:2.0:bindings:HTTP-Redirect','https://monitor.test.aaf.edu.au/Shibboleth.sso/SLO/Redirect','false'),(806,'resource','SingleLogoutService','urn:oasis:names:tc:SAML:2.0:bindings:SOAP','https://monitor.test.aaf.edu.au/Shibboleth.sso/SLO/SOAP','false'),(806,'resource','Status','Status','https://monitor.test.aaf.edu.au/Shibboleth.sso/Status','false'),(818,'resource','DiscoveryResponse','DiscoveryResponse','https://gmt.test.aaf.edu.au/Shibboleth.sso/DS','false'),(818,'resource','ManageNameIDService','urn:oasis:names:tc:SAML:2.0:bindings:HTTP-Artifact','https://gmt.test.aaf.edu.au/Shibboleth.sso/NIM/Artifact','false'),(818,'resource','ManageNameIDService','urn:oasis:names:tc:SAML:2.0:bindings:HTTP-POST','https://gmt.test.aaf.edu.au/Shibboleth.sso/NIM/POST','false'),(818,'resource','ManageNameIDService','urn:oasis:names:tc:SAML:2.0:bindings:HTTP-Redirect','https://gmt.test.aaf.edu.au/Shibboleth.sso/NIM/Redirect','false'),(818,'resource','ManageNameIDService','urn:oasis:names:tc:SAML:2.0:bindings:SOAP','https://gmt.test.aaf.edu.au/Shibboleth.sso/NIM/SOAP','false'),(818,'resource','AssertionConsumerService','urn:oasis:names:tc:SAML:1.0:profiles:artifact-01','https://gmt.test.aaf.edu.au/Shibboleth.sso/SAML/Artifact','false'),(818,'resource','AssertionConsumerService','urn:oasis:names:tc:SAML:1.0:profiles:browser-post','https://gmt.test.aaf.edu.au/Shibboleth.sso/SAML/POST','true'),(818,'resource','AssertionConsumerService','urn:oasis:names:tc:SAML:2.0:bindings:HTTP-Artifact','https://gmt.test.aaf.edu.au/Shibboleth.sso/SAML2/Artifact','false'),(818,'resource','AssertionConsumerService','urn:oasis:names:tc:SAML:2.0:bindings:PAOS','https://gmt.test.aaf.edu.au/Shibboleth.sso/SAML2/ECP','false'),(818,'resource','AssertionConsumerService','urn:oasis:names:tc:SAML:2.0:bindings:HTTP-POST','https://gmt.test.aaf.edu.au/Shibboleth.sso/SAML2/POST','false'),(818,'resource','AssertionConsumerService','urn:oasis:names:tc:SAML:2.0:bindings:HTTP-POST-SimpleSign','https://gmt.test.aaf.edu.au/Shibboleth.sso/SAML2/POST-SimpleSign','false'),(818,'resource','SingleLogoutService','urn:oasis:names:tc:SAML:2.0:bindings:HTTP-Artifact','https://gmt.test.aaf.edu.au/Shibboleth.sso/SLO/Artifact','false'),(818,'resource','SingleLogoutService','urn:oasis:names:tc:SAML:2.0:bindings:HTTP-POST','https://gmt.test.aaf.edu.au/Shibboleth.sso/SLO/POST','false'),(818,'resource','SingleLogoutService','urn:oasis:names:tc:SAML:2.0:bindings:HTTP-Redirect','https://gmt.test.aaf.edu.au/Shibboleth.sso/SLO/Redirect','false'),(818,'resource','SingleLogoutService','urn:oasis:names:tc:SAML:2.0:bindings:SOAP','https://gmt.test.aaf.edu.au/Shibboleth.sso/SLO/SOAP','false'),(818,'resource','Status','Status','https://gmt.test.aaf.edu.au/Shibboleth.sso/Status','false');
/*!40000 ALTER TABLE `serviceLocations` ENABLE KEYS */;
UNLOCK TABLES;

--
-- Table structure for table `t_attributeUse`
--

DROP TABLE IF EXISTS `t_attributeUse`;
/*!40101 SET @saved_cs_client     = @@character_set_client */;
/*!40101 SET character_set_client = utf8 */;
CREATE TABLE `t_attributeUse` (
  `resourceID` int(6) NOT NULL DEFAULT '0',
  `attributeID` int(6) NOT NULL DEFAULT '0',
  `attributeUseType` enum('required','desired') NOT NULL DEFAULT 'desired',
  `reason` varchar(255) NOT NULL DEFAULT '',
  `userID` int(6) NOT NULL DEFAULT '0',
  `timestamp` timestamp NOT NULL DEFAULT CURRENT_TIMESTAMP ON UPDATE CURRENT_TIMESTAMP,
  PRIMARY KEY (`resourceID`,`attributeID`)
) ENGINE=MyISAM DEFAULT CHARSET=utf8;
/*!40101 SET character_set_client = @saved_cs_client */;

--
-- Dumping data for table `t_attributeUse`
--

LOCK TABLES `t_attributeUse` WRITE;
/*!40000 ALTER TABLE `t_attributeUse` DISABLE KEYS */;
INSERT INTO `t_attributeUse` VALUES (743,2,'required','',557,'2010-07-19 04:29:16'),(779,12,'required','',821,'2010-07-09 03:55:24'),(779,13,'required','',821,'2010-07-09 03:55:24'),(779,47,'required','',821,'2010-07-09 03:55:24'),(779,50,'required','',821,'2010-07-09 03:55:24'),(740,1,'required','',740,'2010-07-20 07:54:03'),(740,11,'required','',740,'2010-07-20 07:54:03'),(743,61,'required','',557,'2010-07-19 04:29:10'),(743,47,'required','',557,'2010-07-19 04:29:11'),(743,1,'required','',557,'2010-07-19 04:29:12'),(743,52,'required','',557,'2010-07-19 04:29:13'),(743,8,'required','',557,'2010-07-19 04:29:14'),(743,50,'required','',557,'2010-07-19 04:29:15'),(740,49,'required','',740,'2010-07-20 07:54:03');
/*!40000 ALTER TABLE `t_attributeUse` ENABLE KEYS */;
UNLOCK TABLES;

--
-- Table structure for table `t_certData`
--

DROP TABLE IF EXISTS `t_certData`;
/*!40101 SET @saved_cs_client     = @@character_set_client */;
/*!40101 SET character_set_client = utf8 */;
CREATE TABLE `t_certData` (
  `objectID` int(6) NOT NULL DEFAULT '0',
  `objectType` enum('resource') NOT NULL DEFAULT 'resource',
  `certData` text,
  `certFingerprint` varchar(64) NOT NULL DEFAULT '',
  `userID` int(6) NOT NULL DEFAULT '0',
  `timestamp` timestamp NOT NULL DEFAULT CURRENT_TIMESTAMP ON UPDATE CURRENT_TIMESTAMP,
  PRIMARY KEY (`objectID`,`objectType`,`certFingerprint`)
) ENGINE=MyISAM DEFAULT CHARSET=utf8;
/*!40101 SET character_set_client = @saved_cs_client */;

--
-- Dumping data for table `t_certData`
--

LOCK TABLES `t_certData` WRITE;
/*!40000 ALTER TABLE `t_certData` DISABLE KEYS */;
INSERT INTO `t_certData` VALUES (740,'resource','MIIDSDCCAjCgAwIBAgIJALl7Ip7NoYwuMA0GCSqGSIb3DQEBBQUAMCYxJDAiBgNV\nBAMTG3JlYWRpbmdsaXN0cy5saWIubW9uYXNoLmVkdTAeFw0xMDA1MDcwODU0MjBa\nFw0xMTA1MDcwODU0MjBaMCYxJDAiBgNVBAMTG3JlYWRpbmdsaXN0cy5saWIubW9u\nYXNoLmVkdTCCASIwDQYJKoZIhvcNAQEBBQADggEPADCCAQoCggEBAMlg76R5ixsU\n81OgjiF4fXb/5PWc44TwLsJhFYsplop1p+dSQTYeUTYkNK8inUGyJqadRU8w2p0n\n6+74k77g7TjsE5+6BRuHgwOOfSaNxxm+Opr38ROrQ7fy9i+xYLiaLyoMIg9S+fxm\nV0st3Sd9Ct3TzaoBWFXdP0k4SrxLlwb4+zLLhNmlBKhNHYa7iN8bAEXQ7lmIVZU6\nfVtZUTiclmkJi7iFGrL2r+K3+ZxL7R+pvcmFdAoCoY7A/4+p/DYGQcdI5j6nV1aB\nCgnKGiT88AqgmR5jGl/1Jlxt5+05yIlc6s5bWEHtwyVHtYBo94vPEO5OSi/cb7nK\nZABFHN41daMCAwEAAaN5MHcwVgYDVR0RBE8wTYIbcmVhZGluZ2xpc3RzLmxpYi5t\nb25hc2guZWR1hi5odHRwczovL3JlYWRpbmdsaXN0cy5saWIubW9uYXNoLmVkdS9z\naGliYm9sZXRoMB0GA1UdDgQWBBSBdDa1aGNbyx381T9135Ank1YmnjANBgkqhkiG\n9w0BAQUFAAOCAQEAFZS/rA4oPNfA8KXbbT3TPdN55nW0BRMVcnLCaQh4MLlyRcpr\nVwdADs9NwOikrnejHsbokzm4w36bw4EpWmpC02pzczw8NXP6H7yQf9sikx8dDNOu\nr0gkmqiMTrDYFxh0mfkX9a8qMo20WRcdr4mHozTbWQ5BPqCEtjmBZYrzDAHfh5GJ\nhkflxg4fFYQ8YZP3JF0RRRf0BHfHF8JRO+aOzAKoxAinrpLnsTiUEjj/GDWgweZ/\nkLe6v4GHFwSv8CRPW3s14VTTGlgQLF7AsfI/pXJD+GjwY4x1/kks+J3SV36anl2D\nUF+Mkb1EeM3wRl1vVlxLyadCo2ByHmt/sh5R2A==','08:47:3C:45:66:BE:8E:09:87:2E:DB:E1:A1:CB:34:C4:88:85:86:C2',740,'2010-07-20 07:54:03'),(707,'resource','MIIDLDCCAhSgAwIBAgIJANOVdFHUHhF+MA0GCSqGSIb3DQEBBQUAMB8xHTAbBgNV\nBAMTFHNwLXRlc3QudmVyc2kuZWR1LmF1MB4XDTA5MDkwMjAxNDQyN1oXDTE5MDgz\nMTAxNDQyN1owHzEdMBsGA1UEAxMUc3AtdGVzdC52ZXJzaS5lZHUuYXUwggEiMA0G\nCSqGSIb3DQEBAQUAA4IBDwAwggEKAoIBAQCn8iLXWL8wFvhphSaShq2wrmil2j9Q\n2wOG2/QuTZIq0+RJbJi9eNxrJWH7s2rRS1Q4Hwy+WcxAF70kDUZE59sAQdLwCQql\nCShZi9zNXnpJxLpOk/oKTK1dsTO85RUYk9YG9m8by6VOjrJb3bw2T4yFoF6GREyQ\nHrBviLQs9SSbBU7S/eVL0c4IGncNTd/QwULCXs+dXOPgN/38KrG5CkIlhQLrO4ME\nAfa+DSzGFVyMI+mliECUTvyRvJ8gEC09fWGLcJheVBv2/QQ/PZpQN8CB7zf6z05Y\nhExZx7IzjfFojAaBkkEEnkVnRT/NGJ+aQStZgzONxlZ7NRxx/9tJbf9JAgMBAAGj\nazBpMEgGA1UdEQRBMD+CFHNwLXRlc3QudmVyc2kuZWR1LmF1hidodHRwczovL3Nw\nLXRlc3QudmVyc2kuZWR1LmF1L3NoaWJib2xldGgwHQYDVR0OBBYEFGMpl+tFzkCr\nY6vMDDpDc5I9293cMA0GCSqGSIb3DQEBBQUAA4IBAQCjw1AehvhqakXVQuF255A4\nAQUFhCwFONxvJggd7obine9ADFP3op9jJWqxCb+SrjsZ5AHIW8Mci2caKGJvvpel\ndMxV/RDbLyuK2hJy1HrsZUx0F2jZmzlYdeecbkDLdfpau834eAK/JHgrTdMofF0q\nZv5P7zM2cuh0du+7aOJgc0hyefQK6NDGEewnz78IuB5tf0+31J2l3GBkPq8i8vN1\nM9EuoEwrlyCbu0nDBIKJo91vEZjhC8Rn+HD+wxkSwRp1v1WcDbWFCQQKsgfJVblD\nQy7OACvnEsf/6dXSCnWbkbPafnjepxgvQngHtM/gRjQiNX1HsB9elKFgrCTBIPCc','6C:F7:B1:2B:5D:54:31:34:4D:3E:BB:93:C8:B6:6C:4C:AE:B2:22:98',557,'2010-04-22 00:25:25'),(743,'resource','MIIDPDCCAiSgAwIBAgIJAJ/cYcVcsytBMA0GCSqGSIb3DQEBBQUAMCMxITAfBgNV\nBAMTGHNoaWJ0ZXN0LmluZm9ybWl0LmNvbS5hdTAeFw0xMDA0MTYwNTA5NDNaFw0x\nMzA0MTUwNTA5NDNaMCMxITAfBgNVBAMTGHNoaWJ0ZXN0LmluZm9ybWl0LmNvbS5h\ndTCCASIwDQYJKoZIhvcNAQEBBQADggEPADCCAQoCggEBAM4AokNBFlOqTT6ouYt7\nncEeUaLLKiGRFjpV9nrdkgSXWWkyaOyrcl0vmtXQEQyE4bDzU6v2PGLn0kgwuCig\n2OCMB09XmvnoScrYA8vKVkTwg30QVNWJrB6dkGAwKSKiQKAmoV0fy8+V2Eg4yKzy\nX7AcpiUroDDbC5oveQfeZczp8WY6+q4oCuYS/D3mJ+131ROZusvfuKHwm+yVAhCQ\n1FC8VlYPXfwLXlJHpIW2JfxaXG0Sm5UVML5vrF269spzyzPnjdhQtiHbjchs1QBb\nv6Y2P7JxBFYpD2licqtiFB8Ykh2ddRC0vwZo5l+L2y1c/JqisWiH7tW0s+rPmIVL\naGUCAwEAAaNzMHEwUAYDVR0RBEkwR4IYc2hpYnRlc3QuaW5mb3JtaXQuY29tLmF1\nhitodHRwczovL3NoaWJ0ZXN0LmluZm9ybWl0LmNvbS5hdS9zaGliYm9sZXRoMB0G\nA1UdDgQWBBQVRS6FHWVUwRrJEZLZRs5bES7EcTANBgkqhkiG9w0BAQUFAAOCAQEA\nrytShJlj0tzwPzXEKhQBA3nT8g0PxzwOHBaeRUHe3zOdyEzJfFh2f4Ua/0sUjIh2\n0kAmFSIsUxMTTwPp+GLVLc/3o6DqoTtCd49SfSU8VJJfjxieAGQCjVx9kRoQ+KKD\n9eB3ym+CFaIZKpXg4DY6LzZwqOQNW4puE+tjc7jK4MOnHh4ji8hLIax1ebLk5deF\nWQzd4f6Dun4uoC/K27wEYb4V5YJ2snOkNU5QK5hZIZDMJd+unWcgmSX8cOvIt5uv\nkKvGHpaAGp/dCUxw9gejxFA6Fu3H21hCkAyorPpUcnSaa/32DIW3qAUh1af3Zfb2\nw4TYPsUpR5fSwDoJ1pYYKQ==','F3:3C:AA:DC:DF:48:A4:79:A2:04:4E:7F:08:D5:A7:2B:9F:C0:6F:4A',557,'2010-07-19 04:29:38'),(779,'resource','MIIDEzCCAfugAwIBAgIJAP2A/6b0jfkxMA0GCSqGSIb3DQEBBQUAMBUxEzARBgNV\nBAMTCnBvcnRhbHRlc3QwHhcNMTAwNzA1MDc0OTM0WhcNMjAwNzAyMDc0OTM0WjAV\nMRMwEQYDVQQDEwpwb3J0YWx0ZXN0MIIBIjANBgkqhkiG9w0BAQEFAAOCAQ8AMIIB\nCgKCAQEAskRu1fyzFJDXjgc/xp/oA4FjKQQOLmxor/w1cJgv/bkn8OiM9wcNgSUP\noesYtfT/cnwYEm6kPz/N2u6hQGsNId2J+L3tAM1Q/U+wtKQNId2sjFz43UPn+GAf\notcebODeCC1pM2EaYDWZpvHT1SIlFRusLb5Vz8tETwe3deqqN1a91WLlU4jFcUXt\nX0LVVcnaoX8t5Mx5RewvMW8SOE4fUCYGpkBRvjLUj6lOPZykz54B7mInW2QPEM0q\nKfBdd4nZPBbQzQJV1YTFNp3sFJZbXvm37ORcafOfxExdu1TcOUDd17u7Am6xE4Vb\naW/7+3afWtrcZr9FUj9Koqip3E6uDQIDAQABo2YwZDBDBgNVHREEPDA6ggpwb3J0\nYWx0ZXN0hixodHRwczovL3BvcnRhbHRlc3Quc2YudXRhcy5lZHUuYXUvc2hpYmJv\nbGV0aDAdBgNVHQ4EFgQUlV+zY0UIPT3Mrccna9TmKApfn9swDQYJKoZIhvcNAQEF\nBQADggEBAIkoRf+P3GRAhH2d3MAbCBe8BLS/3bym86tiaiCror7uGPg52giDjZPd\nSE4+4fG7v8ErQeqt+FneUEERx4ZY6p4jMyzYkzEPfNNkWlpo+yMHzKhP3DSTich+\ns9fMit42tHJS8DiAKinvTi1lTMAPM9IOnnW2PLiXTvEJx2fwAINXuNtWr/YpyZTQ\nlUZHBn52AG7m8MeOtKvJRmtn0du42uDDFDWxSMpm/DYnt35JMSfFPdN0onB5Qe2u\n9XIkl2rU/tbgNQTSjjUY6d6xZLXqAgw1+rKIQXOMeGWEJCFCzAuVpBac3vXH87KF\nlpRvtb+FfM4las7fHCondgTXwfo/e8g=','03:95:0B:7A:56:66:34:17:75:0D:25:B9:D4:54:C9:83:F7:68:C5:F6',821,'2010-07-09 03:55:24');
/*!40000 ALTER TABLE `t_certData` ENABLE KEYS */;
UNLOCK TABLES;

--
-- Table structure for table `t_certSubjects`
--

DROP TABLE IF EXISTS `t_certSubjects`;
/*!40101 SET @saved_cs_client     = @@character_set_client */;
/*!40101 SET character_set_client = utf8 */;
CREATE TABLE `t_certSubjects` (
  `objectID` int(6) NOT NULL DEFAULT '0',
  `objectType` enum('resource') NOT NULL DEFAULT 'resource',
  `certSubject` varchar(255) NOT NULL DEFAULT '',
  `userID` int(6) NOT NULL DEFAULT '0',
  `timestamp` timestamp NOT NULL DEFAULT CURRENT_TIMESTAMP ON UPDATE CURRENT_TIMESTAMP,
  PRIMARY KEY (`objectID`,`objectType`)
) ENGINE=MyISAM DEFAULT CHARSET=utf8;
/*!40101 SET character_set_client = @saved_cs_client */;

--
-- Dumping data for table `t_certSubjects`
--

LOCK TABLES `t_certSubjects` WRITE;
/*!40000 ALTER TABLE `t_certSubjects` DISABLE KEYS */;
INSERT INTO `t_certSubjects` VALUES (707,'resource','sp-test.versi.edu.au',557,'2010-04-22 00:25:25'),(743,'resource','shibtest.informit.com.au',557,'2010-07-19 04:29:38'),(779,'resource','portaltest.sf.utas.edu.au',821,'2010-07-09 03:55:24'),(740,'resource','readinglists.lib.monash.edu',740,'2010-07-20 07:54:03');
/*!40000 ALTER TABLE `t_certSubjects` ENABLE KEYS */;
UNLOCK TABLES;

--
-- Table structure for table `t_contacts`
--

DROP TABLE IF EXISTS `t_contacts`;
/*!40101 SET @saved_cs_client     = @@character_set_client */;
/*!40101 SET character_set_client = utf8 */;
CREATE TABLE `t_contacts` (
  `objectID` int(6) NOT NULL DEFAULT '0',
  `objectType` enum('resource') NOT NULL DEFAULT 'resource',
  `contactName` varchar(100) NOT NULL DEFAULT '',
  `eMail` varchar(128) DEFAULT NULL,
  `contactType` enum('technical','support','administrative','billing','marketing','other') NOT NULL DEFAULT 'technical',
  `userID` int(6) NOT NULL DEFAULT '0',
  `timestamp` timestamp NOT NULL DEFAULT CURRENT_TIMESTAMP ON UPDATE CURRENT_TIMESTAMP,
  PRIMARY KEY (`objectID`,`contactName`,`contactType`,`objectType`)
) ENGINE=MyISAM DEFAULT CHARSET=utf8;
/*!40101 SET character_set_client = @saved_cs_client */;

--
-- Dumping data for table `t_contacts`
--

LOCK TABLES `t_contacts` WRITE;
/*!40000 ALTER TABLE `t_contacts` DISABLE KEYS */;
INSERT INTO `t_contacts` VALUES (779,'resource','Yingjie Zhao / TPAC','yingjiez@utas.edu.au','administrative',821,'2010-07-09 03:55:51'),(707,'resource','Damien Mannix','damien.mannix@versi.edu.au','technical',557,'2010-04-22 00:21:05'),(707,'resource','Damien Mannix','damien.mannix@versi.edu.au','support',557,'2010-04-22 00:21:05'),(707,'resource','Damien Mannix','damien.mannix@versi.edu.au','administrative',557,'2010-04-22 00:21:05'),(710,'resource','Bruc Liong','bliong@melcoe.mq.edu.au','technical',569,'2009-09-03 06:17:16'),(710,'resource','Bruc Liong','bliong@melcoe.mq.edu.au','support',569,'2009-09-03 06:17:16'),(710,'resource','Stuart Allen','sallen@melcoe.mq.edu.au','administrative',569,'2009-09-03 06:17:16'),(815,'resource','Ross Dungavell','ross.dungavell@csiro.au','support',737,'2010-09-20 23:40:57'),(779,'resource','Yingjie Zhao / TPAC','yingjiez@utas.edu.au','technical',821,'2010-07-09 03:55:51'),(779,'resource','Yingjie Zhao / TPAC','yingjiez@utas.edu.au','support',821,'2010-07-09 03:55:51'),(815,'resource','Mark Emerson','mark.emerson@csiro.au','administrative',737,'2010-09-20 23:40:57'),(740,'resource','Nadeem Shabir','nadeem.shabir@talis.com','administrative',740,'2010-07-20 07:54:03'),(740,'resource','Nadeem Shabir','nadeem.shabir@talis.com','technical',740,'2010-07-20 07:54:03'),(740,'resource','Andrew Bate','andrew.bate@talis.com','support',740,'2010-07-20 07:54:03'),(743,'resource','Deepak Vasa','deepak.vasa@rmit.edu.au','technical',557,'2010-07-19 04:29:28'),(743,'resource','Deepak Vasa','deepak.vasa@rmit.edu.au','support',557,'2010-07-19 04:29:28'),(743,'resource','Deepak Vasa','deepak.vasa@rmit.edu.au','administrative',557,'2010-07-19 04:29:28'),(815,'resource','Ross Dungavell','ross.dungavell@csiro.au','technical',737,'2010-09-20 23:40:57');
/*!40000 ALTER TABLE `t_contacts` ENABLE KEYS */;
UNLOCK TABLES;

--
-- Table structure for table `t_homeOrgUse`
--

DROP TABLE IF EXISTS `t_homeOrgUse`;
/*!40101 SET @saved_cs_client     = @@character_set_client */;
/*!40101 SET character_set_client = utf8 */;
CREATE TABLE `t_homeOrgUse` (
  `resourceID` int(6) NOT NULL DEFAULT '0',
  `homeOrgID` int(6) NOT NULL DEFAULT '0',
  `homeOrgAccess` enum('allowed','rejected') NOT NULL DEFAULT 'allowed',
  `userID` int(6) NOT NULL DEFAULT '0',
  `timestamp` timestamp NOT NULL DEFAULT CURRENT_TIMESTAMP ON UPDATE CURRENT_TIMESTAMP,
  PRIMARY KEY (`resourceID`,`homeOrgID`)
) ENGINE=MyISAM DEFAULT CHARSET=utf8;
/*!40101 SET character_set_client = @saved_cs_client */;

--
-- Dumping data for table `t_homeOrgUse`
--

LOCK TABLES `t_homeOrgUse` WRITE;
/*!40000 ALTER TABLE `t_homeOrgUse` DISABLE KEYS */;
INSERT INTO `t_homeOrgUse` VALUES (707,162,'allowed',557,'2010-04-22 00:47:34'),(740,164,'allowed',740,'2010-07-20 07:54:03');
/*!40000 ALTER TABLE `t_homeOrgUse` ENABLE KEYS */;
UNLOCK TABLES;

--
-- Table structure for table `t_homeOrgUseType`
--

DROP TABLE IF EXISTS `t_homeOrgUseType`;
/*!40101 SET @saved_cs_client     = @@character_set_client */;
/*!40101 SET character_set_client = utf8 */;
CREATE TABLE `t_homeOrgUseType` (
  `resourceID` int(6) NOT NULL DEFAULT '0',
  `userID` int(6) NOT NULL DEFAULT '0',
  `universityAccess` enum('allowed','rejected') NOT NULL DEFAULT 'allowed',
  `marcsAccess` enum('allowed','rejected') NOT NULL DEFAULT 'allowed',
  `hospitalAccess` enum('allowed','rejected') NOT NULL DEFAULT 'allowed',
  `libraryAccess` enum('allowed','rejected') NOT NULL DEFAULT 'allowed',
  `vhoAccess` enum('allowed','rejected') NOT NULL DEFAULT 'allowed',
  `othersAccess` enum('allowed','rejected') NOT NULL DEFAULT 'allowed',
  `timestamp` timestamp NOT NULL DEFAULT CURRENT_TIMESTAMP ON UPDATE CURRENT_TIMESTAMP,
  `nzuniversityAccess` enum('allowed','rejected') NOT NULL DEFAULT 'allowed',
  PRIMARY KEY (`resourceID`)
) ENGINE=MyISAM DEFAULT CHARSET=utf8 COMMENT='Contains default, type-based access rules for each ressource';
/*!40101 SET character_set_client = @saved_cs_client */;

--
-- Dumping data for table `t_homeOrgUseType`
--

LOCK TABLES `t_homeOrgUseType` WRITE;
/*!40000 ALTER TABLE `t_homeOrgUseType` DISABLE KEYS */;
INSERT INTO `t_homeOrgUseType` VALUES (692,503,'allowed','allowed','allowed','allowed','allowed','allowed','2009-05-14 03:25:47','allowed'),(687,503,'allowed','allowed','rejected','rejected','rejected','rejected','2009-05-26 06:09:32','allowed'),(699,503,'allowed','allowed','allowed','allowed','allowed','allowed','2009-05-26 07:57:43','allowed'),(683,491,'allowed','allowed','allowed','allowed','allowed','allowed','2009-08-26 02:56:47','allowed'),(689,491,'allowed','allowed','allowed','allowed','allowed','allowed','2009-08-26 02:57:58','allowed'),(719,527,'allowed','allowed','allowed','allowed','allowed','allowed','2009-10-06 21:44:50','allowed'),(670,503,'allowed','allowed','allowed','allowed','allowed','allowed','2009-10-15 01:47:02','allowed');
/*!40000 ALTER TABLE `t_homeOrgUseType` ENABLE KEYS */;
UNLOCK TABLES;

--
-- Table structure for table `t_homeOrgUseTypeV2`
--

DROP TABLE IF EXISTS `t_homeOrgUseTypeV2`;
/*!40101 SET @saved_cs_client     = @@character_set_client */;
/*!40101 SET character_set_client = utf8 */;
CREATE TABLE `t_homeOrgUseTypeV2` (
  `resourceID` int(6) unsigned NOT NULL DEFAULT '0',
  `homeOrgType` varchar(64) NOT NULL,
  `usageType` enum('allowed','rejected') NOT NULL DEFAULT 'allowed',
  `userID` int(6) NOT NULL DEFAULT '0',
  `timestamp` timestamp NOT NULL DEFAULT CURRENT_TIMESTAMP,
  PRIMARY KEY (`resourceID`,`homeOrgType`)
) ENGINE=InnoDB DEFAULT CHARSET=latin1 ROW_FORMAT=DYNAMIC;
/*!40101 SET character_set_client = @saved_cs_client */;

--
-- Dumping data for table `t_homeOrgUseTypeV2`
--

LOCK TABLES `t_homeOrgUseTypeV2` WRITE;
/*!40000 ALTER TABLE `t_homeOrgUseTypeV2` DISABLE KEYS */;
INSERT INTO `t_homeOrgUseTypeV2` VALUES (707,'library','allowed',557,'2010-04-22 00:47:34'),(707,'marcs','allowed',557,'2010-04-22 00:47:34'),(707,'nzuniversity','allowed',557,'2010-04-22 00:47:34'),(707,'others','allowed',557,'2010-04-22 00:47:34'),(707,'university','allowed',557,'2010-04-22 00:47:34'),(707,'vho','allowed',557,'2010-04-22 00:47:34'),(740,'library','rejected',740,'2010-07-20 07:54:03'),(740,'marcs','rejected',740,'2010-07-20 07:54:03'),(740,'nzuniversity','rejected',740,'2010-07-20 07:54:03'),(740,'others','rejected',740,'2010-07-20 07:54:03'),(740,'university','rejected',740,'2010-07-20 07:54:03'),(740,'vho','rejected',740,'2010-07-20 07:54:03'),(743,'library','allowed',557,'2010-07-19 04:23:59'),(743,'marcs','allowed',557,'2010-07-19 04:23:59'),(743,'nzuniversity','allowed',557,'2010-07-19 04:23:59'),(743,'others','allowed',557,'2010-07-19 04:23:59'),(743,'university','allowed',557,'2010-07-19 04:23:59'),(743,'vho','allowed',557,'2010-07-19 04:23:59'),(779,'library','allowed',821,'2010-07-09 03:55:24'),(779,'marcs','allowed',821,'2010-07-09 03:55:24'),(779,'nzuniversity','allowed',821,'2010-07-09 03:55:24'),(779,'others','allowed',821,'2010-07-09 03:55:24'),(779,'university','allowed',821,'2010-07-09 03:55:24'),(779,'vho','allowed',821,'2010-07-09 03:55:24');
/*!40000 ALTER TABLE `t_homeOrgUseTypeV2` ENABLE KEYS */;
UNLOCK TABLES;

--
-- Table structure for table `t_keywords`
--

DROP TABLE IF EXISTS `t_keywords`;
/*!40101 SET @saved_cs_client     = @@character_set_client */;
/*!40101 SET character_set_client = utf8 */;
CREATE TABLE `t_keywords` (
  `resourceID` int(6) NOT NULL DEFAULT '0',
  `keyword` varchar(64) NOT NULL DEFAULT '',
  `language` enum('de','en','fr','it') NOT NULL DEFAULT 'en',
  `userID` int(6) NOT NULL DEFAULT '0',
  `timestamp` timestamp NOT NULL DEFAULT CURRENT_TIMESTAMP ON UPDATE CURRENT_TIMESTAMP,
  PRIMARY KEY (`resourceID`,`keyword`,`language`)
) ENGINE=MyISAM DEFAULT CHARSET=utf8;
/*!40101 SET character_set_client = @saved_cs_client */;

--
-- Dumping data for table `t_keywords`
--

LOCK TABLES `t_keywords` WRITE;
/*!40000 ALTER TABLE `t_keywords` DISABLE KEYS */;
INSERT INTO `t_keywords` VALUES (743,'public','en',557,'2010-07-19 04:23:59'),(743,'print','en',557,'2010-07-19 04:23:59'),(743,'peoples','en',557,'2010-07-19 04:23:59'),(743,'papers','en',557,'2010-07-19 04:23:59'),(743,'online','en',557,'2010-07-19 04:23:59'),(743,'newspapers','en',557,'2010-07-19 04:23:59'),(743,'new','en',557,'2010-07-19 04:23:59'),(743,'natural','en',557,'2010-07-19 04:23:59'),(743,'monographs','en',557,'2010-07-19 04:23:59'),(743,'management','en',557,'2010-07-19 04:23:59'),(743,'literature','en',557,'2010-07-19 04:23:59'),(743,'law','en',557,'2010-07-19 04:23:59'),(743,'justice','en',557,'2010-07-19 04:23:59'),(743,'journals','en',557,'2010-07-19 04:23:59'),(743,'issues','en',557,'2010-07-19 04:23:59'),(743,'informit','en',557,'2010-07-19 04:23:59'),(743,'information','en',557,'2010-07-19 04:23:59'),(743,'indigenous','en',557,'2010-07-19 04:23:59'),(743,'hospitality','en',557,'2010-07-19 04:23:59'),(743,'history)','en',557,'2010-07-19 04:23:59'),(743,'history','en',557,'2010-07-19 04:23:59'),(743,'heritage','en',557,'2010-07-19 04:23:59'),(743,'health','en',557,'2010-07-19 04:23:59'),(743,'genealogy','en',557,'2010-07-19 04:23:59'),(743,'full','en',557,'2010-07-19 04:23:59'),(743,'environment','en',557,'2010-07-19 04:23:59'),(743,'entertainment','en',557,'2010-07-19 04:23:59'),(743,'engineering','en',557,'2010-07-19 04:23:59'),(743,'education','en',557,'2010-07-19 04:23:59'),(743,'early','en',557,'2010-07-19 04:23:59'),(743,'e-titles','en',557,'2010-07-19 04:23:59'),(743,'e-resources','en',557,'2010-07-19 04:23:59'),(743,'directory','en',557,'2010-07-19 04:23:59'),(743,'design','en',557,'2010-07-19 04:23:59'),(743,'databases','en',557,'2010-07-19 04:23:59'),(743,'crime','en',557,'2010-07-19 04:23:59'),(743,'community','en',557,'2010-07-19 04:23:59'),(743,'communications','en',557,'2010-07-19 04:23:59'),(743,'citation','en',557,'2010-07-19 04:23:59'),(743,'childhood','en',557,'2010-07-19 04:23:59'),(743,'cd','en',557,'2010-07-19 04:23:59'),(743,'business','en',557,'2010-07-19 04:23:59'),(743,'building','en',557,'2010-07-19 04:23:59'),(743,'books','en',557,'2010-07-19 04:23:59'),(743,'bibliographic','en',557,'2010-07-19 04:23:59'),(743,'australian','en',557,'2010-07-19 04:23:59'),(743,'asian','en',557,'2010-07-19 04:23:59'),(743,'arts','en',557,'2010-07-19 04:23:59'),(743,'architecture','en',557,'2010-07-19 04:23:59'),(743,'and','en',557,'2010-07-19 04:23:59'),(743,'affairs','en',557,'2010-07-19 04:23:59'),(779,'shibboleth','en',821,'2010-07-09 03:55:24'),(779,'security','en',821,'2010-07-09 03:55:24'),(779,'spring','en',821,'2010-07-09 03:55:24'),(779,'tpac','en',821,'2010-07-09 03:55:24'),(743,'(family','en',557,'2010-07-19 04:23:59'),(743,'(medicine)','en',557,'2010-07-19 04:23:59'),(743,'abstract','en',557,'2010-07-19 04:23:59'),(743,'publishing','en',557,'2010-07-19 04:23:59'),(743,'reference','en',557,'2010-07-19 04:23:59'),(743,'relations','en',557,'2010-07-19 04:23:59'),(743,'reports','en',557,'2010-07-19 04:23:59'),(743,'research','en',557,'2010-07-19 04:23:59'),(743,'resources','en',557,'2010-07-19 04:23:59'),(743,'roms','en',557,'2010-07-19 04:23:59'),(743,'school','en',557,'2010-07-19 04:23:59'),(743,'science','en',557,'2010-07-19 04:23:59'),(743,'sciences','en',557,'2010-07-19 04:23:59'),(743,'secondary','en',557,'2010-07-19 04:23:59'),(743,'skills','en',557,'2010-07-19 04:23:59'),(743,'social','en',557,'2010-07-19 04:23:59'),(743,'sports','en',557,'2010-07-19 04:23:59'),(743,'technology','en',557,'2010-07-19 04:23:59'),(743,'text','en',557,'2010-07-19 04:23:59'),(743,'tourism','en',557,'2010-07-19 04:23:59'),(743,'trade','en',557,'2010-07-19 04:23:59'),(743,'zealand','en',557,'2010-07-19 04:23:59'),(815,'csiro','en',737,'2010-09-20 23:41:09'),(815,'test','en',737,'2010-09-20 23:41:09');
/*!40000 ALTER TABLE `t_keywords` ENABLE KEYS */;
UNLOCK TABLES;

--
-- Table structure for table `t_objectDescriptions`
--

DROP TABLE IF EXISTS `t_objectDescriptions`;
/*!40101 SET @saved_cs_client     = @@character_set_client */;
/*!40101 SET character_set_client = utf8 */;
CREATE TABLE `t_objectDescriptions` (
  `objectID` int(6) NOT NULL DEFAULT '0',
  `objectType` enum('resource') NOT NULL DEFAULT 'resource',
  `language` enum('de','en','fr','it') NOT NULL DEFAULT 'en',
  `descriptiveName` varchar(128) DEFAULT NULL,
  `description` text,
  `userID` int(6) NOT NULL DEFAULT '0',
  `ttimestamp` timestamp NOT NULL DEFAULT CURRENT_TIMESTAMP ON UPDATE CURRENT_TIMESTAMP,
  PRIMARY KEY (`objectID`,`objectType`,`language`)
) ENGINE=MyISAM DEFAULT CHARSET=utf8;
/*!40101 SET character_set_client = @saved_cs_client */;

--
-- Dumping data for table `t_objectDescriptions`
--

LOCK TABLES `t_objectDescriptions` WRITE;
/*!40000 ALTER TABLE `t_objectDescriptions` DISABLE KEYS */;
INSERT INTO `t_objectDescriptions` VALUES (707,'resource','en','Sp-test Confluence','confluence',557,'2010-04-22 00:18:46'),(710,'resource','en','MAMS Test Shibboleth 2 Service Provider','MAMS Test Shibboleth 2 Service Provider',569,'2009-09-03 06:01:31'),(740,'resource','en','Aspire Resource List solution at Monash','Aspire Resource List solution at Monash',740,'2010-07-20 07:54:03'),(779,'resource','en','Spring Security','integrate spring security with shibboleth',821,'2010-07-09 03:55:24'),(743,'resource','en','Informit','RMIT Publishing\'s Informit service is the premier source of online full text, multi media and index databases that deliver the majority of Australasian scholarly research to the education, research and business sectors.',557,'2010-07-19 04:25:19'),(815,'resource','en','CSIRO Test Service provider','Template SP for cloning',737,'2010-09-20 23:39:55');
/*!40000 ALTER TABLE `t_objectDescriptions` ENABLE KEYS */;
UNLOCK TABLES;

--
-- Table structure for table `t_regex`
--

DROP TABLE IF EXISTS `t_regex`;
/*!40101 SET @saved_cs_client     = @@character_set_client */;
/*!40101 SET character_set_client = utf8 */;
CREATE TABLE `t_regex` (
  `resourceID` int(6) NOT NULL DEFAULT '0',
  `attributeID` int(6) NOT NULL DEFAULT '0',
  `regex` varchar(255) DEFAULT '',
  `userID` int(6) NOT NULL DEFAULT '0',
  `timestamp` timestamp NOT NULL DEFAULT CURRENT_TIMESTAMP ON UPDATE CURRENT_TIMESTAMP,
  PRIMARY KEY (`resourceID`,`attributeID`)
) ENGINE=MyISAM DEFAULT CHARSET=utf8;
/*!40101 SET character_set_client = @saved_cs_client */;

--
-- Dumping data for table `t_regex`
--

LOCK TABLES `t_regex` WRITE;
/*!40000 ALTER TABLE `t_regex` DISABLE KEYS */;
/*!40000 ALTER TABLE `t_regex` ENABLE KEYS */;
UNLOCK TABLES;

--
-- Table structure for table `t_resources`
--

DROP TABLE IF EXISTS `t_resources`;
/*!40101 SET @saved_cs_client     = @@character_set_client */;
/*!40101 SET character_set_client = utf8 */;
CREATE TABLE `t_resources` (
  `resourceID` int(6) NOT NULL AUTO_INCREMENT,
  `mainLanguage` enum('en','de','fr','it') NOT NULL DEFAULT 'en',
  `federationID` smallint(6) NOT NULL DEFAULT '0',
  `homeURL` varchar(255) NOT NULL DEFAULT '',
  `providerID` varchar(255) NOT NULL DEFAULT '',
  `homeOrg` varchar(64) NOT NULL DEFAULT '',
  `validFrom` date NOT NULL DEFAULT '0000-00-00',
  `validUntil` date NOT NULL DEFAULT '0000-00-00',
  `errorURL` varchar(255) DEFAULT NULL,
  `relyingParty` varchar(255) NOT NULL,
  `visible` enum('true','false') NOT NULL DEFAULT 'true',
  `setup` varchar(16) DEFAULT NULL,
  `privateKey` varchar(128) DEFAULT NULL,
  `certificate` varchar(128) DEFAULT NULL,
  `librarypath` varchar(128) DEFAULT NULL,
  `userID` int(6) NOT NULL DEFAULT '0',
  `timestamp` timestamp NOT NULL DEFAULT CURRENT_TIMESTAMP ON UPDATE CURRENT_TIMESTAMP,
  `monitor` enum('YES','NO') NOT NULL DEFAULT 'NO',
  `mon_ping` enum('YES','NO') NOT NULL DEFAULT 'NO',
  `mon_time` enum('YES','NO') NOT NULL DEFAULT 'NO',
  `mon_cert` enum('YES','NO') NOT NULL DEFAULT 'NO',
  `mon_shib` enum('YES','NO') NOT NULL DEFAULT 'NO',
  `mon_http` enum('YES','NO') NOT NULL DEFAULT 'NO',
  PRIMARY KEY (`resourceID`),
  KEY `homeOrg` (`homeOrg`),
  KEY `validFrom` (`validFrom`),
  KEY `validUntil` (`validUntil`),
  KEY `federationID` (`federationID`),
  KEY `providerID` (`providerID`),
  KEY `timestamp` (`timestamp`)
) ENGINE=MyISAM AUTO_INCREMENT=819 DEFAULT CHARSET=utf8;
/*!40101 SET character_set_client = @saved_cs_client */;

--
-- Dumping data for table `t_resources`
--

LOCK TABLES `t_resources` WRITE;
/*!40000 ALTER TABLE `t_resources` DISABLE KEYS */;
INSERT INTO `t_resources` VALUES (710,'en',1,'https://stuart1.mams.org.au/','https://stuart1.mams.org.au/shibboleth','mams.melcoe.mq.edu.au','2009-09-03','0000-00-00','https://manager.test.aaf.edu.au/support','','true',NULL,NULL,NULL,NULL,569,'2009-09-03 06:01:31','','','','','',''),(707,'en',1,'https://sp-test.versi.edu.au/','https://sp-test.versi.edu.au/shibboleth','versi.edu.au','2009-09-02','2011-09-02','','','true',NULL,NULL,NULL,NULL,557,'2010-04-22 00:16:14','NO','NO','NO','NO','NO','NO'),(740,'en',1,'http://readinglists.lib.monash.edu/index.html','https://readinglists.lib.monash.edu/shibboleth','vho.test.aaf.edu.au','2010-05-05','0000-00-00','','','false',NULL,NULL,NULL,NULL,740,'2010-07-20 07:54:03','NO','NO','NO','NO','NO','NO'),(743,'en',1,'http://search.informit.com.au/','https://shibtest.informit.com.au/shibboleth','rmit.edu.au','2010-04-16','0000-00-00','http://www.informit.com.au/support.html','','true',NULL,NULL,NULL,NULL,557,'2010-07-19 04:25:16','NO','NO','NO','NO','NO','NO'),(779,'en',1,'https://portaltest.sf.utas.edu.au/','https://portaltest.sf.utas.edu.au/shibboleth','utas.edu.au','2010-07-08','0000-00-00','','','true',NULL,NULL,NULL,NULL,821,'2010-07-09 03:55:24','NO','NO','NO','NO','NO','NO'),(815,'en',1,'https://aafsp-dev.csiro.au/','https://aafsp-dev.csiro.au/shibboleth','csiro.au','2010-09-21','0000-00-00','http://intranet.csiro.au/intranet/imt/it/index.htm','','true',NULL,NULL,NULL,NULL,737,'2010-09-20 23:39:55','NO','NO','NO','NO','NO','NO');
/*!40000 ALTER TABLE `t_resources` ENABLE KEYS */;
UNLOCK TABLES;

--
-- Table structure for table `t_serviceLocations`
--

DROP TABLE IF EXISTS `t_serviceLocations`;
/*!40101 SET @saved_cs_client     = @@character_set_client */;
/*!40101 SET character_set_client = utf8 */;
CREATE TABLE `t_serviceLocations` (
  `objectID` int(6) NOT NULL DEFAULT '0',
  `objectType` enum('resource') NOT NULL DEFAULT 'resource',
  `serviceType` enum('AssertionConsumerService','ManageNameIDService','SingleLogoutService','SingleSignOnService','AttributeService','ArtifactResolutionService','Status','DiscoveryResponse') NOT NULL DEFAULT 'AssertionConsumerService',
  `serviceBinding` enum('urn:mace:shibboleth:1.0:profiles:AuthnRequest','urn:oasis:names:tc:SAML:1.0:profiles:browser-post','urn:oasis:names:tc:SAML:1.0:profiles:artifact-01','urn:oasis:names:tc:SAML:1.0:bindings:SOAP-binding','urn:oasis:names:tc:SAML:2.0:bindings:SOAP','urn:oasis:names:tc:SAML:2.0:bindings:HTTP-Redirect','urn:oasis:names:tc:SAML:2.0:bindings:HTTP-POST','urn:oasis:names:tc:SAML:2.0:bindings:HTTP-Artifact','urn:oasis:names:tc:SAML:2.0:bindings:HTTP-POST-SimpleSign','urn:oasis:names:tc:SAML:2.0:bindings:PAOS','urn:oasis:names:tc:SAML:2.0:bindings:SOAP-binding','Status','DiscoveryResponse') NOT NULL DEFAULT 'urn:oasis:names:tc:SAML:1.0:profiles:browser-post',
  `serviceLocation` varchar(255) NOT NULL DEFAULT '',
  `userID` int(6) NOT NULL DEFAULT '0',
  `timestamp` timestamp NOT NULL DEFAULT CURRENT_TIMESTAMP ON UPDATE CURRENT_TIMESTAMP,
  `defaultLocation` enum('false','true') NOT NULL DEFAULT 'false',
  PRIMARY KEY (`objectID`,`objectType`,`serviceLocation`),
  KEY `objectID` (`objectID`,`objectType`)
) ENGINE=MyISAM DEFAULT CHARSET=utf8;
/*!40101 SET character_set_client = @saved_cs_client */;

--
-- Dumping data for table `t_serviceLocations`
--

LOCK TABLES `t_serviceLocations` WRITE;
/*!40000 ALTER TABLE `t_serviceLocations` DISABLE KEYS */;
INSERT INTO `t_serviceLocations` VALUES (743,'resource','Status','Status','https://shibtest.informit.com.au/Shibboleth.sso/Status',557,'2010-07-19 04:29:35','false'),(743,'resource','ManageNameIDService','urn:oasis:names:tc:SAML:2.0:bindings:HTTP-Artifact','https://shibtest.informit.com.au/Shibboleth.sso/NIM/Artifact',557,'2010-07-19 04:29:35','false'),(743,'resource','ManageNameIDService','urn:oasis:names:tc:SAML:2.0:bindings:HTTP-POST','https://shibtest.informit.com.au/Shibboleth.sso/NIM/POST',557,'2010-07-19 04:29:35','false'),(743,'resource','ManageNameIDService','urn:oasis:names:tc:SAML:2.0:bindings:HTTP-Redirect','https://shibtest.informit.com.au/Shibboleth.sso/NIM/Redirect',557,'2010-07-19 04:29:35','false'),(710,'resource','DiscoveryResponse','DiscoveryResponse','https://stuart1.mams.org.au/Shibboleth.sso/DS',569,'2009-09-03 06:25:45','false'),(710,'resource','AssertionConsumerService','urn:oasis:names:tc:SAML:1.0:profiles:artifact-01','https://stuart1.mams.org.au/Shibboleth.sso/SAML/Artifact',569,'2009-09-03 06:25:45','false'),(710,'resource','AssertionConsumerService','urn:oasis:names:tc:SAML:2.0:bindings:HTTP-POST','https://stuart1.mams.org.au/Shibboleth.sso/SAML2/POST',569,'2009-09-03 06:25:45','false'),(710,'resource','AssertionConsumerService','urn:oasis:names:tc:SAML:2.0:bindings:HTTP-POST-SimpleSign','https://stuart1.mams.org.au/Shibboleth.sso/SAML2/POST-SimpleSign',569,'2009-09-03 06:25:45','false'),(710,'resource','AssertionConsumerService','urn:oasis:names:tc:SAML:2.0:bindings:HTTP-Artifact','https://stuart1.mams.org.au/Shibboleth.sso/SAML2/Artifact',569,'2009-09-03 06:25:45','false'),(710,'resource','AssertionConsumerService','urn:oasis:names:tc:SAML:2.0:bindings:PAOS','https://stuart1.mams.org.au/Shibboleth.sso/SAML2/ECP',569,'2009-09-03 06:25:45','false'),(710,'resource','SingleLogoutService','urn:oasis:names:tc:SAML:2.0:bindings:SOAP','https://stuart1.mams.org.au/Shibboleth.sso/SLO/SOAP',569,'2009-09-03 06:25:45','false'),(710,'resource','SingleLogoutService','urn:oasis:names:tc:SAML:2.0:bindings:HTTP-Redirect','https://stuart1.mams.org.au/Shibboleth.sso/SLO/Redirect',569,'2009-09-03 06:25:45','false'),(710,'resource','SingleLogoutService','urn:oasis:names:tc:SAML:2.0:bindings:HTTP-POST','https://stuart1.mams.org.au/Shibboleth.sso/SLO/POST',569,'2009-09-03 06:25:45','false'),(710,'resource','SingleLogoutService','urn:oasis:names:tc:SAML:2.0:bindings:HTTP-Artifact','https://stuart1.mams.org.au/Shibboleth.sso/SLO/Artifact',569,'2009-09-03 06:25:45','false'),(710,'resource','ManageNameIDService','urn:oasis:names:tc:SAML:2.0:bindings:SOAP','https://stuart1.mams.org.au/Shibboleth.sso/NIM/SOAP',569,'2009-09-03 06:25:45','false'),(710,'resource','ManageNameIDService','urn:oasis:names:tc:SAML:2.0:bindings:HTTP-Redirect','https://stuart1.mams.org.au/Shibboleth.sso/NIM/Redirect',569,'2009-09-03 06:25:45','false'),(710,'resource','ManageNameIDService','urn:oasis:names:tc:SAML:2.0:bindings:HTTP-POST','https://stuart1.mams.org.au/Shibboleth.sso/NIM/POST',569,'2009-09-03 06:25:45','false'),(710,'resource','ManageNameIDService','urn:oasis:names:tc:SAML:2.0:bindings:HTTP-Artifact','https://stuart1.mams.org.au/Shibboleth.sso/NIM/Artifact',569,'2009-09-03 06:25:45','false'),(710,'resource','Status','Status','https://stuart1.mams.org.au/Shibboleth.sso/Status',569,'2009-09-03 06:25:45','false'),(710,'resource','AssertionConsumerService','urn:oasis:names:tc:SAML:1.0:profiles:browser-post','https://stuart1.mams.org.au/Shibboleth.sso/SAML/POST',569,'2009-09-03 06:25:45','true'),(743,'resource','ManageNameIDService','urn:oasis:names:tc:SAML:2.0:bindings:SOAP','https://shibtest.informit.com.au/Shibboleth.sso/NIM/SOAP',557,'2010-07-19 04:29:35','false'),(743,'resource','SingleLogoutService','urn:oasis:names:tc:SAML:2.0:bindings:HTTP-Artifact','https://shibtest.informit.com.au/Shibboleth.sso/SLO/Artifact',557,'2010-07-19 04:29:35','false'),(743,'resource','SingleLogoutService','urn:oasis:names:tc:SAML:2.0:bindings:HTTP-POST','https://shibtest.informit.com.au/Shibboleth.sso/SLO/POST',557,'2010-07-19 04:29:35','false'),(743,'resource','SingleLogoutService','urn:oasis:names:tc:SAML:2.0:bindings:HTTP-Redirect','https://shibtest.informit.com.au/Shibboleth.sso/SLO/Redirect',557,'2010-07-19 04:29:35','false'),(743,'resource','SingleLogoutService','urn:oasis:names:tc:SAML:2.0:bindings:SOAP','https://shibtest.informit.com.au/Shibboleth.sso/SLO/SOAP',557,'2010-07-19 04:29:35','false'),(743,'resource','AssertionConsumerService','urn:oasis:names:tc:SAML:2.0:bindings:PAOS','https://shibtest.informit.com.au/Shibboleth.sso/SAML2/ECP',557,'2010-07-19 04:29:35','false'),(743,'resource','AssertionConsumerService','urn:oasis:names:tc:SAML:2.0:bindings:HTTP-Artifact','https://shibtest.informit.com.au/Shibboleth.sso/SAML2/Artifact',557,'2010-07-19 04:29:35','false'),(707,'resource','DiscoveryResponse','DiscoveryResponse','https://sp-test.versi.edu.au/Shibboleth.sso/DS',557,'2010-04-22 00:25:07','false'),(707,'resource','Status','Status','https://sp-test.versi.edu.au/Shibboleth.sso/Status',557,'2010-04-22 00:25:07','false'),(707,'resource','ManageNameIDService','urn:oasis:names:tc:SAML:2.0:bindings:HTTP-Artifact','https://sp-test.versi.edu.au/Shibboleth.sso/NIM/Artifact',557,'2010-04-22 00:25:07','false'),(707,'resource','ManageNameIDService','urn:oasis:names:tc:SAML:2.0:bindings:HTTP-POST','https://sp-test.versi.edu.au/Shibboleth.sso/NIM/POST',557,'2010-04-22 00:25:07','false'),(707,'resource','ManageNameIDService','urn:oasis:names:tc:SAML:2.0:bindings:HTTP-Redirect','https://sp-test.versi.edu.au/Shibboleth.sso/NIM/Redirect',557,'2010-04-22 00:25:07','false'),(707,'resource','ManageNameIDService','urn:oasis:names:tc:SAML:2.0:bindings:SOAP','https://sp-test.versi.edu.au/Shibboleth.sso/NIM/SOAP',557,'2010-04-22 00:25:07','false'),(707,'resource','SingleLogoutService','urn:oasis:names:tc:SAML:2.0:bindings:HTTP-Artifact','https://sp-test.versi.edu.au/Shibboleth.sso/SLO/Artifact',557,'2010-04-22 00:25:07','false'),(707,'resource','SingleLogoutService','urn:oasis:names:tc:SAML:2.0:bindings:HTTP-POST','https://sp-test.versi.edu.au/Shibboleth.sso/SLO/POST',557,'2010-04-22 00:25:07','false'),(707,'resource','SingleLogoutService','urn:oasis:names:tc:SAML:2.0:bindings:HTTP-Redirect','https://sp-test.versi.edu.au/Shibboleth.sso/SLO/Redirect',557,'2010-04-22 00:25:07','false'),(707,'resource','SingleLogoutService','urn:oasis:names:tc:SAML:2.0:bindings:SOAP','https://sp-test.versi.edu.au/Shibboleth.sso/SLO/SOAP',557,'2010-04-22 00:25:07','false'),(707,'resource','AssertionConsumerService','urn:oasis:names:tc:SAML:2.0:bindings:PAOS','https://sp-test.versi.edu.au/Shibboleth.sso/SAML2/ECP',557,'2010-04-22 00:25:07','false'),(707,'resource','AssertionConsumerService','urn:oasis:names:tc:SAML:2.0:bindings:HTTP-Artifact','https://sp-test.versi.edu.au/Shibboleth.sso/SAML2/Artifact',557,'2010-04-22 00:25:07','false'),(707,'resource','AssertionConsumerService','urn:oasis:names:tc:SAML:2.0:bindings:HTTP-POST','https://sp-test.versi.edu.au/Shibboleth.sso/SAML2/POST',557,'2010-04-22 00:25:07','false'),(707,'resource','AssertionConsumerService','urn:oasis:names:tc:SAML:2.0:bindings:HTTP-POST-SimpleSign','https://sp-test.versi.edu.au/Shibboleth.sso/SAML2/POST-SimpleSign',557,'2010-04-22 00:25:07','false'),(707,'resource','AssertionConsumerService','urn:oasis:names:tc:SAML:1.0:profiles:artifact-01','https://sp-test.versi.edu.au/Shibboleth.sso/SAML/Artifact',557,'2010-04-22 00:25:07','false'),(743,'resource','AssertionConsumerService','urn:oasis:names:tc:SAML:2.0:bindings:HTTP-POST-SimpleSign','https://shibtest.informit.com.au/Shibboleth.sso/SAML2/POST-SimpleSign',557,'2010-07-19 04:29:35','false'),(743,'resource','AssertionConsumerService','urn:oasis:names:tc:SAML:1.0:profiles:browser-post','https://shibtest.informit.com.au/Shibboleth.sso/SAML/POST',557,'2010-07-19 04:29:35','true'),(743,'resource','AssertionConsumerService','urn:oasis:names:tc:SAML:1.0:profiles:artifact-01','https://shibtest.informit.com.au/Shibboleth.sso/SAML/Artifact',557,'2010-07-19 04:29:35','false'),(743,'resource','AssertionConsumerService','urn:oasis:names:tc:SAML:2.0:bindings:HTTP-POST','https://shibtest.informit.com.au/Shibboleth.sso/SAML2/POST',557,'2010-07-19 04:29:35','false'),(707,'resource','AssertionConsumerService','urn:oasis:names:tc:SAML:1.0:profiles:browser-post','https://sp-test.versi.edu.au/Shibboleth.sso/SAML/POST',557,'2010-04-22 00:25:07','true'),(743,'resource','DiscoveryResponse','DiscoveryResponse','https://shibtest.informit.com.au/Shibboleth.sso/DS',557,'2010-07-19 04:29:35','false'),(815,'resource','AssertionConsumerService','urn:oasis:names:tc:SAML:1.0:profiles:browser-post','https://aafsp-dev.csiro.au/Shibboleth.sso/SAML/POST',737,'2010-09-20 23:47:05','true'),(740,'resource','AssertionConsumerService','urn:oasis:names:tc:SAML:2.0:bindings:HTTP-POST','http://readinglists.lib.monash.edu/saml/assertions',740,'2010-07-20 07:54:03','false'),(740,'resource','SingleLogoutService','urn:oasis:names:tc:SAML:2.0:bindings:HTTP-Redirect','http://readinglists.lib.monash.edu/saml/saml2/sp/SingleLogoutService.php',740,'2010-07-20 07:54:03','false'),(740,'resource','AssertionConsumerService','urn:oasis:names:tc:SAML:1.0:profiles:browser-post','https://readinglists.lib.monash.edu/Shibboleth.sso/SAML/POST',740,'2010-07-20 07:54:03','true'),(779,'resource','SingleLogoutService','urn:oasis:names:tc:SAML:2.0:bindings:HTTP-Artifact','https://portaltest.sf.utas.edu.au/Shibboleth.sso/SLO/Artifact',821,'2010-07-09 03:55:24','false'),(779,'resource','AssertionConsumerService','urn:oasis:names:tc:SAML:2.0:bindings:HTTP-POST-SimpleSign','https://portaltest.sf.utas.edu.au/Shibboleth.sso/SAML2/POST-SimpleSign',821,'2010-07-09 03:55:24','false'),(779,'resource','AssertionConsumerService','urn:oasis:names:tc:SAML:2.0:bindings:HTTP-POST','https://portaltest.sf.utas.edu.au/Shibboleth.sso/SAML2/POST',821,'2010-07-09 03:55:24','false'),(779,'resource','AssertionConsumerService','urn:oasis:names:tc:SAML:2.0:bindings:PAOS','https://portaltest.sf.utas.edu.au/Shibboleth.sso/SAML2/ECP',821,'2010-07-09 03:55:24','false'),(779,'resource','AssertionConsumerService','urn:oasis:names:tc:SAML:2.0:bindings:HTTP-Artifact','https://portaltest.sf.utas.edu.au/Shibboleth.sso/SAML2/Artifact',821,'2010-07-09 03:55:24','false'),(779,'resource','AssertionConsumerService','urn:oasis:names:tc:SAML:1.0:profiles:browser-post','https://portaltest.sf.utas.edu.au/Shibboleth.sso/SAML/POST',821,'2010-07-09 03:55:24','true'),(779,'resource','AssertionConsumerService','urn:oasis:names:tc:SAML:1.0:profiles:artifact-01','https://portaltest.sf.utas.edu.au/Shibboleth.sso/SAML/Artifact',821,'2010-07-09 03:55:24','false'),(779,'resource','ManageNameIDService','urn:oasis:names:tc:SAML:2.0:bindings:SOAP','https://portaltest.sf.utas.edu.au/Shibboleth.sso/NIM/SOAP',821,'2010-07-09 03:55:24','false'),(779,'resource','ManageNameIDService','urn:oasis:names:tc:SAML:2.0:bindings:HTTP-Redirect','https://portaltest.sf.utas.edu.au/Shibboleth.sso/NIM/Redirect',821,'2010-07-09 03:55:24','false'),(779,'resource','ManageNameIDService','urn:oasis:names:tc:SAML:2.0:bindings:HTTP-POST','https://portaltest.sf.utas.edu.au/Shibboleth.sso/NIM/POST',821,'2010-07-09 03:55:24','false'),(779,'resource','ManageNameIDService','urn:oasis:names:tc:SAML:2.0:bindings:HTTP-Artifact','https://portaltest.sf.utas.edu.au/Shibboleth.sso/NIM/Artifact',821,'2010-07-09 03:55:24','false'),(779,'resource','DiscoveryResponse','DiscoveryResponse','https://portaltest.sf.utas.edu.au/Shibboleth.sso/DS',821,'2010-07-09 03:55:24','false'),(779,'resource','SingleLogoutService','urn:oasis:names:tc:SAML:2.0:bindings:HTTP-POST','https://portaltest.sf.utas.edu.au/Shibboleth.sso/SLO/POST',821,'2010-07-09 03:55:24','false'),(779,'resource','SingleLogoutService','urn:oasis:names:tc:SAML:2.0:bindings:HTTP-Redirect','https://portaltest.sf.utas.edu.au/Shibboleth.sso/SLO/Redirect',821,'2010-07-09 03:55:24','false'),(779,'resource','SingleLogoutService','urn:oasis:names:tc:SAML:2.0:bindings:SOAP','https://portaltest.sf.utas.edu.au/Shibboleth.sso/SLO/SOAP',821,'2010-07-09 03:55:24','false'),(779,'resource','Status','Status','https://portaltest.sf.utas.edu.au/Shibboleth.sso/Status',821,'2010-07-09 03:55:24','false');
/*!40000 ALTER TABLE `t_serviceLocations` ENABLE KEYS */;
UNLOCK TABLES;

--
-- Table structure for table `t_status`
--

DROP TABLE IF EXISTS `t_status`;
/*!40101 SET @saved_cs_client     = @@character_set_client */;
/*!40101 SET character_set_client = utf8 */;
CREATE TABLE `t_status` (
  `resourceID` int(4) NOT NULL DEFAULT '0',
  `userID` int(4) NOT NULL DEFAULT '0',
  `res_basic` enum('optional','incomplete','unchanged','complete') NOT NULL DEFAULT 'incomplete',
  `res_descriptions` enum('optional','incomplete','unchanged','complete') NOT NULL DEFAULT 'optional',
  `res_contacts` enum('optional','incomplete','unchanged','complete') NOT NULL DEFAULT 'incomplete',
  `res_keywords` enum('optional','incomplete','unchanged','complete') NOT NULL DEFAULT 'optional',
  `res_serviceLocations` enum('optional','incomplete','unchanged','complete') NOT NULL DEFAULT 'incomplete',
  `res_certs` enum('optional','incomplete','unchanged','complete') NOT NULL DEFAULT 'incomplete',
  `res_attrs` enum('optional','incomplete','unchanged','complete') NOT NULL DEFAULT 'incomplete',
  `res_homeorgs` enum('optional','incomplete','unchanged','complete') NOT NULL DEFAULT 'incomplete',
  `overallState` enum('modified','tobeapproved','tobedeleted') NOT NULL DEFAULT 'modified',
  `res_monitors` enum('optional','incomplete','unchanged','complete') NOT NULL DEFAULT 'incomplete',
  PRIMARY KEY (`resourceID`)
) ENGINE=MyISAM DEFAULT CHARSET=utf8 COMMENT='Contains status of temporary resources';
/*!40101 SET character_set_client = @saved_cs_client */;

--
-- Dumping data for table `t_status`
--

LOCK TABLES `t_status` WRITE;
/*!40000 ALTER TABLE `t_status` DISABLE KEYS */;
INSERT INTO `t_status` VALUES (707,557,'complete','complete','complete','complete','complete','complete','complete','complete','modified','complete'),(710,569,'complete','optional','complete','complete','complete','incomplete','incomplete','incomplete','modified','incomplete'),(743,557,'complete','complete','complete','complete','complete','complete','complete','complete','tobeapproved','complete'),(779,821,'unchanged','unchanged','complete','complete','unchanged','unchanged','unchanged','unchanged','modified','unchanged'),(740,740,'unchanged','unchanged','unchanged','unchanged','unchanged','unchanged','unchanged','unchanged','modified','unchanged'),(815,737,'complete','optional','complete','complete','complete','incomplete','incomplete','incomplete','modified','incomplete');
/*!40000 ALTER TABLE `t_status` ENABLE KEYS */;
UNLOCK TABLES;

--
-- Table structure for table `users`
--

DROP TABLE IF EXISTS `users`;
/*!40101 SET @saved_cs_client     = @@character_set_client */;
/*!40101 SET character_set_client = utf8 */;
CREATE TABLE `users` (
  `userID` int(6) NOT NULL AUTO_INCREMENT,
  `uniqueID` varchar(256) NOT NULL,
  `givenName` varchar(64) NOT NULL DEFAULT '',
  `surname` varchar(64) NOT NULL DEFAULT '',
  `eMail` varchar(128) NOT NULL DEFAULT '',
  `homeOrgName` varchar(64) NOT NULL DEFAULT '',
  `affiliation` varchar(64) NOT NULL DEFAULT '',
  `phone` varchar(32) NOT NULL,
  `mobile` varchar(32) NOT NULL,
  `vhoUniqueID` varchar(256) DEFAULT NULL,
  `vhoLoginName` varchar(256) DEFAULT NULL,
  `dbAdmin` enum('false','true') NOT NULL DEFAULT 'false',
  `active` enum('false','true') NOT NULL DEFAULT 'true',
  `lastAccess` timestamp NOT NULL DEFAULT CURRENT_TIMESTAMP,
  PRIMARY KEY (`userID`),
  KEY `uniqueID` (`uniqueID`)
) ENGINE=MyISAM AUTO_INCREMENT=876 DEFAULT CHARSET=utf8;
/*!40101 SET character_set_client = @saved_cs_client */;

--
-- Dumping data for table `users`
--

LOCK TABLES `users` WRITE;
/*!40000 ALTER TABLE `users` DISABLE KEYS */;
INSERT INTO `users` VALUES (406,'https://auth-test-idp.qut.edu.au/idp/shibboleth!-!eaef20fd-cebc-4d44-899b-02cb4cd739bf','Shaun','Mangelsdorf','s.mangelsdorf@qut.edu.au','qut.edu.au','','3138 1703','3138 1703','','','true','true','2009-10-21 20:00:03'),(408,'https://auth-test-idp.qut.edu.au/idp/shibboleth!-!5a40dc39-e484-46fe-b934-d6ceccfce1d9','AAF TEST','Federation Lite','test@example.com','qut.edu.au','','','','','','false','true','2009-02-12 02:38:07'),(502,'https://vho.test.aaf.edu.au/idp/shibboleth!-!451036f6-2379-456e-b8d8-827a5167064a','Terry','Smith','t.smith@aaf.edu.au','vho.test.aaf.edu.au','','','0414692424',NULL,NULL,'true','true','2010-09-30 06:32:05'),(503,'https://auth-test-idp.qut.edu.au/idp/shibboleth!-!8f6b005a-57f7-49f5-861d-d4f4fdf90c85','Terence','Smith','t.smith@qut.edu.au','qut.edu.au','','+414692424','+414692424',NULL,NULL,'true','true','2010-09-16 00:51:45'),(656,'https://idp-test.versi.edu.au/idp/shibboleth!-!b35ce76d-1c47-496b-a0f4-a74ecfb34fe3','Michael','D\'Silva','michael.dsilva@versi.edu.au','versi.edu.au','','','',NULL,NULL,'false','true','2009-12-17 01:35:51'),(410,'https://auth-test-idp.qut.edu.au/idp/shibboleth!-!xWS+fAWxLCRycxrzSaahtLA3j/4=','Bradley','Beddoes','beddoes@intient.com','qut.edu.au','','','','','','false','true','2009-01-30 04:38:37'),(417,'https://unisa.edu.au/idp/shibboleth!-!053b3d46-cf03-4745-b5ea-007fe8c32bbe','Brook','Schofield','brook.schofield@unisa.edu.au','unisa.edu.au','member','','','','','false','true','2009-04-07 00:03:14'),(499,'https://manager.test.aaf.edu.au/idp/shibboleth!-!8689c2ea-877a-4c96-ad4c-fedd8f07880c','Terry','Smith','t.smith@qut.edu.au','vho.test.aaf.edu.au','','3138 2424','3138 2424',NULL,NULL,'false','true','2009-04-30 02:51:38'),(566,'https://shib3.its.monash.edu.au/idp/shibboleth!-!6bdf515c-f396-42e5-b473-6e1c574e1c4b','Xiaoming','Yu','xiaoming.yu@its.monash.edu.au','monash.edu.au','staff','','',NULL,NULL,'false','true','2009-12-03 23:45:44'),(418,'','David','Gameau','david.gameau@unisa.edu.au','unisa.edu.au','member','','','','','false','false','2009-02-26 04:07:21'),(419,'hgArazFkSemj_77iBnCh1SRbP2k@urn:mace:federation.org.au:testfed:arcs.ramp.org.au','researcher','pgresearcher','researcher@arcs.org.au','arcs.ramp.org.au','','','','','','false','true','2009-02-27 02:29:09'),(635,'','David Richardson','','david.richardson@griffith.edu.au','griffith.edu.au','','','',NULL,NULL,'false','false','2009-12-04 00:01:33'),(638,'','ACU Shibboleth admins','','shibboleth-admins@lists.acu.edu.au','acu.edu.au','','','',NULL,NULL,'false','false','2009-12-08 07:24:56'),(425,'https://auth-test-idp.qut.edu.au/idp/shibboleth!-!78e632ff-6f51-4794-9102-b78494d76e79','Han','Tran','h.tran@qut.edu.au','qut.edu.au','','3138 2775','','','','false','true','2009-03-05 05:13:57'),(653,'https://vho.test.aaf.edu.au/idp/shibboleth!-!aeefe386-6e56-4320-9599-794023e9f114','Michal','Prochazka','michalp@ics.muni.cz','vho.test.aaf.edu.au','','','',NULL,NULL,'false','true','2010-05-27 11:51:05'),(491,'b9233bec4f2dffb6fc841b55a24f7f9cfee668ed@uq.edu.au','Rodney Graeme','McDuff','r.mcduff@uq.edu.au','uq.edu.au','staff','66898','66898',NULL,NULL,'false','true','2009-10-08 05:55:46'),(429,'https://unisa.edu.au/idp/shibboleth!-!pgEDftvbEi+HHhNdIT2KZG8MZQ4=','Stephen','Stone','stephen.stone@unisa.edu.au','unisa.edu.au','member','','','','','false','true','2009-03-13 04:06:43'),(487,'','Damien Chen','','damien.chen@arcs.org.au','ramp.org.au','','','',NULL,NULL,'false','false','2009-03-26 04:19:39'),(641,'https://dev-auth-idp.griffith.edu.au/idp/shibboleth!-!SzZjb2R71VRIt+Qb9ZnClQR/9TE=','David','Richardson','david.richardson@griffith.edu.au','griffith.edu.au','employee;member;staff','','',NULL,NULL,'false','true','2009-12-09 04:49:14'),(489,'e6d51aeb9ac4985052d89f05f81d4682fedcef1f@uq.edu.au','Rodney Graeme','McDuff','r.mcduff@uq.edu.au','uq.edu.au','staff','66898','66898',NULL,NULL,'false','true','2009-03-27 05:04:27'),(480,'https://dev-auth-idp.griffith.edu.au/idp/shibboleth!-!85abb4e3-9dba-44e0-b9eb-b29a10be96b8','David','Richardson','david.richardson@griffith.edu.au','griffith.edu.au','member;employee;staff','','',NULL,NULL,'false','true','2010-09-30 04:57:04'),(779,'','Terry Smith','','t.smith@qut.edu.au','starflower.qut.edu.au','','','',NULL,NULL,'false','false','2010-05-10 03:46:06'),(482,'https://auth-test-idp.qut.edu.au/idp/shibboleth!-!71290051-abba-464d-8abe-362dbb7bd422','Bradley','Beddoes','b.beddoes@qut.edu.au','qut.edu.au','','3138 1702','0413768802',NULL,NULL,'true','true','2010-09-16 05:58:15'),(493,'https://aaf-idp.ecu.edu.au/idp/shibboleth!-!20270e74-9633-406a-a612-1ec68ba6400a','Peter','AUSTIN','p.austin@ecu.edu.au','ecu.edu.au','staff','','',NULL,NULL,'false','true','2010-08-12 07:16:23'),(484,'https://dev-auth-idp.griffith.edu.au/idp/shibboleth!-!586fab48-f315-4dfe-8384-df04d0898c82','Ian','Smith','ian.smith@griffith.edu.au','griffith.edu.au','employee;member;staff','','',NULL,NULL,'false','true','2009-03-23 04:30:47'),(485,'https://dev-auth-idp.griffith.edu.au/idp/shibboleth!-!35fcddbb-0f72-4852-8dbb-8b9f61e22860','John','Scullen','j.scullen@griffith.edu.au','griffith.edu.au','employee;member;staff;student','','',NULL,NULL,'false','true','2009-03-23 06:28:16'),(516,'https://vho.test.aaf.edu.au/idp/shibboleth!-!5f0fd16f-a8d6-44aa-8e4e-bfa8724a37f9','Fred','Test','t.smith@qut.com','vho.test.aaf.edu.au','','','',NULL,NULL,'false','true','2009-05-26 08:02:05'),(650,'https://idp2.uq.edu.au/idp/shibboleth!-!q1RDfEC/WAUWrN013bFxKzhOVU0=','Christiaan Gerard','Kortekaas','c.kortekaas@uq.edu.au','uq.edu.au','staff','','',NULL,NULL,'false','true','2009-12-14 04:01:12'),(479,'https://dev-auth-idp.griffith.edu.au/idp/shibboleth!-!151bd65d-f3e8-4aba-ae85-40677338368f','Donald','Duck','d.duck14test@griffith.edu.au','griffith.edu.au','','','',NULL,NULL,'false','true','2009-03-19 23:26:58'),(486,'','Rodney McDuff','','mcduff@its.uq.edu.au','uq.edu.au','','','',NULL,NULL,'false','false','2009-03-24 04:06:14'),(505,'','Sam Morrison','','sam.morrison@arcs.org.au','arcs.org.au','','','',NULL,NULL,'false','false','2009-05-04 05:33:44'),(507,'https://aaf-idp.ecu.edu.au/idp/shibboleth!-!b4f283c3-eb55-4be1-9ada-0ed0f50c9e20','Andrew','SIDEBOTTOM','a.sidebottom@ecu.edu.au','ecu.edu.au','staff','','',NULL,NULL,'false','true','2009-05-09 13:01:33'),(644,'https://dev-auth-idp.griffith.edu.au/idp/shibboleth!-!Qb4XXvGcfIApu10gsS5nhNWBe6k=','David','Richardson','david.richardson@griffith.edu.au','griffith.edu.au','employee;member;staff','','',NULL,NULL,'false','true','2010-08-10 03:40:31'),(511,'https://unisa.edu.au/idp/shibboleth!-!24d651d2-88dc-42ab-a269-61d87544c66f','James','Kappamankal','james.kappamankal@unisa.edu.au','unisa.edu.au','member','','',NULL,NULL,'false','true','2009-05-08 07:29:20'),(512,'','Graham Jenkins','','graham@vpac.org','auth86.ac3.edu.au','','','',NULL,NULL,'false','false','2009-05-11 07:13:16'),(514,'','T Smith','','terry@somewhere.com','curry.qut.edu.au','','','',NULL,NULL,'false','false','2009-05-13 15:57:02'),(520,'https://unisa.edu.au/idp/shibboleth!-!cb65ad3e-ed69-4e32-a3b7-50697d933b62','Michael','Clarke','michael.clarke@unisa.edu.au','unisa.edu.au','member','','',NULL,NULL,'false','true','2009-06-01 05:51:13'),(521,'','Vladimir Mencl','','vladimir.mencl@canterbury.ac.nz','idp20test.canterbury.ac.nz','','','',NULL,NULL,'false','false','2009-06-10 05:07:38'),(522,'','Damien Chen','','damien.chen@arcs.org.au','ramp.org.au','','','',NULL,NULL,'false','false','2009-06-10 06:02:04'),(526,'https://aaf-test1-idp.its.utas.edu.au/idp/shibboleth!-!dfc40f1e-b6b5-4fc7-9693-03859fe134d6','Patrick','Carnuccio','patrick.carnuccio@utas.edu.au','utas.edu.au','','','',NULL,NULL,'false','true','2010-09-27 01:41:30'),(524,'BMZvZahz9u2Y1XdX-6XUFHYw4E0@urn:mace:federation.org.au:testfed:arcs.ramp.org.au','damien','chen','damien.chen@arcs.org.au','arcs.ramp.org.au','staff','','',NULL,NULL,'false','true','2009-06-19 01:26:49'),(527,'https://idp20test.canterbury.ac.nz/idp/shibboleth!-!V1RjYdbVi0lohI5KIrzHVo9JiQY=','Vladimir','Mencl','vladimir.mencl@canterbury.ac.nz','idp20test.canterbury.ac.nz','staff;member','','',NULL,NULL,'false','true','2010-08-11 04:13:42'),(528,'','Stuart Allen','','sallen@melcoe.mq.edu.au','melcoe','','','',NULL,NULL,'false','false','2009-08-03 02:36:47'),(529,'pWRZIqMwh6hJ29rSzJajU5D0/ZM=@uq.edu.au','staff','staff','staff@arcs.org.au','arcs.ramp.org.au','staff','','',NULL,NULL,'false','true','2009-08-06 22:51:55'),(530,'https://vho.test.aaf.edu.au/idp/shibboleth!-!97be5bd2-8ef0-4e3d-91f2-c1a792918ef0','Company','Bigpulse','ralph@bigpulse.com','vho.test.aaf.edu.au','','','',NULL,NULL,'false','true','2010-06-09 12:02:35'),(532,'','Damien Mannix','','damien.mannix@versi.edu.au','versi.edu.au','','','',NULL,NULL,'false','false','2009-08-19 05:14:06'),(569,'tC8DHXAXxc9Lyicw7RmiNgqSE4E@mams.melcoe.mq.edu','Stuart','Allen','sallen@melcoe.mq.edu.au','mams.melcoe.mq.edu.au','staff','','',NULL,NULL,'false','true','2010-05-24 06:12:20'),(536,'https://shib3.its.monash.edu.au/idp/shibboleth!-!eed8aa05-ef1d-4c20-bd06-5e1c0fe0c42d','Michael','Guenzel','michael.guenzel@its.monash.edu.au','monash.edu.au','staff','','',NULL,NULL,'false','true','2009-10-30 01:00:22'),(538,'https://shib3.its.monash.edu.au/idp/shibboleth!-!ee9330aa-f058-464c-8192-81572c4c6363','Lawrie','Hanson','lawrie.hanson@its.monash.edu.au','monash.edu.au','staff','','',NULL,NULL,'false','true','2009-11-03 03:36:28'),(540,'https://shib3.its.monash.edu.au/idp/shibboleth!-!b692cc79-e8b0-4a8a-8267-9e563ab06c83','Andrew','Duncan','andrew.duncan@its.monash.edu.au','monash.edu.au','staff','','',NULL,NULL,'false','true','2009-12-03 00:42:12'),(563,'https://idp-test.versi.edu.au/idp/shibboleth!-!6da2cf6a-4f93-457e-9aa5-d3318f568135','A.B.M.','Russel','abm.russel@versi.edu.au','versi.edu.au','','','',NULL,NULL,'false','true','2009-09-08 01:54:47'),(560,'https://shib3.its.monash.edu.au/idp/shibboleth!-!2f1ff556-d689-4533-ab59-ae37e82dfb63','Leon','Troeth','leon.troeth@its.monash.edu.au','monash.edu.au','staff','','',NULL,NULL,'false','true','2009-09-01 01:55:46'),(557,'https://idp-test.versi.edu.au/idp/shibboleth!-!e8dfcfea-2682-4535-82b5-8e84f6b38ba7','Damien','Mannix','damien.mannix@versi.edu.au','versi.edu.au','','','0439 849 883',NULL,NULL,'true','true','2010-09-15 23:37:25'),(551,'https://shib3.its.monash.edu.au/idp/shibboleth!-!2197aca5-4382-41d3-8806-0006c3d75520','Peter','Dixon','peter.dixon@its.monash.edu.au','monash.edu.au','staff','','',NULL,NULL,'false','true','2009-08-27 05:22:49'),(554,'https://coneflower.qut.edu.au/idp/shibboleth!-!4LKG2qqnHxQ1Uj3+8/RhFcesBfU=','Terry Smith','','trsau02@hotmail.com','coneflower.qut.edu.au','','','',NULL,NULL,'false','true','2009-09-03 03:46:04'),(572,'','Ross Dungavell','','Ross.Dungavell@csiro.au','aafidp-dev.csiro.au','','','',NULL,NULL,'false','false','2009-09-04 05:49:14'),(575,'https://vho.test.aaf.edu.au/idp/shibboleth!-!71201ded-80ef-44ac-8613-68b8af4925ee','Sam','Morrison','sam.morrison@arcs.org.au','vho.test.aaf.edu.au','','','',NULL,NULL,'false','true','2009-10-28 02:12:11'),(578,'5424d8f103b9ae7e528d0e7c8a5614548c88b2fd@uq.edu.au','Andrew Roy','Duncan','rduncan@uq.edu.au','uq.edu.au','staff','66847','66847',NULL,NULL,'false','true','2009-09-17 04:32:40'),(581,'https://idp2.uq.edu.au/idp/shibboleth!-!ikpyl3e/9Ebhh9FJ4jmtM46ZGvA=','Rodney Graeme','McDuff','r.mcduff@uq.edu.au','uq.edu.au','staff','','',NULL,NULL,'false','true','2010-09-20 01:32:49'),(584,'https://idp2.uq.edu.au/idp/shibboleth!-!We9LxVKzyavjoKXeoJ6nZxPab14=','Andrew Roy','Duncan','rduncan@uq.edu.au','uq.edu.au','staff','','',NULL,NULL,'false','true','2010-07-28 06:10:16'),(587,'CiJDAeRXTa2C2qBpdtKqhwsxFV8@mams.melcoe.mq.edu','Bruc','Liong','bliong@melcoe.mq.edu.au','mams.melcoe.mq.edu.au','staff','','0408008733',NULL,NULL,'true','true','2010-04-12 06:07:13'),(590,'','Robert Hazeltine','','r.hazeltine@uws.edu.au','uws.edu.au','','','',NULL,NULL,'false','false','2009-10-02 04:35:32'),(611,'','Anh Tran','','anh.tran@arcs.org.au','auth03.ac3.edu.au','','','',NULL,NULL,'false','false','2009-10-29 04:04:52'),(596,'6imuSK2KfxUhJjpzJHzbpO4KZyw@uws.edu.au','Robert','Hazeltine','r.hazeltine@uws.edu.au','uws.edu.au','','','',NULL,NULL,'false','true','2009-10-12 01:18:25'),(599,'https://idp-test.versi.edu.au/idp/shibboleth!-!0ee80366-51c0-4cdc-842f-dc13911be7ae','Cyrus','Keong','cyrus.keong@versi.edu.au','versi.edu.au','','','',NULL,NULL,'false','true','2010-06-15 05:56:42'),(602,'https://idpt1.curtin.edu.au/idp/shibboleth!-!ZCwhdd4M6tM/ZiFfFdFPTl4sVYU=','Alison','Lynton','a.lynton@curtin.edu.au','curtin.edu.au','staff','','',NULL,NULL,'false','true','2010-01-25 06:17:14'),(605,'https://idpt1.curtin.edu.au/idp/shibboleth!-!OYCRxl4azw0FgAydrCTNoWwOgSw=','Shane','Lynton','s.lynton@curtin.edu.au','curtin.edu.au','','','',NULL,NULL,'false','true','2009-10-26 00:51:46'),(608,'https://idpt1.curtin.edu.au/idp/shibboleth!-!X5YU7k5Ed8oMomBe+C9TA455Uvg=','Peter','Hicks','p.hicks@curtin.edu.au','curtin.edu.au','','','',NULL,NULL,'false','true','2009-10-26 05:01:33'),(614,'https://shib3.its.monash.edu.au/idp/shibboleth!-!f932f6f6-9dc5-4269-8bec-04cac4167adb','Yin-Pin','Yeong','yin-pin.yeong@its.monash.edu.au','monash.edu.au','staff','','',NULL,NULL,'false','true','2009-11-16 20:25:12'),(617,'','Carsten Voss','','isunix@rmit.edu.au','rmit.edu.au','','','',NULL,NULL,'false','false','2009-11-19 05:15:39'),(620,'ac89TpP4fxuMuMOgZDYp0-ww08s@rmit.edu.au','Brem','Chandru','e75776@ems.rmit.edu.au','rmit.edu.au','','','',NULL,NULL,'false','true','2010-06-09 06:12:35'),(629,'https://vho.test.aaf.edu.au/idp/shibboleth!-!bffdd542-2fb7-4df8-a526-cb04771acec6','Hubert','Casse','hcasse@trobexis.com','vho.test.aaf.edu.au','','','',NULL,NULL,'false','true','2009-11-25 22:33:39'),(626,'b460c19f84a89c439c47a56be34666606b8385a8@uq.edu.au','Rodney Graeme','McDuff','r.mcduff@uq.edu.au','uq.edu.au','staff','66898','66898',NULL,NULL,'false','true','2009-12-02 00:34:39'),(632,'urn:mace:federation.org.au:testfed:uq.edu.au!-!ikpyl3e/9Ebhh9FJ4jmtM46ZGvA=','Rodney Graeme','McDuff','r.mcduff@uq.edu.au','uq.edu.au','staff','','',NULL,NULL,'false','true','2009-12-02 00:34:28'),(671,'https://test-aaf-login.uts.edu.au/idp/shibboleth!-!wMi41Y+MVvKdlQb7/mVSIxCz6mU=','Stephen','Gowing','stephen.gowing@uts.edu.au','uts.edu.au','','','',NULL,NULL,'false','true','2010-06-22 06:48:00'),(668,'','Stephen Gowing','','Stephen.Gowing@uts.edu.au','uts.edu.au','','','',NULL,NULL,'false','true','2010-01-21 05:20:28'),(674,'https://idp.intersect.org.au/idp/shibboleth!-!xH73H88lAaV1a+UGc7pB/1ednpo=','','','sridhar.reddapani@intersect.org.au','intersect.org.au','staff','','',NULL,NULL,'false','true','2010-06-17 01:47:09'),(677,'org.opensaml.saml2.core.impl.NameIDImpl@73a83205','','','jason@dotsec.com','ckn.dotsec.com','','','',NULL,NULL,'false','true','2010-02-05 04:46:26'),(680,'org.opensaml.saml2.core.impl.NameIDImpl@d2ebdb3','','','jason@dotsec.com','ckn.dotsec.com','','','',NULL,NULL,'false','true','2010-02-05 04:57:33'),(683,'org.opensaml.saml2.core.impl.NameIDImpl@7d42f66f','','','jason@dotsec.com','ckn.dotsec.com','','','',NULL,NULL,'false','true','2010-02-05 05:04:05'),(686,'org.opensaml.saml2.core.impl.NameIDImpl@5fe1153a','','','jason@dotsec.com','ckn.dotsec.com','','','',NULL,NULL,'false','true','2010-02-05 05:11:02'),(689,'org.opensaml.saml2.core.impl.NameIDImpl@184a17d8','','','jason@dotsec.com','ckn.dotsec.com','','','',NULL,NULL,'false','true','2010-02-05 05:17:42'),(692,'org.opensaml.saml2.core.impl.NameIDImpl@46380f83','','','jason@dotsec.com','ckn.dotsec.com','','','',NULL,NULL,'false','true','2010-02-05 05:53:25'),(695,'org.opensaml.saml2.core.impl.NameIDImpl@47c45e77','','','jason@dotsec.com','ckn.dotsec.com','','','',NULL,NULL,'false','true','2010-02-08 23:08:01'),(698,'org.opensaml.saml2.core.impl.NameIDImpl@59fcadd3','','','jason@dotsec.com','ckn.dotsec.com','','','',NULL,NULL,'false','true','2010-02-08 23:12:53'),(701,'org.opensaml.saml2.core.impl.NameIDImpl@60f4ffd8','','','jason@dotsec.com','ckn.dotsec.com','','','',NULL,NULL,'false','true','2010-02-08 23:24:48'),(704,'https://idp.ckn.dotsec.com/idp/shibboleth!-!1f9274fb-25cb-41bb-a558-4770e9328ad4','','','jason@dotsec.com','ckn.dotsec.com','','','',NULL,NULL,'false','true','2010-02-24 03:09:52'),(707,'https://unisa.edu.au/idp-dev/shibboleth!-!ed3abe9b-68b4-47f8-b2bd-672788f7e3ee','Michael','Clarke','michael.clarke@unisa.edu.au','unisa.edu.au','','','',NULL,NULL,'false','true','2010-08-31 04:59:27'),(713,'org.opensaml.saml2.core.impl.NameIDImpl@7f6155','Robert','Rychen','','uwa.edu.au','','','',NULL,NULL,'false','true','2010-03-12 07:12:56'),(716,'org.opensaml.saml2.core.impl.NameIDImpl@200bde','Robert','Rychen','robert.rychen@uwa.edu.au','uwa.edu.au','','','',NULL,NULL,'false','true','2010-03-12 06:46:32'),(719,'org.opensaml.saml2.core.impl.NameIDImpl@14340bb','Mathew','Archibald','mathew.archibald@uwa.edu.au','uwa.edu.au','','','',NULL,NULL,'false','true','2010-03-12 07:10:39'),(722,'org.opensaml.saml2.core.impl.NameIDImpl@1f2ae62','Nicholas','Mayhew','nicholas.mayhew@uwa.edu.au','uwa.edu.au','','','',NULL,NULL,'false','true','2010-03-12 07:10:44'),(725,'org.opensaml.saml2.core.impl.NameIDImpl@9bb457','Daniel','Foster','daniel.foster@uwa.edu.au','uwa.edu.au','','','',NULL,NULL,'false','true','2010-03-12 07:15:49'),(728,'https://unisa.edu.au/idp-dev/shibboleth!-!ecb16aea-515c-4576-881d-aba9a97b1d56','David','Gameau','david.gameau@unisa.edu.au','unisa.edu.au','','','',NULL,NULL,'false','true','2010-09-03 01:07:14'),(734,'https://aafidp2x.aaf.edu.au/idp/shibboleth!-!lwUN/bgiHQiZCNo4k8G/prwczgU=','Terence','Smith','','aafidp2x.aaf.edu.au','','','',NULL,NULL,'false','true','2010-03-23 07:59:22'),(737,'https://aafidp-dev.csiro.au/idp/shibboleth!-!UMELGKH6UNGnP1WU07llTThm/jk=','Ross','Dungavell','ross.dungavell@csiro.au','csiro.au','','61  7 3327 4170','61  7 3327 4170',NULL,NULL,'false','true','2010-09-20 23:47:05'),(740,'https://vho.test.aaf.edu.au/idp/shibboleth!-!4eaa7fe4-d9da-42a1-ae41-149325ec9298','Nadeem','Shabir','nadeem.shabir@talis.com','vho.test.aaf.edu.au','','','',NULL,NULL,'false','true','2010-07-20 07:54:13'),(743,'https://aaf-idp.ecu.edu.au/idp/shibboleth!-!ABDD7u6z1mBw5Vlt8uGy0xH5nig=','Spencer','FIRTH','s.firth@ecu.edu.au','ecu.edu.au','staff','','',NULL,NULL,'false','true','2010-05-12 08:06:13'),(746,'','Luke Bellamy','','lbellamy@deakin.edu.au','deakin.edu.au','','','',NULL,NULL,'false','false','2010-03-30 05:15:05'),(749,'https://vho.test.aaf.edu.au/idp/shibboleth!-!ce6dae5b-6835-410e-b6b8-e6bc51f5f9d2','Jefferson','Tan','jefferson.tan@infotech.monash.edu.au','vho.test.aaf.edu.au','','','',NULL,NULL,'false','true','2010-08-31 07:30:39'),(752,'https://idp-dev.deakin.edu.au/idp/shibboleth!-!2ZtkyTHCc1mQdvnDXXgnlp7R/1g=','Luke','Bellamy','lbellamy@deakin.edu.au','deakin.edu.au','','','',NULL,NULL,'false','true','2010-08-02 03:35:01'),(755,'org.opensaml.saml2.core.impl.NameIDImpl@57f389','Adam','Brown','robert.rychen@uwa.edu.au','uwa.edu.au','','','',NULL,NULL,'false','true','2010-04-13 03:44:58'),(758,'org.opensaml.saml2.core.impl.NameIDImpl@10f3a9c','Adam','Brown','adam.brown@uwa.edu.au','uwa.edu.au','','','',NULL,NULL,'false','true','2010-04-14 03:54:35'),(761,'org.opensaml.saml2.core.impl.NameIDImpl@ec849e','Adam','Brown','adam.brown@uwa.edu.au','uwa.edu.au','','','',NULL,NULL,'false','true','2010-04-14 05:11:39'),(764,'org.opensaml.saml2.core.impl.NameIDImpl@1d91382','Adam','Brown','adam.brown@uwa.edu.au','uwa.edu.au','','','',NULL,NULL,'false','true','2010-04-14 05:15:13'),(767,'org.opensaml.saml2.core.impl.NameIDImpl@1c7956b','Adam','Brown','adam.brown@uwa.edu.au','uwa.edu.au','','','',NULL,NULL,'false','true','2010-04-14 05:19:25'),(770,'https://idp2.uq.edu.au/idp/shibboleth!-!cPb9tivhk7dswAbkxAjel+NXbsc=','Gavin','Kennedy','g.kennedy1@uq.edu.au','uq.edu.au','staff','','',NULL,NULL,'false','true','2010-04-15 11:51:11'),(773,'https://idp-test.versi.edu.au/idp/shibboleth!-!3f658920-77b6-4afc-a634-a6bad8b011db','Adrian','Richardson','adrian.richardson@rmit.edu.au','versi.edu.au','','','',NULL,NULL,'false','true','2010-07-28 00:04:42'),(776,'https://idp-test.versi.edu.au/idp/shibboleth!-!b25a3588-23b7-4e30-8754-506de6b6896b','David','Simonsen','david@wayf.dk','versi.edu.au','','','',NULL,NULL,'false','true','2010-04-28 07:52:15'),(782,'871485eae90cd014954d182cb19248e295901c64@starflower.qut.edu.au','Terence','Smith','t.smith@qut.edu.au','starflower.qut.edu.au','','','',NULL,NULL,'false','true','2010-05-16 14:23:13'),(785,'https://idp-test.versi.edu.au/idp/shibboleth!-!f077a160-8c29-434a-94cb-1aa8fd8b3e39','Tom','Fifield','fifieldt@unimelb.edu.au','versi.edu.au','','','',NULL,NULL,'false','true','2010-06-11 00:25:06'),(788,'https://vho.test.aaf.edu.au/idp/shibboleth!-!8fde68a6-0897-4b59-a4da-ab4d46579228','Bradley','Beddoes','bradleybeddoes@aaf.edu.au','vho.test.aaf.edu.au','','','',NULL,NULL,'false','true','2010-09-29 04:50:27'),(791,'https://vho.test.aaf.edu.au/idp/shibboleth!-!3708f4f3-a234-4b51-aa3b-5ba9463589a0','Greg','Markey','gmarkey@netspot.com.au','vho.test.aaf.edu.au','','','',NULL,NULL,'false','true','2010-07-20 00:04:06'),(794,'https://unisa.edu.au/idp-dev/shibboleth!-!964eb1b6-ea1d-4086-90f5-9e861c4983e0','Philip','Marriott','philip.marriott@unisa.edu.au','unisa.edu.au','','','',NULL,NULL,'false','true','2010-06-03 06:09:39'),(797,'','Tim Bowen','','tim.bowen@adelaide.edu.au','adelaide.edu.au','','','',NULL,NULL,'false','false','2010-05-26 03:44:41'),(800,'https://vho.test.aaf.edu.au/idp/shibboleth!-!e28f9364-06a5-4a71-aaf2-14e4f621a435','Tim','Lock','tim.lock@netspot.com.au','vho.test.aaf.edu.au','','','',NULL,NULL,'false','true','2010-07-09 06:00:22'),(803,'https://vho.test.aaf.edu.au/idp/shibboleth!-!fce0d846-fbcc-4130-8788-b3d0cf70c8cd','Damien','Mannix','damienmannix@gmail.com','vho.test.aaf.edu.au','','','',NULL,NULL,'false','true','2010-06-03 04:24:34'),(830,'https://vho.test.aaf.edu.au/idp/shibboleth!-!95485fe6-623e-4e9f-8534-2c20403970aa','John','Kelsh','john.kelsh@netspot.com.au','vho.test.aaf.edu.au','','','',NULL,NULL,'false','true','2010-07-28 01:46:57'),(812,'https://vho.test.aaf.edu.au/idp/shibboleth!-!ea0b977f-3fcd-456d-a3ad-a5167467ab5a','Marks','Heath','heath.marks@aaf.edu.au','vho.test.aaf.edu.au','','','',NULL,NULL,'false','true','2010-09-29 02:24:24'),(815,'https://idmdev.app.unimelb.edu.au/sso/aaf!-!s24f4904b3292a0772248692e04a50896fd2099612','','','markdr@unimelb.edu.au','unimelb.edu.au','staff','','',NULL,NULL,'false','true','2010-08-25 05:56:20'),(818,'https://aaf-test1-idp.its.utas.edu.au/idp/shibboleth!-!SErmqhFBNtoNIzdRoSwoHezJ440=','Andrew','Sylvester','andrew.sylvester@utas.edu.au','utas.edu.au','','','',NULL,NULL,'false','true','2010-07-09 03:20:00'),(821,'https://aaf-test1-idp.its.utas.edu.au/idp/shibboleth!-!XGWDwtOrwy2oZMDiOetU7S0b4S0=','Yingjie','Zhao','yingjiez@postoffice.utas.edu.au','utas.edu.au','','','',NULL,NULL,'false','true','2010-07-09 05:35:27'),(824,'https://vho.test.aaf.edu.au/idp/shibboleth!-!d047ec12-3103-45d1-8ea6-db624c775acd','Bradley','Adam','i-adamb@microsoft.com','vho.test.aaf.edu.au','','','',NULL,NULL,'false','true','2010-07-15 12:16:18'),(827,'','Jason Wan','','Jason.Wan@smartservice.qld.gov.au','smartservice.qld.gov.au','','','',NULL,NULL,'false','false','2010-07-21 01:42:30'),(833,'','Damien Mannix','','damien.mannix@versi.edu.au','versi.edu.au','','','',NULL,NULL,'false','false','2010-07-28 08:40:41'),(836,'','Terry Smith','','t.smith@qut.edu.au','newvho.test.aaf.edu.au','','','',NULL,NULL,'false','false','2010-07-30 14:30:36'),(869,'https://auth02.ac3.edu.au/idp/shibboleth!-!1GBzqZZzoUJQiUbqEu93SSEgl9s=','staff','staff','staff@aaf.org.au','auth02','staff','','',NULL,NULL,'false','true','2010-09-29 01:53:55'),(842,'https://vho.test.aaf.edu.au/idp/shibboleth!-!56c286a8-307a-417b-8b60-9cd8a5d507ef','Denny','Denny','denny.denny@anu.edu.au','vho.test.aaf.edu.au','','','',NULL,NULL,'false','true','2010-08-17 05:05:34'),(845,'','Benji Wakely','','unix-admins@latrobe.edu.au','latrobe.edu.au','','','',NULL,NULL,'false','false','2010-08-09 03:08:48'),(851,'','Stuart Allen','','stuart@intersect.org.au','auth02.ac3.edu.au','','','',NULL,NULL,'false','false','2010-09-06 03:41:35'),(854,'https://vho.test.aaf.edu.au/idp/shibboleth!-!e4eeceb5-be4e-42bb-8c5e-369f5a5e4289','Joel','Ludbey-Bruhwel','joel.ludbey-bruhwel@csiro.au','vho.test.aaf.edu.au','','','',NULL,NULL,'false','true','2010-09-15 02:43:42'),(857,'','Dave McDonnell','','dmcdonnell@csu.edu.au','csu.edu.au','','','',NULL,NULL,'false','false','2010-09-15 23:36:14'),(860,'https://newvho.test.aaf.edu.au/idp/shibboleth!-!1w4cS6s55jOPlFLUscXPsCckfNo=','Stuart','Allen','s.allen@aaf.edu.au','vho.test.aaf.edu.au','','','',NULL,NULL,'false','true','2010-09-23 03:33:57'),(863,'','Matthew Mengel','','Matthew.Mengel@usq.edu.au','usq.edu.au','','','',NULL,NULL,'false','false','2010-09-27 06:15:24'),(866,'https://idp1-aaftest.usq.edu.au/idp/shibboleth!-!BEXpCvlr8p3gYq0Ub5AFTL9dEx0=','','','Matthew.Mengel@usq.edu.au','usq.edu.au','','','',NULL,NULL,'false','true','2010-09-29 01:05:03'),(872,'https://vho.test.aaf.edu.au/idp/shibboleth!-!1w4cS6s55jOPlFLUscXPsCckfNo=','Stuart','Allen','s.allen@aaf.edu.au','vho.test.aaf.edu.au','staff','','',NULL,NULL,'false','true','2010-09-29 04:49:49'),(875,'https://au-idp-dev.adelaide.edu.au/shibboleth-idp!-!LqVSeCl3GiK+NbCGt06KBxwYKwk=','Timothy','Bowen','tim.bowen@adelaide.edu.au','adelaide.edu.au','','','',NULL,NULL,'false','true','2010-09-29 06:07:14');
/*!40000 ALTER TABLE `users` ENABLE KEYS */;
UNLOCK TABLES;
/*!40103 SET TIME_ZONE=@OLD_TIME_ZONE */;

/*!40101 SET SQL_MODE=@OLD_SQL_MODE */;
/*!40014 SET FOREIGN_KEY_CHECKS=@OLD_FOREIGN_KEY_CHECKS */;
/*!40014 SET UNIQUE_CHECKS=@OLD_UNIQUE_CHECKS */;
/*!40101 SET CHARACTER_SET_CLIENT=@OLD_CHARACTER_SET_CLIENT */;
/*!40101 SET CHARACTER_SET_RESULTS=@OLD_CHARACTER_SET_RESULTS */;
/*!40101 SET COLLATION_CONNECTION=@OLD_COLLATION_CONNECTION */;
/*!40111 SET SQL_NOTES=@OLD_SQL_NOTES */;

-- Dump completed on 2010-10-04  9:58:25
